# Blender 5.1.1
# www.blender.org
mtllib Shild.mtl
o トーラス
v -0.012389 -0.388878 0.625360
v -0.012389 -0.375313 0.630932
v -0.012389 -0.338253 0.659756
v -0.012389 -0.287628 0.670307
v -0.012389 -0.237003 0.659756
v -0.012389 -0.199943 0.630932
v -0.012389 -0.186378 0.625360
v -0.012389 -0.199943 0.585985
v -0.012389 -0.237003 0.557160
v -0.012389 -0.287628 0.546610
v -0.012389 -0.338253 0.557160
v -0.012389 -0.375313 0.585985
v -0.078468 -0.384547 0.625360
v -0.076698 -0.371098 0.630932
v -0.071860 -0.334355 0.659756
v -0.065252 -0.284163 0.670307
v -0.058644 -0.233971 0.659756
v -0.053807 -0.197228 0.630932
v -0.052037 -0.183779 0.625360
v -0.053807 -0.197228 0.585985
v -0.058644 -0.233971 0.557160
v -0.065252 -0.284163 0.546610
v -0.071860 -0.334355 0.557160
v -0.076698 -0.371098 0.585985
v -0.143416 -0.371628 0.625360
v -0.139906 -0.358525 0.630932
v -0.130314 -0.322728 0.659756
v -0.117211 -0.273828 0.670307
v -0.104108 -0.224928 0.659756
v -0.094516 -0.189130 0.630932
v -0.091006 -0.176028 0.625360
v -0.094516 -0.189130 0.585985
v -0.104108 -0.224928 0.557160
v -0.117211 -0.273828 0.546610
v -0.130314 -0.322728 0.557160
v -0.139906 -0.358525 0.585985
v -0.206123 -0.350342 0.625360
v -0.200932 -0.337809 0.630932
v -0.186749 -0.303570 0.659756
v -0.167376 -0.256799 0.670307
v -0.148003 -0.210027 0.659756
v -0.133820 -0.175788 0.630932
v -0.128629 -0.163256 0.625360
v -0.133820 -0.175788 0.585985
v -0.148003 -0.210027 0.557160
v -0.167376 -0.256799 0.546610
v -0.186749 -0.303570 0.557160
v -0.200932 -0.337809 0.585985
v -0.265514 -0.321053 0.625360
v -0.258732 -0.309305 0.630932
v -0.240202 -0.277210 0.659756
v -0.214889 -0.233368 0.670307
v -0.189577 -0.189525 0.659756
v -0.171047 -0.157430 0.630932
v -0.164264 -0.145683 0.625360
v -0.171047 -0.157430 0.585985
v -0.189577 -0.189525 0.557160
v -0.214889 -0.233368 0.546610
v -0.240202 -0.277210 0.557160
v -0.258732 -0.309305 0.585985
v -0.320575 -0.284263 0.625360
v -0.312317 -0.273501 0.630932
v -0.289756 -0.244099 0.659756
v -0.258938 -0.203936 0.670307
v -0.228119 -0.163772 0.659756
v -0.205558 -0.134371 0.630932
v -0.197301 -0.123609 0.625360
v -0.205558 -0.134371 0.585985
v -0.228119 -0.163772 0.557160
v -0.258938 -0.203936 0.546610
v -0.289756 -0.244099 0.557160
v -0.312317 -0.273501 0.585985
v -0.370362 -0.240600 0.625360
v -0.360770 -0.231009 0.630932
v -0.334565 -0.204803 0.659756
v -0.298768 -0.169006 0.670307
v -0.262970 -0.133209 0.659756
v -0.236765 -0.107003 0.630932
v -0.227173 -0.097411 0.625360
v -0.236765 -0.107003 0.585985
v -0.262970 -0.133209 0.557160
v -0.298768 -0.169006 0.546610
v -0.334565 -0.204803 0.557160
v -0.360770 -0.231009 0.585985
v -0.414024 -0.190813 0.625360
v -0.403263 -0.182555 0.630932
v -0.373861 -0.159995 0.659756
v -0.333697 -0.129176 0.670307
v -0.293534 -0.098357 0.659756
v -0.264132 -0.075797 0.630932
v -0.253370 -0.067539 0.625360
v -0.264132 -0.075797 0.585985
v -0.293534 -0.098357 0.557160
v -0.333697 -0.129176 0.546610
v -0.373861 -0.159995 0.557160
v -0.403263 -0.182555 0.585985
v -0.450815 -0.135753 0.625360
v -0.439067 -0.128970 0.630932
v -0.406972 -0.110440 0.659756
v -0.363130 -0.085128 0.670307
v -0.319287 -0.059815 0.659756
v -0.287192 -0.041285 0.630932
v -0.275445 -0.034503 0.625360
v -0.287192 -0.041285 0.585985
v -0.319287 -0.059815 0.557160
v -0.363130 -0.085128 0.546610
v -0.406972 -0.110440 0.557160
v -0.439067 -0.128970 0.585985
v -0.480103 -0.076361 0.625360
v -0.467571 -0.071170 0.630932
v -0.433332 -0.056988 0.659756
v -0.386560 -0.037615 0.670307
v -0.339789 -0.018241 0.659756
v -0.305550 -0.004059 0.630932
v -0.293018 0.001132 0.625360
v -0.305550 -0.004059 0.585985
v -0.339789 -0.018241 0.557160
v -0.386560 -0.037615 0.546610
v -0.433332 -0.056988 0.557160
v -0.467571 -0.071170 0.585985
v -0.501389 -0.013655 0.625360
v -0.488286 -0.010144 0.630932
v -0.452489 -0.000552 0.659756
v -0.403589 0.012551 0.670307
v -0.354689 0.025653 0.659756
v -0.318892 0.035245 0.630932
v -0.305789 0.038756 0.625360
v -0.318892 0.035245 0.585985
v -0.354689 0.025653 0.557160
v -0.403589 0.012551 0.546610
v -0.452489 -0.000552 0.557160
v -0.488286 -0.010144 0.585985
v -0.514308 0.051294 0.625360
v -0.500859 0.053064 0.630932
v -0.464116 0.057901 0.659756
v -0.413924 0.064509 0.670307
v -0.363733 0.071117 0.659756
v -0.326990 0.075955 0.630932
v -0.313541 0.077725 0.625360
v -0.326990 0.075955 0.585985
v -0.363733 0.071117 0.557160
v -0.413924 0.064509 0.546610
v -0.464116 0.057901 0.557160
v -0.500859 0.053064 0.585985
v -0.518639 0.117372 0.625360
v -0.505074 0.117372 0.630932
v -0.468014 0.117372 0.659756
v -0.417389 0.117372 0.670307
v -0.366764 0.117372 0.659756
v -0.329704 0.117372 0.630932
v -0.316139 0.117372 0.625360
v -0.329704 0.117372 0.585985
v -0.366764 0.117372 0.557160
v -0.417389 0.117372 0.546610
v -0.468014 0.117372 0.557160
v -0.505074 0.117372 0.585985
v -0.514308 0.183451 0.625360
v -0.500859 0.181681 0.630932
v -0.464116 0.176843 0.659756
v -0.413924 0.170236 0.670307
v -0.363733 0.163628 0.659756
v -0.326990 0.158790 0.630932
v -0.313541 0.157020 0.625360
v -0.326990 0.158790 0.585985
v -0.363733 0.163628 0.557160
v -0.413924 0.170236 0.546610
v -0.464116 0.176843 0.557160
v -0.500859 0.181681 0.585985
v -0.501389 0.248399 0.625360
v -0.488287 0.244889 0.630932
v -0.452489 0.235297 0.659756
v -0.403589 0.222194 0.670307
v -0.354689 0.209091 0.659756
v -0.318892 0.199499 0.630932
v -0.305789 0.195989 0.625360
v -0.318892 0.199499 0.585985
v -0.354689 0.209091 0.557160
v -0.403589 0.222194 0.546610
v -0.452489 0.235297 0.557160
v -0.488287 0.244889 0.585985
v -0.480103 0.311106 0.625360
v -0.467571 0.305915 0.630932
v -0.433332 0.291733 0.659756
v -0.386560 0.272359 0.670307
v -0.339789 0.252986 0.659756
v -0.305550 0.238804 0.630932
v -0.293018 0.233612 0.625360
v -0.305550 0.238804 0.585985
v -0.339789 0.252986 0.557160
v -0.386560 0.272359 0.546610
v -0.433332 0.291733 0.557160
v -0.467571 0.305915 0.585985
v -0.450815 0.370497 0.625360
v -0.439067 0.363715 0.630932
v -0.406972 0.345185 0.659756
v -0.363130 0.319872 0.670307
v -0.319287 0.294560 0.659756
v -0.287192 0.276030 0.630932
v -0.275445 0.269247 0.625360
v -0.287192 0.276030 0.585985
v -0.319287 0.294560 0.557160
v -0.363130 0.319872 0.546610
v -0.406972 0.345185 0.557160
v -0.439067 0.363715 0.585985
v -0.414024 0.425558 0.625360
v -0.403263 0.417300 0.630932
v -0.373861 0.394739 0.659756
v -0.333697 0.363921 0.670307
v -0.293534 0.333102 0.659756
v -0.264132 0.310541 0.630932
v -0.253370 0.302284 0.625360
v -0.264132 0.310541 0.585985
v -0.293534 0.333102 0.557160
v -0.333697 0.363921 0.546610
v -0.373861 0.394739 0.557160
v -0.403263 0.417300 0.585985
v -0.370362 0.475345 0.625360
v -0.360770 0.465753 0.630932
v -0.334565 0.439548 0.659756
v -0.298767 0.403751 0.670307
v -0.262970 0.367953 0.659756
v -0.236765 0.341748 0.630932
v -0.227173 0.332156 0.625360
v -0.236765 0.341748 0.585985
v -0.262970 0.367953 0.557160
v -0.298767 0.403751 0.546610
v -0.334565 0.439548 0.557160
v -0.360770 0.465753 0.585985
v -0.320575 0.519007 0.625360
v -0.312317 0.508246 0.630932
v -0.289756 0.478844 0.659756
v -0.258938 0.438680 0.670307
v -0.228119 0.398517 0.659756
v -0.205558 0.369115 0.630932
v -0.197301 0.358353 0.625360
v -0.205558 0.369115 0.585985
v -0.228119 0.398517 0.557160
v -0.258938 0.438680 0.546610
v -0.289756 0.478844 0.557160
v -0.312317 0.508246 0.585985
v -0.265514 0.555798 0.625360
v -0.258732 0.544050 0.630932
v -0.240202 0.511955 0.659756
v -0.214889 0.468113 0.670307
v -0.189577 0.424270 0.659756
v -0.171047 0.392175 0.630932
v -0.164264 0.380428 0.625360
v -0.171047 0.392175 0.585985
v -0.189577 0.424270 0.557160
v -0.214889 0.468113 0.546610
v -0.240202 0.511955 0.557160
v -0.258732 0.544050 0.585985
v -0.206123 0.585086 0.625360
v -0.200932 0.572554 0.630932
v -0.186749 0.538315 0.659756
v -0.167376 0.491544 0.670307
v -0.148003 0.444772 0.659756
v -0.133820 0.410533 0.630932
v -0.128629 0.398001 0.625360
v -0.133820 0.410533 0.585985
v -0.148003 0.444772 0.557160
v -0.167376 0.491544 0.546610
v -0.186749 0.538315 0.557160
v -0.200932 0.572554 0.585985
v -0.143416 0.606372 0.625360
v -0.139906 0.593270 0.630932
v -0.130314 0.557472 0.659756
v -0.117211 0.508572 0.670307
v -0.104108 0.459672 0.659756
v -0.094516 0.423875 0.630932
v -0.091006 0.410772 0.625360
v -0.094516 0.423875 0.585985
v -0.104108 0.459672 0.557160
v -0.117211 0.508572 0.546610
v -0.130314 0.557472 0.557160
v -0.139906 0.593270 0.585985
v -0.078468 0.619291 0.625360
v -0.076698 0.605842 0.630932
v -0.071860 0.569099 0.659756
v -0.065252 0.518907 0.670307
v -0.058645 0.468716 0.659756
v -0.053807 0.431973 0.630932
v -0.052037 0.418524 0.625360
v -0.053807 0.431973 0.585985
v -0.058645 0.468716 0.557160
v -0.065252 0.518907 0.546610
v -0.071860 0.569099 0.557160
v -0.076698 0.605842 0.585985
v -0.012389 0.623622 0.625360
v -0.012389 0.610057 0.630932
v -0.012389 0.572997 0.659756
v -0.012389 0.522372 0.670307
v -0.012389 0.471747 0.659756
v -0.012389 0.434687 0.630932
v -0.012389 0.421122 0.625360
v -0.012389 0.434687 0.585985
v -0.012389 0.471747 0.557160
v -0.012389 0.522372 0.546610
v -0.012389 0.572997 0.557160
v -0.012389 0.610057 0.585985
v 0.053690 0.619291 0.625360
v 0.051919 0.605842 0.630932
v 0.047082 0.569099 0.659756
v 0.040474 0.518907 0.670307
v 0.033866 0.468716 0.659756
v 0.029029 0.431973 0.630932
v 0.027258 0.418524 0.625360
v 0.029029 0.431973 0.585985
v 0.033866 0.468716 0.557160
v 0.040474 0.518907 0.546610
v 0.047082 0.569099 0.557160
v 0.051919 0.605842 0.585985
v 0.118638 0.606372 0.625360
v 0.115127 0.593270 0.630932
v 0.105535 0.557472 0.659756
v 0.092432 0.508572 0.670307
v 0.079330 0.459672 0.659756
v 0.069738 0.423875 0.630932
v 0.066227 0.410772 0.625360
v 0.069738 0.423875 0.585985
v 0.079330 0.459672 0.557160
v 0.092432 0.508572 0.546610
v 0.105535 0.557472 0.557160
v 0.115127 0.593270 0.585985
v 0.181344 0.585086 0.625360
v 0.176153 0.572554 0.630932
v 0.161971 0.538315 0.659756
v 0.142597 0.491544 0.670307
v 0.123224 0.444772 0.659756
v 0.109042 0.410533 0.630932
v 0.103851 0.398001 0.625360
v 0.109042 0.410533 0.585985
v 0.123224 0.444772 0.557160
v 0.142597 0.491544 0.546610
v 0.161971 0.538315 0.557160
v 0.176153 0.572554 0.585985
v 0.240736 0.555798 0.625360
v 0.233953 0.544050 0.630932
v 0.215423 0.511955 0.659756
v 0.190111 0.468113 0.670307
v 0.164798 0.424270 0.659756
v 0.146268 0.392175 0.630932
v 0.139486 0.380428 0.625360
v 0.146268 0.392175 0.585985
v 0.164798 0.424270 0.557160
v 0.190111 0.468113 0.546610
v 0.215423 0.511955 0.557160
v 0.233953 0.544050 0.585985
v 0.295796 0.519007 0.625360
v 0.287538 0.508246 0.630932
v 0.264978 0.478844 0.659756
v 0.234159 0.438680 0.670307
v 0.203341 0.398517 0.659756
v 0.180780 0.369115 0.630932
v 0.172522 0.358353 0.625360
v 0.180780 0.369115 0.585985
v 0.203341 0.398517 0.557160
v 0.234159 0.438680 0.546610
v 0.264978 0.478844 0.557160
v 0.287538 0.508246 0.585985
v 0.345583 0.475345 0.625360
v 0.335992 0.465753 0.630932
v 0.309786 0.439548 0.659756
v 0.273989 0.403751 0.670307
v 0.238192 0.367953 0.659756
v 0.211986 0.341748 0.630932
v 0.202394 0.332156 0.625360
v 0.211986 0.341748 0.585985
v 0.238192 0.367953 0.557160
v 0.273989 0.403751 0.546610
v 0.309786 0.439548 0.557160
v 0.335992 0.465753 0.585985
v 0.389246 0.425558 0.625360
v 0.378484 0.417300 0.630932
v 0.349082 0.394739 0.659756
v 0.308919 0.363921 0.670307
v 0.268755 0.333102 0.659756
v 0.239353 0.310542 0.630932
v 0.228592 0.302284 0.625360
v 0.239353 0.310542 0.585985
v 0.268755 0.333102 0.557160
v 0.308919 0.363921 0.546610
v 0.349082 0.394739 0.557160
v 0.378484 0.417300 0.585985
v 0.426036 0.370497 0.625360
v 0.414289 0.363715 0.630931
v 0.382194 0.345185 0.659756
v 0.338351 0.319872 0.670307
v 0.294508 0.294560 0.659756
v 0.262414 0.276030 0.630932
v 0.250666 0.269247 0.625360
v 0.262414 0.276030 0.585985
v 0.294508 0.294560 0.557160
v 0.338351 0.319872 0.546610
v 0.382194 0.345185 0.557160
v 0.414289 0.363715 0.585985
v 0.455325 0.311106 0.625360
v 0.442792 0.305915 0.630931
v 0.408553 0.291733 0.659756
v 0.361782 0.272359 0.670307
v 0.315010 0.252986 0.659756
v 0.280771 0.238804 0.630932
v 0.268239 0.233612 0.625360
v 0.280771 0.238804 0.585985
v 0.315010 0.252986 0.557160
v 0.361782 0.272359 0.546610
v 0.408553 0.291733 0.557160
v 0.442792 0.305915 0.585985
v 0.476611 0.248400 0.625360
v 0.463508 0.244889 0.630931
v 0.427711 0.235297 0.659756
v 0.378811 0.222194 0.670307
v 0.329911 0.209091 0.659756
v 0.294113 0.199500 0.630932
v 0.281011 0.195989 0.625360
v 0.294113 0.199500 0.585985
v 0.329911 0.209091 0.557160
v 0.378811 0.222194 0.546610
v 0.427711 0.235297 0.557160
v 0.463508 0.244889 0.585985
v 0.489530 0.183452 0.625360
v 0.476081 0.181681 0.630931
v 0.439338 0.176844 0.659756
v 0.389146 0.170236 0.670307
v 0.338954 0.163628 0.659756
v 0.302211 0.158790 0.630932
v 0.288762 0.157020 0.625360
v 0.302211 0.158790 0.585985
v 0.338954 0.163628 0.557160
v 0.389146 0.170236 0.546610
v 0.439338 0.176844 0.557160
v 0.476081 0.181681 0.585985
v 0.493861 0.117372 0.625360
v 0.480296 0.117372 0.630931
v 0.443236 0.117372 0.659756
v 0.392611 0.117372 0.670307
v 0.341986 0.117372 0.659756
v 0.304926 0.117372 0.630932
v 0.291361 0.117372 0.625360
v 0.304926 0.117372 0.585985
v 0.341986 0.117372 0.557160
v 0.392611 0.117372 0.546610
v 0.443236 0.117372 0.557160
v 0.480296 0.117372 0.585985
v 0.489530 0.051294 0.625360
v 0.476081 0.053064 0.630931
v 0.439338 0.057901 0.659756
v 0.389146 0.064509 0.670307
v 0.338954 0.071117 0.659756
v 0.302211 0.075955 0.630932
v 0.288762 0.077725 0.625360
v 0.302211 0.075955 0.585985
v 0.338954 0.071117 0.557160
v 0.389146 0.064509 0.546610
v 0.439338 0.057901 0.557160
v 0.476081 0.053064 0.585985
v 0.476611 -0.013655 0.625360
v 0.463508 -0.010144 0.630931
v 0.427711 -0.000552 0.659756
v 0.378811 0.012551 0.670307
v 0.329911 0.025654 0.659756
v 0.294113 0.035245 0.630932
v 0.281011 0.038756 0.625360
v 0.294113 0.035245 0.585985
v 0.329911 0.025654 0.557160
v 0.378811 0.012551 0.546610
v 0.427711 -0.000552 0.557160
v 0.463508 -0.010144 0.585985
v 0.455325 -0.076361 0.625360
v 0.442792 -0.071170 0.630931
v 0.408553 -0.056988 0.659756
v 0.361782 -0.037614 0.670307
v 0.315010 -0.018241 0.659756
v 0.280771 -0.004059 0.630932
v 0.268239 0.001132 0.625360
v 0.280771 -0.004059 0.585985
v 0.315010 -0.018241 0.557160
v 0.361782 -0.037614 0.546610
v 0.408553 -0.056988 0.557160
v 0.442792 -0.071170 0.585985
v 0.426036 -0.135753 0.625360
v 0.414288 -0.128970 0.630931
v 0.382194 -0.110440 0.659756
v 0.338351 -0.085128 0.670307
v 0.294508 -0.059815 0.659756
v 0.262414 -0.041285 0.630932
v 0.250666 -0.034503 0.625360
v 0.262414 -0.041285 0.585985
v 0.294508 -0.059815 0.557160
v 0.338351 -0.085128 0.546610
v 0.382194 -0.110440 0.557160
v 0.414288 -0.128970 0.585985
v 0.389246 -0.190813 0.625360
v 0.378484 -0.182555 0.630932
v 0.349082 -0.159994 0.659756
v 0.308919 -0.129176 0.670307
v 0.268755 -0.098357 0.659756
v 0.239354 -0.075797 0.630932
v 0.228592 -0.067539 0.625360
v 0.239354 -0.075797 0.585985
v 0.268755 -0.098357 0.557160
v 0.308919 -0.129176 0.546610
v 0.349082 -0.159994 0.557160
v 0.378484 -0.182555 0.585985
v 0.345584 -0.240600 0.625360
v 0.335992 -0.231008 0.630932
v 0.309786 -0.204803 0.659756
v 0.273989 -0.169006 0.670307
v 0.238192 -0.133208 0.659756
v 0.211986 -0.107003 0.630932
v 0.202395 -0.097411 0.625360
v 0.211986 -0.107003 0.585985
v 0.238192 -0.133208 0.557160
v 0.273989 -0.169006 0.546610
v 0.309786 -0.204803 0.557160
v 0.335992 -0.231008 0.585985
v 0.295796 -0.284263 0.625360
v 0.287538 -0.273501 0.630932
v 0.264978 -0.244099 0.659756
v 0.234159 -0.203936 0.670307
v 0.203341 -0.163772 0.659756
v 0.180780 -0.134371 0.630932
v 0.172522 -0.123609 0.625360
v 0.180780 -0.134371 0.585985
v 0.203341 -0.163772 0.557160
v 0.234159 -0.203936 0.546610
v 0.264978 -0.244099 0.557160
v 0.287538 -0.273501 0.585985
v 0.240736 -0.321053 0.625360
v 0.233953 -0.309305 0.630932
v 0.215423 -0.277210 0.659756
v 0.190111 -0.233368 0.670307
v 0.164798 -0.189525 0.659756
v 0.146268 -0.157430 0.630932
v 0.139486 -0.145683 0.625360
v 0.146268 -0.157430 0.585985
v 0.164798 -0.189525 0.557160
v 0.190111 -0.233368 0.546610
v 0.215423 -0.277210 0.557160
v 0.233953 -0.309305 0.585985
v 0.181344 -0.350342 0.625360
v 0.176153 -0.337809 0.630932
v 0.161971 -0.303570 0.659756
v 0.142598 -0.256799 0.670307
v 0.123224 -0.210027 0.659756
v 0.109042 -0.175788 0.630932
v 0.103851 -0.163256 0.625360
v 0.109042 -0.175788 0.585985
v 0.123224 -0.210027 0.557160
v 0.142598 -0.256799 0.546610
v 0.161971 -0.303570 0.557160
v 0.176153 -0.337809 0.585985
v 0.118638 -0.371628 0.625360
v 0.115127 -0.358525 0.630932
v 0.105535 -0.322728 0.659756
v 0.092432 -0.273828 0.670307
v 0.079330 -0.224928 0.659756
v 0.069738 -0.189130 0.630932
v 0.066227 -0.176028 0.625360
v 0.069738 -0.189130 0.585985
v 0.079330 -0.224928 0.557160
v 0.092432 -0.273828 0.546610
v 0.105535 -0.322728 0.557160
v 0.115127 -0.358525 0.585985
v 0.053690 -0.384547 0.625360
v 0.051919 -0.371098 0.630932
v 0.047082 -0.334355 0.659756
v 0.040474 -0.284163 0.670307
v 0.033866 -0.233971 0.659756
v 0.029029 -0.197228 0.630932
v 0.027258 -0.183779 0.625360
v 0.029029 -0.197228 0.585985
v 0.033866 -0.233971 0.557160
v 0.040474 -0.284163 0.546610
v 0.047082 -0.334355 0.557160
v 0.051919 -0.371098 0.585985
v -0.462389 0.117372 0.563797
v -0.453743 0.117372 0.562138
v -0.453743 0.100245 0.562183
v -0.453743 0.083776 0.562317
v -0.453743 0.068598 0.562534
v -0.453743 0.055295 0.562827
v -0.453743 0.044377 0.563184
v -0.453743 0.036264 0.563591
v -0.453743 0.031269 0.564032
v -0.453743 0.029582 0.591557
v -0.453743 0.031269 0.594243
v -0.453743 0.036264 0.597171
v -0.453743 0.044377 0.599869
v -0.453743 0.055295 0.602234
v -0.453743 0.068599 0.604175
v -0.453743 0.083776 0.605618
v -0.453743 0.100245 0.606506
v -0.453743 0.117372 0.606806
v -0.453743 0.134499 0.606506
v -0.453743 0.150968 0.605618
v -0.453743 0.166146 0.604175
v -0.453743 0.179450 0.602234
v -0.453743 0.190368 0.599869
v -0.453743 0.198480 0.597171
v -0.453743 0.203476 0.594243
v -0.453743 0.205163 0.563797
v -0.453743 0.203476 0.564032
v -0.453743 0.198480 0.563591
v -0.453743 0.190368 0.563184
v -0.453743 0.179450 0.562827
v -0.453743 0.166146 0.562534
v -0.453743 0.150968 0.562317
v -0.453743 0.134499 0.562183
v -0.428135 0.150968 0.559963
v -0.428135 0.117372 0.559874
v -0.386551 0.117372 0.557788
v -0.428135 0.083776 0.559963
v -0.386551 0.068598 0.557917
v -0.428135 0.051471 0.560226
v -0.386551 0.021699 0.558299
v -0.428135 0.021699 0.560652
v -0.386551 -0.021524 0.558918
v -0.428135 -0.004397 0.561227
v -0.386551 -0.059409 0.559752
v -0.428135 -0.025813 0.561926
v -0.386551 -0.090501 0.560767
v -0.428135 -0.041727 0.562724
v -0.386551 -0.113604 0.561926
v -0.428135 -0.051526 0.563591
v -0.386551 -0.127830 0.563184
v -0.428135 -0.054835 0.563797
v -0.386551 -0.132634 0.563797
v -0.428135 -0.051526 0.597171
v -0.386551 -0.127830 0.599869
v -0.330587 -0.194712 0.602234
v -0.386551 -0.113604 0.608207
v -0.330587 -0.176604 0.612846
v -0.262396 -0.228308 0.616653
v -0.330587 -0.147200 0.622626
v -0.262396 -0.193731 0.628153
v -0.184597 -0.228308 0.632260
v -0.262396 -0.147200 0.638232
v -0.184597 -0.176604 0.643460
v -0.100180 -0.194712 0.646679
v -0.184597 -0.113604 0.652651
v -0.100180 -0.127830 0.656436
v -0.012389 -0.132634 0.657714
v -0.100180 -0.051526 0.663687
v -0.012389 -0.054835 0.665107
v 0.075401 -0.051526 0.663687
v -0.012389 0.029582 0.669659
v 0.075401 -0.127830 0.656436
v 0.159818 -0.113604 0.652651
v 0.075401 -0.194712 0.646679
v 0.159818 -0.176604 0.643460
v 0.159818 -0.228308 0.632260
v 0.237617 -0.147200 0.638232
v 0.237617 -0.193731 0.628153
v 0.305809 -0.147200 0.622626
v 0.237617 -0.228308 0.616653
v 0.305809 -0.176604 0.612846
v 0.305809 -0.194712 0.602234
v 0.361772 -0.113604 0.608207
v 0.361772 -0.127830 0.599869
v 0.403356 -0.051526 0.597171
v 0.361772 -0.132634 0.563797
v 0.403356 -0.054835 0.563797
v 0.403356 -0.051526 0.563591
v 0.428964 0.029582 0.591557
v 0.361772 -0.127830 0.563184
v 0.305809 -0.194712 0.562827
v 0.361772 -0.113604 0.561926
v 0.305809 -0.176604 0.561227
v 0.305809 -0.147200 0.559752
v 0.237617 -0.228308 0.560652
v 0.237617 -0.193731 0.558918
v 0.159818 -0.228308 0.558299
v 0.237617 -0.147200 0.557398
v 0.159818 -0.176604 0.556609
v 0.159818 -0.113604 0.555223
v 0.075401 -0.194712 0.556124
v 0.075401 -0.127830 0.554652
v -0.012389 -0.132634 0.554460
v 0.075401 -0.051526 0.553559
v -0.012389 -0.054835 0.553345
v -0.012389 0.029582 0.552658
v -0.100180 -0.051526 0.553559
v -0.100180 -0.127830 0.554652
v -0.184597 -0.113604 0.555223
v -0.100180 -0.194712 0.556124
v -0.184597 -0.176604 0.556609
v -0.262396 -0.147200 0.557398
v -0.184597 -0.228308 0.558299
v -0.262396 -0.193731 0.558918
v -0.330587 -0.147200 0.559752
v -0.262396 -0.228308 0.560652
v -0.330587 -0.176604 0.561227
v -0.330587 -0.194712 0.562827
v -0.262396 -0.249599 0.562534
v -0.330587 -0.200826 0.563797
v -0.262396 -0.256789 0.563797
v -0.262396 -0.249599 0.604175
v -0.184597 -0.290385 0.605618
v -0.184597 -0.266727 0.619482
v -0.100180 -0.290385 0.621224
v -0.100180 -0.249599 0.634789
v -0.012389 -0.256789 0.635643
v -0.012389 -0.200825 0.647766
v 0.075401 -0.249599 0.634789
v 0.075401 -0.290385 0.621224
v 0.159818 -0.266727 0.619482
v 0.159818 -0.290385 0.605618
v 0.237617 -0.249599 0.604175
v 0.237617 -0.256789 0.563797
v 0.305809 -0.200826 0.563797
v 0.237617 -0.249599 0.562534
v 0.159818 -0.290385 0.562317
v 0.159818 -0.266727 0.560226
v 0.075401 -0.290385 0.559963
v 0.075401 -0.249600 0.557917
v -0.012389 -0.256789 0.557788
v -0.012389 -0.200826 0.555960
v -0.100180 -0.249600 0.557917
v -0.100180 -0.290385 0.559963
v -0.184597 -0.266727 0.560226
v -0.184597 -0.290385 0.562317
v -0.100180 -0.315500 0.562183
v -0.184597 -0.298373 0.563797
v -0.100180 -0.323981 0.563797
v -0.100180 -0.315500 0.606506
v -0.012389 -0.323981 0.606806
v -0.012389 -0.298373 0.621813
v 0.075401 -0.315500 0.606506
v 0.075401 -0.323981 0.563797
v 0.159818 -0.298373 0.563797
v 0.075401 -0.315500 0.562183
v -0.012389 -0.323981 0.562138
v -0.012389 -0.298373 0.559874
v -0.012389 -0.332628 0.563797
v -0.330587 -0.107628 0.558459
v -0.330587 -0.059409 0.557398
v -0.262396 -0.090500 0.556150
v -0.262396 -0.025813 0.555223
v -0.184597 -0.041727 0.554193
v -0.184597 0.036264 0.553559
v -0.100180 0.031269 0.552885
v -0.100180 0.117372 0.552658
v -0.012389 0.117372 0.552426
v -0.012389 0.205163 0.552658
v 0.075401 0.117372 0.552658
v -0.100180 0.203476 0.552885
v 0.075401 0.203476 0.552885
v 0.075401 0.031269 0.552885
v 0.159818 0.036264 0.553559
v 0.159818 -0.041727 0.554193
v 0.237617 -0.025813 0.555223
v 0.237617 -0.090500 0.556150
v 0.305809 -0.059409 0.557398
v 0.305809 -0.107628 0.558459
v 0.361772 -0.059409 0.559752
v 0.361772 -0.090500 0.560767
v 0.403356 -0.025813 0.561926
v 0.403356 -0.041727 0.562724
v 0.428964 0.036264 0.563591
v 0.428964 0.031269 0.564032
v 0.437611 0.117372 0.563797
v 0.428964 0.203476 0.594243
v 0.428964 0.117372 0.562138
v 0.428964 0.100245 0.562183
v 0.428964 0.083776 0.562317
v 0.428964 0.068599 0.562534
v 0.428964 0.055295 0.562827
v 0.428964 0.044377 0.563184
v 0.428964 0.031269 0.594243
v 0.428964 0.036264 0.597171
v 0.428964 0.044377 0.599869
v 0.428964 0.055295 0.602234
v 0.428964 0.068599 0.604175
v 0.428964 0.083776 0.605618
v 0.428964 0.100245 0.606506
v 0.428964 0.117372 0.606806
v 0.428964 0.134499 0.606506
v 0.428964 0.150968 0.605618
v 0.428964 0.166146 0.604175
v 0.428964 0.179450 0.602234
v 0.428964 0.190368 0.599869
v 0.428964 0.198480 0.597171
v 0.428964 0.205163 0.563797
v 0.428964 0.203476 0.564032
v 0.428964 0.198480 0.563591
v 0.428964 0.190368 0.563184
v 0.428964 0.179450 0.562827
v 0.428964 0.166146 0.562534
v 0.428964 0.150968 0.562317
v 0.428964 0.134499 0.562183
v 0.403356 0.150968 0.559963
v 0.403356 0.117372 0.559874
v 0.361772 0.117372 0.557788
v 0.403356 0.083776 0.559963
v 0.361772 0.068599 0.557917
v 0.403356 0.051471 0.560226
v 0.361772 0.021699 0.558299
v 0.403356 0.021699 0.560652
v 0.361772 -0.021524 0.558918
v 0.403356 -0.004397 0.561227
v 0.305809 -0.004397 0.556609
v 0.305809 0.055295 0.556124
v 0.237617 0.044377 0.554652
v 0.237617 0.117372 0.554460
v 0.159818 0.117372 0.553345
v 0.159818 0.198480 0.553559
v 0.237617 0.190367 0.554652
v 0.305809 0.179450 0.556124
v 0.237617 0.260558 0.555223
v 0.305809 0.239141 0.556609
v 0.305809 0.294154 0.557398
v 0.361772 0.213046 0.558299
v 0.361772 0.256268 0.558918
v 0.403356 0.213046 0.560652
v 0.361772 0.294154 0.559752
v 0.403356 0.239141 0.561227
v 0.403356 0.260558 0.561926
v 0.403356 0.276471 0.562724
v 0.361772 0.325245 0.560767
v 0.305809 0.381944 0.559752
v 0.361772 0.348348 0.561926
v 0.305809 0.342372 0.558459
v 0.237617 0.381944 0.557398
v 0.237617 0.325245 0.556150
v 0.159818 0.348348 0.555223
v 0.159818 0.276471 0.554193
v 0.075401 0.286271 0.553559
v -0.012389 0.289580 0.553345
v 0.075401 0.362575 0.554652
v -0.012389 0.367379 0.554460
v 0.075401 0.429456 0.556124
v 0.159818 0.411349 0.556609
v 0.159818 0.463052 0.558299
v 0.237617 0.428476 0.558918
v 0.237617 0.463052 0.560652
v 0.305809 0.411349 0.561227
v 0.305809 0.429456 0.562827
v 0.361772 0.362575 0.563184
v 0.361772 0.367379 0.563797
v 0.403356 0.286271 0.563591
v 0.403356 0.289580 0.563797
v 0.403356 0.286271 0.597171
v 0.361772 0.362575 0.599869
v 0.305809 0.429456 0.602234
v 0.361772 0.348348 0.608207
v 0.305809 0.411349 0.612846
v 0.305809 0.381944 0.622626
v 0.237617 0.463052 0.616653
v 0.237617 0.428476 0.628153
v 0.159818 0.463052 0.632260
v 0.237617 0.381944 0.638232
v 0.159818 0.411349 0.643460
v 0.159818 0.348348 0.652651
v 0.075401 0.429456 0.646679
v 0.075401 0.362575 0.656436
v -0.012389 0.367379 0.657714
v 0.075401 0.286271 0.663687
v -0.012389 0.289580 0.665107
v -0.012389 0.205163 0.669659
v -0.100180 0.286271 0.663687
v -0.100180 0.362575 0.656436
v -0.184597 0.348348 0.652651
v -0.100180 0.429456 0.646679
v -0.184597 0.411349 0.643460
v -0.262396 0.381944 0.638232
v -0.184597 0.463052 0.632260
v -0.262396 0.428476 0.628153
v -0.330587 0.381944 0.622626
v -0.262396 0.463052 0.616653
v -0.330587 0.411349 0.612846
v -0.386551 0.348348 0.608207
v -0.330587 0.429456 0.602234
v -0.386551 0.362575 0.599869
v -0.428135 0.286271 0.597171
v -0.386551 0.367379 0.563797
v -0.428135 0.289580 0.563797
v -0.428135 0.286271 0.563591
v -0.386551 0.362575 0.563184
v -0.330587 0.429456 0.562827
v -0.386551 0.348348 0.561926
v -0.330587 0.411349 0.561227
v -0.262396 0.463052 0.560652
v -0.330587 0.381944 0.559752
v -0.262396 0.428476 0.558918
v -0.262396 0.381944 0.557398
v -0.184597 0.463052 0.558299
v -0.184597 0.411349 0.556609
v -0.184597 0.348348 0.555223
v -0.100180 0.429456 0.556124
v -0.100180 0.362575 0.554652
v -0.100180 0.286271 0.553559
v -0.184597 0.276471 0.554193
v -0.262396 0.260558 0.555223
v -0.184597 0.198480 0.553559
v -0.262396 0.325245 0.556150
v -0.330587 0.294154 0.557398
v -0.330587 0.342372 0.558459
v -0.386551 0.294153 0.559752
v -0.386551 0.325245 0.560767
v -0.428135 0.260558 0.561926
v -0.428135 0.276471 0.562724
v -0.428135 0.239141 0.561227
v -0.428135 0.213046 0.560652
v -0.386551 0.256268 0.558918
v -0.386551 0.213046 0.558299
v -0.330587 0.239141 0.556609
v -0.330587 0.179450 0.556124
v -0.262396 0.190367 0.554652
v -0.262396 0.117372 0.554460
v -0.184597 0.117372 0.553345
v -0.262396 0.044377 0.554652
v -0.330587 0.055295 0.556124
v -0.330587 -0.004397 0.556609
v -0.330587 0.117372 0.555960
v -0.386551 0.166146 0.557917
v -0.428135 0.183273 0.560226
v -0.100180 0.484344 0.557917
v -0.012389 0.435570 0.555960
v -0.012389 0.491533 0.557788
v 0.075401 0.484344 0.557917
v 0.075401 0.525129 0.559963
v 0.159818 0.501471 0.560226
v 0.159818 0.525130 0.562317
v 0.237617 0.484344 0.562534
v 0.237617 0.491533 0.563797
v 0.305809 0.435570 0.563797
v 0.237617 0.484344 0.604175
v 0.159818 0.525130 0.605618
v 0.159818 0.501471 0.619482
v 0.075401 0.525130 0.621224
v 0.075401 0.484344 0.634789
v -0.012389 0.491533 0.635643
v -0.012389 0.435570 0.647766
v -0.100180 0.484344 0.634789
v -0.100180 0.525130 0.621224
v -0.184597 0.501471 0.619482
v -0.184597 0.525130 0.605618
v -0.262396 0.484344 0.604175
v -0.262396 0.491533 0.563797
v -0.330587 0.435570 0.563797
v -0.262396 0.484344 0.562534
v -0.184597 0.525130 0.562317
v -0.184597 0.501471 0.560226
v -0.100180 0.525129 0.559963
v -0.012389 0.533118 0.559874
v -0.100180 0.550245 0.562183
v -0.012389 0.558725 0.562138
v -0.100180 0.558726 0.563797
v -0.184597 0.533118 0.563797
v -0.100180 0.550245 0.606506
v -0.012389 0.558725 0.606806
v -0.012389 0.533118 0.621813
v 0.075401 0.550245 0.606506
v 0.075401 0.558726 0.563797
v 0.159818 0.533118 0.563797
v 0.075401 0.550245 0.562183
v -0.012389 0.567372 0.563797
v -0.428135 0.276471 0.602914
v -0.428135 0.260558 0.608207
v -0.386551 0.325245 0.615891
v -0.386551 0.294154 0.622626
v -0.330587 0.342372 0.631198
v -0.330587 0.294154 0.638232
v -0.262396 0.325245 0.646505
v -0.262396 0.260558 0.652651
v -0.184597 0.276471 0.659481
v -0.184597 0.198480 0.663687
v -0.100180 0.203476 0.668152
v -0.100180 0.117372 0.669659
v -0.012389 0.117373 0.671197
v 0.075401 0.117372 0.669659
v -0.100180 0.031269 0.668152
v 0.075401 0.031269 0.668152
v 0.075401 0.203476 0.668152
v 0.159818 0.198480 0.663687
v 0.159818 0.276471 0.659481
v 0.237617 0.260558 0.652651
v 0.237617 0.325245 0.646505
v 0.305809 0.294154 0.638232
v 0.305809 0.342372 0.631198
v 0.361772 0.294154 0.622626
v 0.361772 0.325245 0.615891
v 0.403356 0.260558 0.608207
v 0.403356 0.276471 0.602914
v 0.403356 0.239141 0.612846
v 0.403356 0.213046 0.616653
v 0.361772 0.256269 0.628153
v 0.361772 0.213046 0.632260
v 0.305809 0.239141 0.643460
v 0.305809 0.179450 0.646679
v 0.237617 0.190368 0.656436
v 0.237617 0.117372 0.657714
v 0.159818 0.117372 0.665107
v 0.159818 0.036264 0.663687
v 0.237617 0.044377 0.656436
v 0.305809 0.055295 0.646679
v 0.237617 -0.025813 0.652651
v 0.305809 -0.004397 0.643460
v 0.305809 -0.059409 0.638232
v 0.361772 0.021699 0.632260
v 0.361772 -0.021524 0.628153
v 0.403356 0.021699 0.616653
v 0.361772 -0.059409 0.622626
v 0.403356 -0.004397 0.612846
v 0.403356 -0.025813 0.608207
v 0.403356 -0.041727 0.602914
v 0.361772 -0.090500 0.615891
v 0.305809 -0.107628 0.631198
v 0.237617 -0.090500 0.646505
v 0.159818 -0.041727 0.659481
v 0.403356 0.051471 0.619482
v 0.403356 0.083776 0.621224
v 0.361772 0.068599 0.634789
v 0.361772 0.117372 0.635643
v 0.305809 0.117372 0.647766
v 0.361772 0.166146 0.634789
v 0.403356 0.150968 0.621224
v 0.403356 0.183273 0.619482
v 0.403356 0.117372 0.621813
v -0.184597 0.036264 0.663687
v -0.184597 -0.041727 0.659481
v -0.262396 -0.025813 0.652651
v -0.262396 -0.090500 0.646505
v -0.330587 -0.059409 0.638232
v -0.330587 -0.107628 0.631198
v -0.386551 -0.059409 0.622626
v -0.386551 -0.090500 0.615891
v -0.428135 -0.025813 0.608207
v -0.428135 -0.041727 0.602914
v -0.428135 -0.004397 0.612846
v -0.428135 0.021699 0.616653
v -0.386551 -0.021524 0.628153
v -0.386551 0.021699 0.632260
v -0.330587 -0.004397 0.643460
v -0.330587 0.055295 0.646679
v -0.262396 0.044377 0.656436
v -0.262396 0.117372 0.657714
v -0.184597 0.117372 0.665107
v -0.262396 0.190368 0.656436
v -0.330587 0.179450 0.646679
v -0.330587 0.239141 0.643460
v -0.386551 0.213046 0.632260
v -0.386551 0.256269 0.628153
v -0.428135 0.213046 0.616653
v -0.428135 0.239141 0.612846
v -0.428135 0.183273 0.619482
v -0.428135 0.150968 0.621224
v -0.386551 0.166146 0.634789
v -0.386551 0.117372 0.635643
v -0.330587 0.117372 0.647766
v -0.386551 0.068599 0.634789
v -0.428135 0.083776 0.621224
v -0.428135 0.051471 0.619482
v -0.428135 0.117372 0.621813
v 0.403356 0.183273 0.560226
v 0.361772 0.166146 0.557917
v 0.305809 0.117372 0.555960
vn -0.0249 -0.3798 0.9247
vn -0.0402 -0.6134 0.7887
vn -0.0134 -0.2040 0.9789
vn 0.0134 0.2040 0.9789
vn 0.0402 0.6134 0.7887
vn 0.0249 0.3798 0.9247
vn 0.0619 0.9437 -0.3251
vn 0.0402 0.6134 -0.7887
vn 0.0134 0.2040 -0.9789
vn -0.0134 -0.2040 -0.9789
vn -0.0402 -0.6134 -0.7887
vn -0.0619 -0.9437 -0.3251
vn -0.0743 -0.3733 0.9247
vn -0.1199 -0.6029 0.7887
vn -0.0399 -0.2005 0.9789
vn 0.0399 0.2005 0.9789
vn 0.1199 0.6029 0.7887
vn 0.0743 0.3733 0.9247
vn 0.1845 0.9275 -0.3251
vn 0.1199 0.6029 -0.7887
vn 0.0399 0.2005 -0.9789
vn -0.0399 -0.2005 -0.9789
vn -0.1199 -0.6029 -0.7887
vn -0.1845 -0.9275 -0.3251
vn -0.1224 -0.3604 0.9247
vn -0.1976 -0.5821 0.7887
vn -0.0657 -0.1936 0.9789
vn 0.0657 0.1936 0.9789
vn 0.1976 0.5821 0.7887
vn 0.1224 0.3604 0.9247
vn 0.3040 0.8955 -0.3251
vn 0.1976 0.5821 -0.7887
vn 0.0657 0.1936 -0.9789
vn -0.0657 -0.1936 -0.9789
vn -0.1976 -0.5821 -0.7887
vn -0.3040 -0.8955 -0.3251
vn -0.1684 -0.3414 0.9247
vn -0.2719 -0.5514 0.7887
vn -0.0904 -0.1834 0.9789
vn 0.0904 0.1834 0.9789
vn 0.2719 0.5514 0.7887
vn 0.1684 0.3414 0.9247
vn 0.4183 0.8482 -0.3251
vn 0.2719 0.5514 -0.7887
vn 0.0904 0.1834 -0.9789
vn -0.0904 -0.1834 -0.9789
vn -0.2719 -0.5514 -0.7887
vn -0.4183 -0.8482 -0.3251
vn -0.2115 -0.3165 0.9247
vn -0.3415 -0.5112 0.7887
vn -0.1136 -0.1700 0.9789
vn 0.1136 0.1700 0.9789
vn 0.3415 0.5112 0.7887
vn 0.2115 0.3165 0.9247
vn 0.5254 0.7863 -0.3251
vn 0.3415 0.5112 -0.7887
vn 0.1136 0.1700 -0.9789
vn -0.1136 -0.1700 -0.9789
vn -0.3415 -0.5112 -0.7887
vn -0.5254 -0.7863 -0.3251
vn -0.2510 -0.2862 0.9247
vn -0.4053 -0.4622 0.7887
vn -0.1348 -0.1537 0.9789
vn 0.1348 0.1537 0.9789
vn 0.4053 0.4622 0.7887
vn 0.2510 0.2862 0.9247
vn 0.6235 0.7110 -0.3251
vn 0.4053 0.4622 -0.7887
vn 0.1348 0.1537 -0.9789
vn -0.1348 -0.1537 -0.9789
vn -0.4053 -0.4622 -0.7887
vn -0.6235 -0.7110 -0.3251
vn -0.2862 -0.2510 0.9247
vn -0.4622 -0.4053 0.7887
vn -0.1537 -0.1348 0.9789
vn 0.1537 0.1348 0.9789
vn 0.4622 0.4053 0.7887
vn 0.2862 0.2510 0.9247
vn 0.7110 0.6235 -0.3251
vn 0.4622 0.4053 -0.7887
vn 0.1537 0.1348 -0.9789
vn -0.1537 -0.1348 -0.9789
vn -0.4622 -0.4053 -0.7887
vn -0.7110 -0.6235 -0.3251
vn -0.3165 -0.2115 0.9247
vn -0.5112 -0.3415 0.7887
vn -0.1700 -0.1136 0.9789
vn 0.1700 0.1136 0.9789
vn 0.5112 0.3415 0.7887
vn 0.3165 0.2115 0.9247
vn 0.7863 0.5254 -0.3251
vn 0.5112 0.3415 -0.7887
vn 0.1700 0.1136 -0.9789
vn -0.1700 -0.1136 -0.9789
vn -0.5112 -0.3415 -0.7887
vn -0.7863 -0.5254 -0.3251
vn -0.3414 -0.1684 0.9247
vn -0.5514 -0.2719 0.7887
vn -0.1834 -0.0904 0.9789
vn 0.1834 0.0904 0.9789
vn 0.5514 0.2719 0.7887
vn 0.3414 0.1684 0.9247
vn 0.8482 0.4183 -0.3251
vn 0.5514 0.2719 -0.7887
vn 0.1834 0.0904 -0.9789
vn -0.1834 -0.0904 -0.9789
vn -0.5514 -0.2719 -0.7887
vn -0.8482 -0.4183 -0.3251
vn -0.3604 -0.1224 0.9247
vn -0.5821 -0.1976 0.7887
vn -0.1936 -0.0657 0.9789
vn 0.1936 0.0657 0.9789
vn 0.5821 0.1976 0.7887
vn 0.3604 0.1224 0.9247
vn 0.8955 0.3040 -0.3251
vn 0.5821 0.1976 -0.7887
vn 0.1936 0.0657 -0.9789
vn -0.1936 -0.0657 -0.9789
vn -0.5821 -0.1976 -0.7887
vn -0.8955 -0.3040 -0.3251
vn -0.3733 -0.0743 0.9247
vn -0.6029 -0.1199 0.7887
vn -0.2005 -0.0399 0.9789
vn 0.2005 0.0399 0.9789
vn 0.6029 0.1199 0.7887
vn 0.3733 0.0743 0.9247
vn 0.9275 0.1845 -0.3251
vn 0.6029 0.1199 -0.7887
vn 0.2005 0.0399 -0.9789
vn -0.2005 -0.0399 -0.9789
vn -0.6029 -0.1199 -0.7887
vn -0.9275 -0.1845 -0.3251
vn -0.3798 -0.0249 0.9247
vn -0.6134 -0.0402 0.7887
vn -0.2040 -0.0134 0.9789
vn 0.2040 0.0134 0.9789
vn 0.6134 0.0402 0.7887
vn 0.3798 0.0249 0.9247
vn 0.9437 0.0619 -0.3251
vn 0.6134 0.0402 -0.7887
vn 0.2040 0.0134 -0.9789
vn -0.2040 -0.0134 -0.9789
vn -0.6134 -0.0402 -0.7887
vn -0.9437 -0.0618 -0.3251
vn -0.3798 0.0249 0.9247
vn -0.6134 0.0402 0.7887
vn -0.2040 0.0134 0.9789
vn 0.2040 -0.0134 0.9789
vn 0.6134 -0.0402 0.7887
vn 0.3798 -0.0249 0.9247
vn 0.9437 -0.0619 -0.3251
vn 0.6134 -0.0402 -0.7887
vn 0.2040 -0.0134 -0.9789
vn -0.2040 0.0134 -0.9789
vn -0.6134 0.0402 -0.7887
vn -0.9437 0.0619 -0.3251
vn -0.3733 0.0743 0.9247
vn -0.6029 0.1199 0.7887
vn -0.2005 0.0399 0.9789
vn 0.2005 -0.0399 0.9789
vn 0.6029 -0.1199 0.7887
vn 0.3733 -0.0743 0.9247
vn 0.9275 -0.1845 -0.3251
vn 0.6029 -0.1199 -0.7887
vn 0.2005 -0.0399 -0.9789
vn -0.2005 0.0399 -0.9789
vn -0.6029 0.1199 -0.7887
vn -0.9275 0.1845 -0.3251
vn -0.3604 0.1224 0.9247
vn -0.5821 0.1976 0.7887
vn -0.1936 0.0657 0.9789
vn 0.1936 -0.0657 0.9789
vn 0.5821 -0.1976 0.7887
vn 0.3604 -0.1224 0.9247
vn 0.8955 -0.3040 -0.3251
vn 0.5821 -0.1976 -0.7887
vn 0.1936 -0.0657 -0.9789
vn -0.1936 0.0657 -0.9789
vn -0.5821 0.1976 -0.7887
vn -0.8955 0.3040 -0.3251
vn -0.3414 0.1684 0.9247
vn -0.5514 0.2719 0.7887
vn -0.1834 0.0904 0.9789
vn 0.1834 -0.0904 0.9789
vn 0.5514 -0.2719 0.7887
vn 0.3414 -0.1684 0.9247
vn 0.8482 -0.4183 -0.3251
vn 0.5514 -0.2719 -0.7887
vn 0.1834 -0.0904 -0.9789
vn -0.1834 0.0904 -0.9789
vn -0.5514 0.2719 -0.7887
vn -0.8482 0.4183 -0.3251
vn -0.3165 0.2115 0.9247
vn -0.5112 0.3415 0.7887
vn -0.1700 0.1136 0.9789
vn 0.1700 -0.1136 0.9789
vn 0.5112 -0.3415 0.7887
vn 0.3165 -0.2115 0.9247
vn 0.7863 -0.5254 -0.3251
vn 0.5112 -0.3415 -0.7887
vn 0.1700 -0.1136 -0.9789
vn -0.1700 0.1136 -0.9789
vn -0.5112 0.3415 -0.7887
vn -0.7863 0.5254 -0.3251
vn -0.2862 0.2510 0.9247
vn -0.4622 0.4053 0.7887
vn -0.1537 0.1348 0.9789
vn 0.1537 -0.1348 0.9789
vn 0.4622 -0.4053 0.7887
vn 0.2862 -0.2510 0.9247
vn 0.7110 -0.6235 -0.3251
vn 0.4622 -0.4053 -0.7887
vn 0.1537 -0.1348 -0.9789
vn -0.1537 0.1348 -0.9789
vn -0.4622 0.4053 -0.7887
vn -0.7110 0.6235 -0.3251
vn -0.2510 0.2862 0.9247
vn -0.4053 0.4622 0.7887
vn -0.1348 0.1537 0.9789
vn 0.1348 -0.1537 0.9789
vn 0.4053 -0.4622 0.7887
vn 0.2510 -0.2862 0.9247
vn 0.6235 -0.7110 -0.3251
vn 0.4053 -0.4622 -0.7887
vn 0.1348 -0.1537 -0.9789
vn -0.1348 0.1537 -0.9789
vn -0.4053 0.4622 -0.7887
vn -0.6235 0.7110 -0.3251
vn -0.2115 0.3165 0.9247
vn -0.3415 0.5112 0.7887
vn -0.1136 0.1700 0.9789
vn 0.1136 -0.1700 0.9789
vn 0.3415 -0.5112 0.7887
vn 0.2115 -0.3165 0.9247
vn 0.5254 -0.7863 -0.3251
vn 0.3415 -0.5112 -0.7887
vn 0.1136 -0.1700 -0.9789
vn -0.1136 0.1700 -0.9789
vn -0.3415 0.5112 -0.7887
vn -0.5254 0.7863 -0.3251
vn -0.1684 0.3414 0.9247
vn -0.2719 0.5514 0.7887
vn -0.0904 0.1834 0.9789
vn 0.0904 -0.1834 0.9789
vn 0.2719 -0.5514 0.7887
vn 0.1684 -0.3414 0.9247
vn 0.4183 -0.8482 -0.3251
vn 0.2719 -0.5514 -0.7887
vn 0.0904 -0.1834 -0.9789
vn -0.0904 0.1834 -0.9789
vn -0.2719 0.5514 -0.7887
vn -0.4183 0.8482 -0.3251
vn -0.1224 0.3604 0.9247
vn -0.1976 0.5821 0.7887
vn -0.0657 0.1936 0.9789
vn 0.0657 -0.1936 0.9789
vn 0.1976 -0.5821 0.7887
vn 0.1224 -0.3604 0.9247
vn 0.3040 -0.8955 -0.3251
vn 0.1976 -0.5821 -0.7887
vn 0.0657 -0.1936 -0.9789
vn -0.0657 0.1936 -0.9789
vn -0.1976 0.5821 -0.7887
vn -0.3040 0.8955 -0.3251
vn -0.0743 0.3733 0.9247
vn -0.1199 0.6029 0.7887
vn -0.0399 0.2005 0.9789
vn 0.0399 -0.2005 0.9789
vn 0.1199 -0.6029 0.7887
vn 0.0743 -0.3733 0.9247
vn 0.1845 -0.9275 -0.3251
vn 0.1199 -0.6029 -0.7887
vn 0.0399 -0.2005 -0.9789
vn -0.0399 0.2005 -0.9789
vn -0.1199 0.6029 -0.7887
vn -0.1845 0.9275 -0.3251
vn -0.0249 0.3798 0.9247
vn -0.0402 0.6134 0.7887
vn -0.0134 0.2040 0.9789
vn 0.0134 -0.2040 0.9789
vn 0.0402 -0.6134 0.7887
vn 0.0249 -0.3798 0.9247
vn 0.0619 -0.9437 -0.3251
vn 0.0402 -0.6134 -0.7887
vn 0.0134 -0.2040 -0.9789
vn -0.0134 0.2040 -0.9789
vn -0.0402 0.6134 -0.7887
vn -0.0619 0.9437 -0.3251
vn -0.9437 -0.0619 -0.3251
vn 0.9437 0.0618 -0.3251
vn 0.9437 -0.0618 -0.3251
vn -0.0618 -0.9437 -0.3251
vn 0.1224 -0.3605 0.9247
vn 0.0618 -0.9437 -0.3251
vn -0.1885 -0.0026 -0.9821
vn -0.1885 0.0026 -0.9821
vn -0.1987 -0.0080 -0.9800
vn -0.2212 -0.0140 -0.9751
vn -0.2607 -0.0212 -0.9652
vn -0.3274 -0.0309 -0.9444
vn -0.4427 -0.0449 -0.8955
vn -0.6475 -0.0671 -0.7591
vn -0.9950 -0.0999 -0.0061
vn -0.9953 -0.0818 0.0514
vn -0.9924 -0.0622 0.1060
vn -0.9888 -0.0471 0.1417
vn -0.9858 -0.0356 0.1643
vn -0.9835 -0.0261 0.1791
vn -0.9819 -0.0179 0.1886
vn -0.9809 -0.0105 0.1944
vn -0.9804 -0.0035 0.1971
vn -0.9804 0.0035 0.1971
vn -0.9809 0.0105 0.1944
vn -0.9819 0.0179 0.1886
vn -0.9835 0.0261 0.1791
vn -0.9858 0.0356 0.1643
vn -0.9888 0.0471 0.1417
vn -0.9924 0.0622 0.1061
vn -0.9952 0.0980 0.0054
vn 0.8144 -0.0802 -0.5747
vn -0.6475 0.0671 -0.7591
vn -0.4427 0.0449 -0.8955
vn -0.3274 0.0309 -0.9444
vn -0.2607 0.0212 -0.9652
vn -0.2212 0.0140 -0.9751
vn -0.1987 0.0080 -0.9800
vn -0.0915 0.0081 -0.9958
vn -0.0880 0.0026 -0.9961
vn -0.0501 0.0026 -0.9987
vn -0.0880 -0.0026 -0.9961
vn -0.0501 -0.0026 -0.9987
vn -0.0915 -0.0081 -0.9958
vn -0.0521 -0.0081 -0.9986
vn -0.0992 -0.0143 -0.9950
vn -0.0565 -0.0143 -0.9983
vn -0.1130 -0.0219 -0.9934
vn -0.0644 -0.0220 -0.9977
vn -0.1373 -0.0324 -0.9900
vn -0.0644 -0.0219 -0.9977
vn -0.0784 -0.0326 -0.9964
vn -0.1373 -0.0323 -0.9900
vn -0.1832 -0.0493 -0.9818
vn -0.1052 -0.0498 -0.9932
vn -0.1832 -0.0492 -0.9818
vn -0.2890 -0.0843 -0.9536
vn -0.1688 -0.0868 -0.9818
vn -0.9552 -0.2953 -0.0181
vn -0.1229 -0.0617 -0.9905
vn -0.7896 -0.0381 -0.6124
vn -0.9538 -0.2991 0.0297
vn -0.2305 -0.1232 -0.9652
vn -0.8802 -0.4705 0.0627
vn -0.8778 -0.4767 0.0473
vn -0.7013 -0.3604 0.6150
vn -0.7656 -0.6376 0.0849
vn -0.5395 -0.4257 0.7264
vn -0.3962 -0.4642 0.7922
vn -0.3981 -0.2895 0.8705
vn -0.2805 -0.3029 0.9108
vn -0.2183 -0.2066 0.9538
vn -0.1870 -0.3100 0.9322
vn -0.1442 -0.2095 0.9671
vn -0.0824 -0.2110 0.9740
vn -0.1202 -0.1433 0.9824
vn -0.0685 -0.1440 0.9872
vn -0.0605 -0.0944 0.9937
vn -0.0223 -0.1443 0.9893
vn -0.0197 -0.0946 0.9953
vn 0.0197 -0.0946 0.9953
vn -0.0182 -0.0538 0.9984
vn 0.0182 -0.0538 0.9984
vn 0.0223 -0.1443 0.9893
vn 0.0685 -0.1440 0.9872
vn 0.0605 -0.0944 0.9937
vn 0.0824 -0.2110 0.9740
vn 0.1442 -0.2095 0.9671
vn 0.1202 -0.1433 0.9824
vn 0.1870 -0.3100 0.9322
vn 0.2805 -0.3029 0.9108
vn 0.2183 -0.2066 0.9538
vn 0.3962 -0.4642 0.7922
vn 0.5395 -0.4257 0.7264
vn 0.3981 -0.2895 0.8705
vn 0.7656 -0.6376 0.0849
vn 0.8778 -0.4767 0.0473
vn 0.7013 -0.3604 0.6150
vn 0.8802 -0.4705 0.0627
vn 0.7896 -0.0381 -0.6124
vn 0.1229 -0.0617 -0.9905
vn 0.2305 -0.1232 -0.9652
vn 0.9538 -0.2991 0.0297
vn 0.1109 -0.0875 -0.9900
vn 0.1557 -0.1251 -0.9799
vn 0.1688 -0.0868 -0.9818
vn 0.0687 -0.0500 -0.9964
vn 0.0463 -0.0500 -0.9977
vn 0.0749 -0.0878 -0.9933
vn 0.0225 -0.0326 -0.9992
vn 0.0302 -0.0501 -0.9983
vn 0.0345 -0.0326 -0.9989
vn 0.0184 -0.0220 -0.9996
vn 0.0105 -0.0220 -0.9997
vn 0.0128 -0.0326 -0.9994
vn 0.0030 -0.0143 -0.9999
vn 0.0034 -0.0220 -0.9998
vn 0.0092 -0.0143 -0.9999
vn 0.0027 -0.0081 -1.0000
vn -0.0027 -0.0081 -1.0000
vn -0.0030 -0.0143 -0.9999
vn -0.0092 -0.0143 -0.9999
vn -0.0105 -0.0220 -0.9997
vn -0.0034 -0.0220 -0.9998
vn -0.0184 -0.0220 -0.9996
vn -0.0225 -0.0326 -0.9992
vn -0.0128 -0.0326 -0.9994
vn -0.0345 -0.0326 -0.9989
vn -0.0463 -0.0500 -0.9977
vn -0.0302 -0.0501 -0.9983
vn -0.0687 -0.0500 -0.9964
vn -0.1109 -0.0875 -0.9900
vn -0.0749 -0.0878 -0.9933
vn -0.1557 -0.1251 -0.9799
vn -0.1292 -0.1554 -0.9794
vn -0.1875 -0.1539 -0.9701
vn -0.7691 -0.6312 0.1004
vn -0.1405 -0.1713 -0.9752
vn -0.6285 -0.7658 0.1363
vn -0.6244 -0.7714 0.1227
vn -0.4609 -0.8737 0.1556
vn -0.2706 -0.4868 0.8306
vn -0.1575 -0.4993 0.8520
vn -0.1074 -0.3138 0.9434
vn -0.0351 -0.3154 0.9483
vn -0.0268 -0.2116 0.9770
vn 0.0268 -0.2116 0.9770
vn 0.0351 -0.3154 0.9483
vn 0.1074 -0.3138 0.9434
vn 0.1575 -0.4993 0.8520
vn 0.2706 -0.4868 0.8306
vn 0.4609 -0.8737 0.1556
vn 0.6244 -0.7714 0.1227
vn 0.6285 -0.7658 0.1363
vn 0.1875 -0.1539 -0.9701
vn 0.1292 -0.1554 -0.9794
vn 0.1405 -0.1712 -0.9752
vn 0.7691 -0.6312 0.1004
vn 0.0489 -0.0879 -0.9949
vn 0.0930 -0.1722 -0.9807
vn 0.0171 -0.0501 -0.9986
vn 0.0278 -0.0880 -0.9957
vn 0.0041 -0.0327 -0.9995
vn 0.0056 -0.0501 -0.9987
vn 0.0128 -0.0327 -0.9994
vn -0.0041 -0.0327 -0.9995
vn -0.0128 -0.0327 -0.9994
vn -0.0171 -0.0501 -0.9986
vn -0.0056 -0.0501 -0.9987
vn -0.0489 -0.0879 -0.9949
vn -0.0278 -0.0880 -0.9957
vn -0.0930 -0.1722 -0.9807
vn -0.0557 -0.1819 -0.9817
vn -0.0969 -0.1813 -0.9786
vn -0.4648 -0.8697 0.1661
vn -0.0566 -0.1867 -0.9808
vn -0.2852 -0.9401 0.1867
vn -0.2822 -0.9423 0.1800
vn -0.0950 -0.9764 0.1939
vn -0.0517 -0.5049 0.8616
vn 0.0517 -0.5049 0.8616
vn 0.0950 -0.9764 0.1939
vn 0.2822 -0.9423 0.1800
vn 0.2852 -0.9401 0.1867
vn 0.0969 -0.1813 -0.9786
vn 0.0557 -0.1819 -0.9817
vn 0.0566 -0.1867 -0.9808
vn 0.4648 -0.8697 0.1661
vn 0.0090 -0.0880 -0.9961
vn 0.0186 -0.1869 -0.9822
vn -0.0090 -0.0880 -0.9961
vn -0.0186 -0.1869 -0.9822
vn 0.0186 -0.1884 -0.9819
vn -0.0186 -0.1884 -0.9819
vn -0.0961 -0.9758 0.1962
vn 0.0961 -0.9758 0.1962
vn -0.0512 -0.0326 -0.9982
vn -0.0420 -0.0220 -0.9989
vn -0.0283 -0.0220 -0.9994
vn -0.0248 -0.0143 -0.9996
vn -0.0162 -0.0143 -0.9998
vn -0.0149 -0.0081 -0.9999
vn -0.0085 -0.0081 -0.9999
vn -0.0081 -0.0026 -1.0000
vn -0.0026 -0.0026 -1.0000
vn 0.0026 0.0026 -1.0000
vn -0.0026 0.0026 -1.0000
vn 0.0026 -0.0026 -1.0000
vn 0.0081 -0.0026 -1.0000
vn 0.0085 -0.0081 -0.9999
vn 0.0149 -0.0081 -0.9999
vn 0.0162 -0.0143 -0.9998
vn 0.0248 -0.0143 -0.9996
vn 0.0283 -0.0220 -0.9994
vn 0.0420 -0.0220 -0.9989
vn 0.0512 -0.0326 -0.9982
vn 0.0784 -0.0326 -0.9964
vn 0.1052 -0.0498 -0.9932
vn 0.1832 -0.0492 -0.9818
vn 0.2890 -0.0843 -0.9536
vn 0.9552 -0.2953 -0.0181
vn 0.9950 -0.0999 -0.0061
vn 0.6475 -0.0671 -0.7591
vn 0.9952 0.0980 0.0054
vn 0.9924 0.0622 0.1060
vn 0.1885 -0.0026 -0.9821
vn 0.1885 0.0026 -0.9821
vn 0.1987 -0.0080 -0.9800
vn 0.2212 -0.0140 -0.9751
vn 0.2607 -0.0212 -0.9652
vn 0.3274 -0.0309 -0.9444
vn 0.4427 -0.0449 -0.8955
vn 0.9953 -0.0818 0.0514
vn 0.9924 -0.0622 0.1061
vn 0.9888 -0.0471 0.1417
vn 0.9858 -0.0356 0.1643
vn 0.9835 -0.0261 0.1791
vn 0.9819 -0.0179 0.1886
vn 0.9809 -0.0105 0.1944
vn 0.9804 -0.0035 0.1971
vn 0.9804 0.0035 0.1971
vn 0.9809 0.0105 0.1944
vn 0.9819 0.0179 0.1886
vn 0.9835 0.0261 0.1791
vn 0.9858 0.0356 0.1643
vn 0.9888 0.0471 0.1417
vn -0.8143 -0.0802 -0.5749
vn 0.6475 0.0671 -0.7591
vn 0.4427 0.0449 -0.8955
vn 0.3275 0.0309 -0.9444
vn 0.2607 0.0212 -0.9652
vn 0.2212 0.0140 -0.9751
vn 0.1987 0.0080 -0.9800
vn 0.0915 0.0081 -0.9958
vn 0.0880 0.0026 -0.9961
vn 0.0501 0.0026 -0.9987
vn 0.0501 -0.0026 -0.9987
vn 0.0880 -0.0026 -0.9961
vn 0.0521 -0.0081 -0.9986
vn 0.0915 -0.0081 -0.9958
vn 0.0565 -0.0143 -0.9983
vn 0.0992 -0.0143 -0.9950
vn 0.0644 -0.0220 -0.9977
vn 0.1130 -0.0219 -0.9934
vn 0.1373 -0.0324 -0.9900
vn 0.1373 -0.0323 -0.9900
vn 0.0368 -0.0143 -0.9992
vn 0.0340 -0.0081 -0.9994
vn 0.0229 -0.0081 -0.9997
vn 0.0143 -0.0026 -0.9999
vn 0.0220 -0.0026 -0.9998
vn 0.0081 0.0026 -1.0000
vn 0.0143 0.0026 -0.9999
vn 0.0149 0.0081 -0.9999
vn 0.0229 0.0081 -0.9997
vn 0.0220 0.0026 -0.9998
vn 0.0248 0.0143 -0.9996
vn 0.0368 0.0143 -0.9992
vn 0.0340 0.0081 -0.9994
vn 0.0420 0.0220 -0.9989
vn 0.0644 0.0220 -0.9977
vn 0.0565 0.0143 -0.9983
vn 0.0784 0.0326 -0.9964
vn 0.1373 0.0323 -0.9900
vn 0.1373 0.0324 -0.9900
vn 0.1130 0.0219 -0.9934
vn 0.1052 0.0498 -0.9932
vn 0.1832 0.0492 -0.9818
vn 0.1832 0.0493 -0.9818
vn 0.0687 0.0500 -0.9964
vn 0.0512 0.0326 -0.9982
vn 0.0345 0.0326 -0.9989
vn 0.0283 0.0220 -0.9994
vn 0.0184 0.0220 -0.9996
vn 0.0162 0.0143 -0.9998
vn 0.0092 0.0143 -0.9999
vn 0.0085 0.0081 -0.9999
vn 0.0030 0.0143 -0.9999
vn 0.0027 0.0081 -1.0000
vn 0.0034 0.0220 -0.9998
vn 0.0105 0.0220 -0.9997
vn 0.0128 0.0326 -0.9994
vn 0.0225 0.0326 -0.9992
vn 0.0302 0.0501 -0.9983
vn 0.0463 0.0500 -0.9977
vn 0.0749 0.0878 -0.9933
vn 0.1109 0.0875 -0.9900
vn 0.1557 0.1251 -0.9799
vn 0.2305 0.1232 -0.9652
vn 0.1229 0.0617 -0.9905
vn 0.1688 0.0868 -0.9818
vn 0.8802 0.4705 0.0627
vn 0.2008 0.0609 -0.9777
vn 0.9565 0.2902 0.0288
vn 0.8778 0.4767 0.0473
vn 0.5395 0.4257 0.7264
vn 0.7656 0.6376 0.0849
vn 0.7013 0.3604 0.6150
vn 0.3981 0.2895 0.8705
vn 0.2805 0.3029 0.9108
vn 0.3962 0.4642 0.7922
vn 0.1442 0.2095 0.9671
vn 0.1870 0.3100 0.9322
vn 0.2183 0.2066 0.9538
vn 0.1202 0.1433 0.9824
vn 0.0685 0.1440 0.9872
vn 0.0824 0.2110 0.9740
vn 0.0197 0.0946 0.9953
vn 0.0223 0.1443 0.9893
vn 0.0605 0.0944 0.9937
vn 0.0182 0.0538 0.9984
vn -0.0182 0.0538 0.9984
vn -0.0197 0.0946 0.9953
vn -0.0605 0.0944 0.9937
vn -0.0685 0.1440 0.9872
vn -0.0223 0.1443 0.9893
vn -0.1202 0.1433 0.9824
vn -0.1442 0.2095 0.9671
vn -0.0824 0.2110 0.9740
vn -0.2183 0.2066 0.9538
vn -0.2805 0.3029 0.9108
vn -0.1870 0.3100 0.9322
vn -0.3981 0.2895 0.8705
vn -0.5395 0.4257 0.7264
vn -0.3962 0.4642 0.7922
vn -0.7013 0.3604 0.6150
vn -0.8778 0.4767 0.0473
vn -0.7656 0.6376 0.0849
vn -0.8802 0.4705 0.0627
vn -0.9565 0.2902 0.0288
vn -0.2008 0.0609 -0.9777
vn -0.2305 0.1232 -0.9652
vn -0.1229 0.0617 -0.9905
vn -0.1688 0.0868 -0.9818
vn -0.1557 0.1251 -0.9799
vn -0.1109 0.0875 -0.9900
vn -0.0749 0.0878 -0.9933
vn -0.0687 0.0500 -0.9964
vn -0.0463 0.0500 -0.9977
vn -0.0345 0.0326 -0.9989
vn -0.0225 0.0326 -0.9992
vn -0.0302 0.0501 -0.9983
vn -0.0184 0.0220 -0.9996
vn -0.0105 0.0220 -0.9997
vn -0.0128 0.0327 -0.9994
vn -0.0092 0.0143 -0.9999
vn -0.0034 0.0220 -0.9998
vn -0.0030 0.0143 -0.9999
vn -0.0085 0.0081 -0.9999
vn -0.0027 0.0081 -1.0000
vn -0.0162 0.0143 -0.9998
vn -0.0149 0.0081 -0.9999
vn -0.0283 0.0220 -0.9994
vn -0.0248 0.0143 -0.9996
vn -0.0512 0.0326 -0.9982
vn -0.0420 0.0220 -0.9989
vn -0.1052 0.0498 -0.9932
vn -0.0784 0.0326 -0.9964
vn -0.2890 0.0843 -0.9536
vn -0.1832 0.0492 -0.9818
vn -0.1832 0.0493 -0.9818
vn -0.1373 0.0323 -0.9900
vn -0.1373 0.0324 -0.9900
vn -0.1130 0.0219 -0.9934
vn -0.0644 0.0219 -0.9977
vn -0.0644 0.0220 -0.9977
vn -0.0565 0.0143 -0.9983
vn -0.0368 0.0143 -0.9992
vn -0.0340 0.0081 -0.9994
vn -0.0229 0.0081 -0.9997
vn -0.0220 0.0026 -0.9998
vn -0.0143 0.0026 -0.9999
vn -0.0081 0.0026 -1.0000
vn -0.0143 -0.0026 -0.9999
vn -0.0220 -0.0026 -0.9998
vn -0.0229 -0.0081 -0.9997
vn -0.0340 -0.0081 -0.9994
vn -0.0368 -0.0143 -0.9992
vn -0.0327 -0.0026 -0.9995
vn -0.0327 0.0026 -0.9995
vn -0.0521 0.0081 -0.9986
vn -0.0992 0.0143 -0.9950
vn -0.0041 0.0327 -0.9995
vn 0.0041 0.0327 -0.9995
vn 0.0056 0.0501 -0.9987
vn 0.0171 0.0501 -0.9986
vn 0.0128 0.0327 -0.9994
vn 0.0278 0.0880 -0.9957
vn 0.0489 0.0879 -0.9949
vn 0.0930 0.1722 -0.9807
vn 0.1292 0.1554 -0.9794
vn 0.1405 0.1712 -0.9752
vn 0.7691 0.6312 0.1004
vn 0.6244 0.7714 0.1227
vn 0.6285 0.7658 0.1363
vn 0.1875 0.1539 -0.9701
vn 0.2706 0.4868 0.8306
vn 0.4609 0.8737 0.1556
vn 0.1074 0.3138 0.9434
vn 0.1575 0.4993 0.8520
vn 0.0268 0.2116 0.9770
vn 0.0351 0.3154 0.9483
vn -0.0268 0.2116 0.9770
vn -0.1074 0.3138 0.9434
vn -0.0351 0.3154 0.9483
vn -0.2706 0.4868 0.8306
vn -0.1575 0.4993 0.8520
vn -0.6244 0.7714 0.1227
vn -0.4609 0.8737 0.1556
vn -0.6285 0.7658 0.1363
vn -0.7691 0.6312 0.1004
vn -0.1875 0.1539 -0.9701
vn -0.1405 0.1713 -0.9752
vn -0.1292 0.1554 -0.9794
vn -0.0930 0.1722 -0.9807
vn -0.0489 0.0879 -0.9949
vn -0.0278 0.0880 -0.9957
vn -0.0171 0.0501 -0.9986
vn -0.0056 0.0501 -0.9987
vn -0.0090 0.0880 -0.9961
vn -0.0557 0.1819 -0.9817
vn -0.0186 0.1869 -0.9822
vn -0.0566 0.1867 -0.9808
vn -0.4648 0.8697 0.1661
vn -0.2822 0.9423 0.1800
vn -0.0969 0.1813 -0.9786
vn -0.2852 0.9401 0.1867
vn -0.0517 0.5049 0.8616
vn -0.0950 0.9764 0.1939
vn 0.0517 0.5049 0.8616
vn 0.0950 0.9764 0.1939
vn 0.2822 0.9423 0.1800
vn 0.2852 0.9401 0.1867
vn 0.4648 0.8697 0.1661
vn 0.0566 0.1867 -0.9808
vn 0.0969 0.1813 -0.9786
vn 0.0557 0.1819 -0.9817
vn 0.0186 0.1869 -0.9822
vn 0.0090 0.0880 -0.9961
vn 0.0961 0.9758 0.1962
vn 0.0186 0.1884 -0.9819
vn -0.0961 0.9758 0.1962
vn -0.0186 0.1884 -0.9819
vn 0.3948 -0.1269 -0.9099
vn -0.8662 0.2527 0.4311
vn -0.9554 0.2949 0.0163
vn -0.7613 0.2046 0.6153
vn -0.5545 0.2626 0.7897
vn -0.4543 0.1886 0.8707
vn -0.3152 0.2009 0.9275
vn -0.2660 0.1392 0.9539
vn -0.1827 0.1419 0.9729
vn -0.1617 0.0934 0.9824
vn -0.1061 0.0941 0.9899
vn -0.0982 0.0536 0.9937
vn -0.0559 0.0538 0.9970
vn -0.0538 0.0175 0.9984
vn -0.0175 0.0175 0.9997
vn 0.0175 -0.0175 0.9997
vn -0.0175 -0.0175 0.9997
vn 0.0175 0.0175 0.9997
vn 0.0538 0.0175 0.9984
vn 0.0559 0.0538 0.9970
vn 0.0982 0.0536 0.9937
vn 0.1061 0.0941 0.9899
vn 0.1617 0.0934 0.9824
vn 0.1827 0.1419 0.9729
vn 0.2660 0.1392 0.9539
vn 0.3152 0.2009 0.9275
vn 0.4543 0.1886 0.8707
vn 0.5545 0.2626 0.7897
vn 0.7613 0.2046 0.6153
vn 0.8662 0.2527 0.4311
vn 0.6683 0.1575 0.7270
vn 0.5982 0.1157 0.7929
vn 0.3901 0.1329 0.9111
vn 0.2364 0.0919 0.9673
vn 0.3500 0.0886 0.9326
vn 0.2195 0.0525 0.9742
vn 0.1498 0.0532 0.9873
vn 0.1617 0.0933 0.9824
vn 0.0946 0.0174 0.9954
vn 0.1443 0.0173 0.9894
vn 0.0538 -0.0175 0.9984
vn 0.0946 -0.0174 0.9954
vn 0.0982 -0.0536 0.9937
vn 0.1498 -0.0532 0.9873
vn 0.1443 -0.0173 0.9894
vn 0.1617 -0.0933 0.9824
vn 0.2364 -0.0919 0.9673
vn 0.2195 -0.0525 0.9742
vn 0.2660 -0.1392 0.9539
vn 0.3901 -0.1329 0.9111
vn 0.3500 -0.0886 0.9326
vn 0.4543 -0.1886 0.8707
vn 0.6683 -0.1575 0.7270
vn 0.5982 -0.1157 0.7929
vn 0.5545 -0.2626 0.7897
vn 0.7613 -0.2046 0.6153
vn 0.3152 -0.2009 0.9275
vn 0.1827 -0.1419 0.9729
vn 0.1061 -0.0941 0.9899
vn 0.1617 -0.0934 0.9824
vn 0.0559 -0.0538 0.9970
vn 0.8662 -0.2527 0.4311
vn 0.5499 -0.0790 0.8315
vn 0.3265 -0.0509 0.9438
vn 0.5199 -0.0460 0.8530
vn 0.2117 -0.0171 0.9772
vn 0.3155 -0.0166 0.9488
vn 0.2117 0.0171 0.9772
vn 0.3155 0.0166 0.9488
vn 0.3265 0.0509 0.9438
vn 0.5199 0.0460 0.8530
vn 0.5499 0.0790 0.8315
vn 0.5056 0.0151 0.8627
vn 0.5056 -0.0151 0.8627
vn -0.0559 -0.0538 0.9970
vn -0.0538 -0.0175 0.9984
vn -0.1061 -0.0941 0.9899
vn -0.0982 -0.0536 0.9937
vn -0.1827 -0.1419 0.9729
vn -0.1617 -0.0934 0.9824
vn -0.3152 -0.2009 0.9275
vn -0.2660 -0.1392 0.9539
vn -0.5545 -0.2626 0.7897
vn -0.4543 -0.1886 0.8707
vn -0.8662 -0.2527 0.4311
vn -0.7613 -0.2046 0.6153
vn -0.6683 -0.1575 0.7270
vn -0.5982 -0.1157 0.7929
vn -0.3901 -0.1329 0.9111
vn -0.3500 -0.0886 0.9326
vn -0.2364 -0.0919 0.9673
vn -0.1617 -0.0933 0.9824
vn -0.2195 -0.0525 0.9742
vn -0.1498 -0.0532 0.9873
vn -0.1443 -0.0173 0.9894
vn -0.0946 -0.0174 0.9954
vn -0.0946 0.0174 0.9954
vn -0.1443 0.0173 0.9894
vn -0.1498 0.0532 0.9873
vn -0.2195 0.0525 0.9742
vn -0.2364 0.0919 0.9673
vn -0.1617 0.0933 0.9824
vn -0.3500 0.0886 0.9326
vn -0.3901 0.1329 0.9111
vn -0.5982 0.1157 0.7929
vn -0.6683 0.1575 0.7270
vn -0.5499 0.0790 0.8315
vn -0.5199 0.0460 0.8530
vn -0.3265 0.0509 0.9438
vn -0.3155 0.0166 0.9488
vn -0.2117 0.0171 0.9772
vn -0.2117 -0.0171 0.9772
vn -0.3265 -0.0509 0.9438
vn -0.3155 -0.0166 0.9488
vn -0.5499 -0.0790 0.8315
vn -0.5199 -0.0460 0.8530
vn -0.5056 -0.0151 0.8627
vn -0.5056 0.0151 0.8627
vn 0.9554 0.2949 0.0163
vn -0.3948 -0.1269 -0.9100
vn 0.2890 0.0843 -0.9536
vn 0.0992 0.0143 -0.9950
vn 0.0521 0.0081 -0.9986
vn 0.0327 0.0026 -0.9995
vn 0.0327 -0.0026 -0.9995
vn 0.9417 -0.2849 0.1789
vn 0.1832 -0.0493 -0.9818
vn -0.9417 -0.2849 0.1789
vt 0.551722 0.509641
vt 0.556238 0.528765
vt 0.551927 0.528799
vt 0.556081 0.509609
vt 0.570743 0.528602
vt 0.570606 0.509523
vt 0.588434 0.528440
vt 0.588117 0.509444
vt 0.608166 0.528238
vt 0.628568 0.509365
vt 0.608161 0.509311
vt 0.635210 0.528230
vt 0.628373 0.528189
vt 0.465017 0.510561
vt 0.445052 0.530658
vt 0.444827 0.510827
vt 0.486216 0.510130
vt 0.465282 0.530210
vt 0.506810 0.509974
vt 0.486713 0.529760
vt 0.524670 0.509789
vt 0.506797 0.529392
vt 0.539298 0.509652
vt 0.524896 0.529119
vt 0.539597 0.528927
vt 0.556383 0.547840
vt 0.552114 0.547906
vt 0.588538 0.547327
vt 0.570936 0.547598
vt 0.608180 0.547109
vt 0.635074 0.546921
vt 0.628309 0.546964
vt 0.445530 0.550525
vt 0.486924 0.549333
vt 0.465976 0.549905
vt 0.507383 0.548726
vt 0.525299 0.548395
vt 0.539823 0.548119
vt 0.556870 0.566919
vt 0.552491 0.567026
vt 0.571310 0.566571
vt 0.588601 0.566233
vt 0.628633 0.565622
vt 0.608530 0.565895
vt 0.635342 0.565527
vt 0.446339 0.570326
vt 0.466413 0.569525
vt 0.487449 0.568772
vt 0.525580 0.567611
vt 0.508080 0.568111
vt 0.540287 0.567226
vt 0.557284 0.585900
vt 0.553063 0.586010
vt 0.589265 0.585058
vt 0.571622 0.585498
vt 0.608776 0.584624
vt 0.628809 0.584229
vt 0.447369 0.589922
vt 0.488277 0.588150
vt 0.467443 0.589020
vt 0.508465 0.587425
vt 0.540705 0.586339
vt 0.526309 0.586787
vt 0.553468 0.604998
vt 0.572155 0.604387
vt 0.557838 0.604857
vt 0.609333 0.603299
vt 0.589551 0.603838
vt 0.629346 0.602808
vt 0.635535 0.584090
vt 0.468098 0.608360
vt 0.448427 0.609389
vt 0.488892 0.607432
vt 0.526999 0.605923
vt 0.509146 0.606603
vt 0.541385 0.605415
vt 0.554261 0.623993
vt 0.572770 0.623275
vt 0.558546 0.623823
vt 0.609761 0.621897
vt 0.590155 0.622594
vt 0.636340 0.621146
vt 0.629681 0.621300
vt 0.449488 0.628726
vt 0.489900 0.626616
vt 0.469236 0.627577
vt 0.527653 0.624997
vt 0.510018 0.625735
vt 0.542100 0.624396
vt 0.555058 0.642825
vt 0.573642 0.642040
vt 0.559310 0.642652
vt 0.590892 0.641263
vt 0.610309 0.640477
vt 0.636780 0.639472
vt 0.630148 0.639723
vt 0.450615 0.647916
vt 0.490967 0.645765
vt 0.470407 0.646790
vt 0.510972 0.644817
vt 0.528389 0.643994
vt 0.542849 0.643344
vt 0.560116 0.661456
vt 0.555844 0.661660
vt 0.574436 0.660748
vt 0.611241 0.658988
vt 0.591477 0.659946
vt 0.631081 0.658040
vt 0.637628 0.657722
vt 0.451576 0.667056
vt 0.471187 0.665962
vt 0.491766 0.664881
vt 0.529370 0.662949
vt 0.511906 0.663876
vt 0.543773 0.662245
vt 0.561156 0.680247
vt 0.556904 0.680469
vt 0.575264 0.679499
vt 0.592573 0.678618
vt 0.612159 0.677452
vt 0.631865 0.676424
vt 0.472430 0.685042
vt 0.452833 0.686133
vt 0.492891 0.683942
vt 0.512750 0.682896
vt 0.530327 0.681880
vt 0.544716 0.681123
vt 0.557843 0.699269
vt 0.562103 0.699043
vt 0.593750 0.697201
vt 0.576295 0.698237
vt 0.613107 0.695955
vt 0.639588 0.694482
vt 0.632967 0.694847
vt 0.453744 0.705169
vt 0.493771 0.702997
vt 0.473245 0.704119
vt 0.513861 0.701883
vt 0.545766 0.700031
vt 0.531363 0.700832
vt 0.558910 0.718145
vt 0.563176 0.717879
vt 0.577548 0.716954
vt 0.594819 0.715788
vt 0.614277 0.714397
vt 0.633897 0.713174
vt 0.454737 0.724277
vt 0.474514 0.723213
vt 0.514811 0.720897
vt 0.494981 0.722059
vt 0.532396 0.719766
vt 0.546930 0.718880
vt 0.560276 0.737001
vt 0.564473 0.736693
vt 0.578780 0.735656
vt 0.615479 0.732827
vt 0.596030 0.734369
vt 0.635199 0.731438
vt 0.640504 0.712764
vt 0.455771 0.743360
vt 0.475411 0.742399
vt 0.495974 0.741181
vt 0.533713 0.738716
vt 0.516008 0.739902
vt 0.548059 0.737767
vt 0.561713 0.755828
vt 0.565988 0.755499
vt 0.580212 0.754407
vt 0.597378 0.753010
vt 0.636708 0.749597
vt 0.616873 0.751259
vt 0.641762 0.730937
vt 0.476337 0.761619
vt 0.456529 0.762577
vt 0.517170 0.759006
vt 0.497027 0.760359
vt 0.534927 0.757777
vt 0.549424 0.756758
vt 0.567431 0.774461
vt 0.563057 0.774805
vt 0.581786 0.773246
vt 0.599224 0.771665
vt 0.618608 0.769702
vt 0.638233 0.767794
vt 0.643195 0.749051
vt 0.457316 0.782009
vt 0.477318 0.780977
vt 0.498141 0.779649
vt 0.518338 0.778228
vt 0.536257 0.776959
vt 0.550918 0.775857
vt 0.569015 0.793577
vt 0.564665 0.793970
vt 0.583505 0.792174
vt 0.620363 0.788218
vt 0.600951 0.790377
vt 0.644811 0.767154
vt 0.640214 0.786054
vt 0.478359 0.800416
vt 0.458440 0.801515
vt 0.499360 0.799052
vt 0.537676 0.796222
vt 0.519946 0.797560
vt 0.552411 0.795025
vt 0.570944 0.812755
vt 0.566583 0.813184
vt 0.585474 0.811211
vt 0.603006 0.809177
vt 0.622401 0.806818
vt 0.648792 0.803440
vt 0.642285 0.804252
vt 0.459432 0.821088
vt 0.479383 0.819885
vt 0.500537 0.818557
vt 0.521353 0.817112
vt 0.539342 0.815651
vt 0.554093 0.814367
vt 0.568483 0.832639
vt 0.572922 0.832161
vt 0.587655 0.830403
vt 0.625006 0.825429
vt 0.605206 0.828116
vt 0.651330 0.821448
vt 0.644744 0.822432
vt 0.460642 0.840669
vt 0.501923 0.838184
vt 0.480751 0.839419
vt 0.541097 0.835262
vt 0.522715 0.836822
vt 0.555918 0.833907
vt 0.575194 0.851791
vt 0.570782 0.852337
vt 0.590221 0.849822
vt 0.608056 0.847231
vt 0.628015 0.844069
vt 0.654208 0.839459
vt 0.647670 0.840632
vt 0.461772 0.860134
vt 0.503230 0.858002
vt 0.482013 0.859112
vt 0.524014 0.856704
vt 0.542823 0.855138
vt 0.557988 0.853678
vt 0.577852 0.871801
vt 0.573255 0.872417
vt 0.593027 0.869564
vt 0.611231 0.866569
vt 0.651249 0.858777
vt 0.631468 0.862786
vt 0.482699 0.878973
vt 0.462479 0.879587
vt 0.525725 0.876867
vt 0.504119 0.878078
vt 0.544516 0.875445
vt 0.560138 0.873885
vt 0.580765 0.892353
vt 0.576022 0.893060
vt 0.596511 0.889813
vt 0.615103 0.886249
vt 0.655218 0.876901
vt 0.635418 0.881683
vt 0.657747 0.857414
vt 0.483134 0.898967
vt 0.462789 0.899139
vt 0.526776 0.897682
vt 0.505023 0.898456
vt 0.546412 0.896275
vt 0.562476 0.894698
vt 0.584239 0.913709
vt 0.579201 0.914495
vt 0.619702 0.906327
vt 0.600424 0.910652
vt 0.640155 0.900775
vt 0.660139 0.894927
vt 0.661699 0.875300
vt 0.483067 0.919156
vt 0.462632 0.918741
vt 0.505527 0.919339
vt 0.527870 0.919076
vt 0.564953 0.916465
vt 0.548053 0.918056
vt 0.582770 0.937106
vt 0.605282 0.932498
vt 0.587989 0.936171
vt 0.625326 0.926982
vt 0.666027 0.912812
vt 0.646328 0.920037
vt 0.666516 0.892998
vt 0.461870 0.938318
vt 0.482456 0.939577
vt 0.528238 0.941406
vt 0.504920 0.940831
vt 0.549679 0.940858
vt 0.567716 0.939305
vt 0.586957 0.961940
vt 0.592842 0.960760
vt 0.611504 0.955655
vt 0.632468 0.948335
vt 0.653738 0.939358
vt 0.679409 0.927518
vt 0.673257 0.930400
vt 0.460147 0.957762
vt 0.503617 0.962687
vt 0.480597 0.960149
vt 0.527826 0.964820
vt 0.550768 0.965401
vt 0.570396 0.964277
vt 0.599285 0.987823
vt 0.593037 0.989678
vt 0.620231 0.980900
vt 0.642152 0.970303
vt 0.663242 0.958474
vt 0.688052 0.943883
vt 0.682200 0.947430
vt 0.457346 0.977128
vt 0.500331 0.985172
vt 0.477578 0.980496
vt 0.525431 0.989949
vt 0.550663 0.992813
vt 0.573409 0.992672
vt 0.590169 0.010551
vt 0.579002 0.038544
vt 0.583322 0.009033
vt 0.612560 0.016509
vt 0.585138 0.039448
vt 0.636779 0.025922
vt 0.605154 0.043609
vt 0.660412 0.037229
vt 0.627847 0.050152
vt 0.672809 0.067020
vt 0.651177 0.058502
vt 0.681539 0.048142
vt 0.679591 0.069807
vt 0.445117 0.029688
vt 0.469550 0.046165
vt 0.448676 0.049404
vt 0.488489 0.019868
vt 0.465699 0.025519
vt 0.517416 0.039109
vt 0.492809 0.042470
vt 0.513696 0.013897
vt 0.540939 0.037203
vt 0.538938 0.009174
vt 0.561437 0.037264
vt 0.562429 0.007187
vt 0.581629 0.065530
vt 0.575916 0.064845
vt 0.599889 0.068562
vt 0.621489 0.073312
vt 0.644327 0.079604
vt 0.665936 0.086324
vt 0.672824 0.088534
vt 0.472019 0.067054
vt 0.451168 0.069209
vt 0.495131 0.064887
vt 0.519106 0.063283
vt 0.541130 0.062692
vt 0.559980 0.063383
vt 0.573233 0.088795
vt 0.595898 0.091873
vt 0.578501 0.089416
vt 0.638678 0.100540
vt 0.616564 0.095569
vt 0.667438 0.107623
vt 0.660425 0.105840
vt 0.452723 0.089122
vt 0.496472 0.086907
vt 0.473658 0.087940
vt 0.519486 0.086331
vt 0.540673 0.086619
vt 0.558221 0.087510
vt 0.570847 0.111523
vt 0.575868 0.112069
vt 0.592642 0.114126
vt 0.634409 0.121232
vt 0.612535 0.117168
vt 0.655970 0.125520
vt 0.474110 0.108678
vt 0.453343 0.109052
vt 0.496739 0.108474
vt 0.539649 0.109261
vt 0.519183 0.108519
vt 0.556623 0.110379
vt 0.568688 0.133360
vt 0.573558 0.133856
vt 0.589674 0.135720
vt 0.630960 0.141616
vt 0.609159 0.138275
vt 0.659290 0.146426
vt 0.652279 0.145189
vt 0.453434 0.129044
vt 0.496433 0.129633
vt 0.474296 0.129297
vt 0.538390 0.131077
vt 0.518738 0.130166
vt 0.554834 0.132236
vt 0.566685 0.154607
vt 0.587265 0.156759
vt 0.571366 0.155062
vt 0.606422 0.158973
vt 0.627838 0.161771
vt 0.656197 0.165889
vt 0.649057 0.164845
vt 0.452819 0.149086
vt 0.495764 0.150478
vt 0.473645 0.149800
vt 0.517704 0.151326
vt 0.537180 0.152391
vt 0.553100 0.153529
vt 0.569437 0.175881
vt 0.564738 0.175472
vt 0.585140 0.177427
vt 0.625045 0.181853
vt 0.604029 0.179377
vt 0.646485 0.184587
vt 0.472718 0.170254
vt 0.451823 0.169285
vt 0.494807 0.171156
vt 0.535697 0.173275
vt 0.516508 0.172149
vt 0.551568 0.174428
vt 0.567724 0.196499
vt 0.563011 0.196122
vt 0.583311 0.197850
vt 0.601665 0.199652
vt 0.622916 0.201870
vt 0.644272 0.204280
vt 0.653592 0.185452
vt 0.471627 0.190715
vt 0.450651 0.189671
vt 0.493733 0.191732
vt 0.515238 0.192761
vt 0.549908 0.195019
vt 0.534471 0.193958
vt 0.561492 0.216507
vt 0.581392 0.218078
vt 0.566075 0.216862
vt 0.599882 0.219776
vt 0.620796 0.221700
vt 0.651358 0.205084
vt 0.641994 0.223905
vt 0.470465 0.211154
vt 0.449505 0.210232
vt 0.514268 0.213291
vt 0.492696 0.212258
vt 0.532919 0.214392
vt 0.548545 0.215452
vt 0.559999 0.236657
vt 0.564536 0.236990
vt 0.598230 0.239646
vt 0.579655 0.238116
vt 0.618852 0.241402
vt 0.646874 0.244184
vt 0.639855 0.243438
vt 0.448652 0.230881
vt 0.491513 0.232614
vt 0.469705 0.231592
vt 0.513028 0.233670
vt 0.547136 0.235666
vt 0.531837 0.234728
vt 0.563131 0.256966
vt 0.558630 0.256664
vt 0.578177 0.257986
vt 0.596472 0.259341
vt 0.617023 0.260945
vt 0.637862 0.262812
vt 0.469077 0.251917
vt 0.448313 0.251343
vt 0.490789 0.252848
vt 0.512112 0.253905
vt 0.530578 0.254859
vt 0.545826 0.255747
vt 0.557442 0.276486
vt 0.561852 0.276754
vt 0.594921 0.278906
vt 0.576766 0.277709
vt 0.615364 0.280339
vt 0.644818 0.263502
vt 0.636048 0.282011
vt 0.447749 0.271482
vt 0.468528 0.272144
vt 0.490027 0.272979
vt 0.510904 0.273923
vt 0.544640 0.275659
vt 0.529651 0.274854
vt 0.560755 0.296472
vt 0.556237 0.296227
vt 0.575721 0.297315
vt 0.593533 0.298388
vt 0.613917 0.299597
vt 0.641261 0.301545
vt 0.634481 0.301017
vt 0.446962 0.291526
vt 0.489017 0.292994
vt 0.467603 0.292280
vt 0.510309 0.293915
vt 0.528448 0.294709
vt 0.543647 0.295458
vt 0.559685 0.316080
vt 0.555319 0.315869
vt 0.574429 0.316814
vt 0.592577 0.317757
vt 0.633139 0.319942
vt 0.612712 0.318771
vt 0.639970 0.320388
vt 0.446119 0.311671
vt 0.466840 0.312373
vt 0.509327 0.313841
vt 0.488387 0.312947
vt 0.527731 0.314536
vt 0.542646 0.315182
vt 0.558830 0.335599
vt 0.554421 0.335422
vt 0.573660 0.336241
vt 0.611672 0.337892
vt 0.591527 0.337024
vt 0.631967 0.338940
vt 0.466179 0.332422
vt 0.445614 0.331837
vt 0.487861 0.332935
vt 0.526895 0.334261
vt 0.508397 0.333610
vt 0.541929 0.334820
vt 0.553687 0.354931
vt 0.558094 0.355081
vt 0.572821 0.355601
vt 0.610651 0.356991
vt 0.590620 0.356252
vt 0.631159 0.357918
vt 0.637971 0.358224
vt 0.444965 0.352007
vt 0.465537 0.352401
vt 0.487149 0.352888
vt 0.526241 0.353938
vt 0.508069 0.353394
vt 0.541164 0.354402
vt 0.557481 0.374500
vt 0.553079 0.374373
vt 0.572152 0.374923
vt 0.589869 0.375455
vt 0.609877 0.376070
vt 0.630285 0.376775
vt 0.465353 0.372314
vt 0.444922 0.372130
vt 0.486959 0.372788
vt 0.507635 0.373155
vt 0.525633 0.373547
vt 0.540543 0.373930
vt 0.556913 0.393872
vt 0.552529 0.393778
vt 0.571623 0.394203
vt 0.589413 0.394622
vt 0.609523 0.395095
vt 0.629909 0.395590
vt 0.636621 0.395748
vt 0.444728 0.392071
vt 0.465139 0.392173
vt 0.486455 0.392595
vt 0.507198 0.392845
vt 0.525319 0.393105
vt 0.540025 0.393410
vt 0.556597 0.413223
vt 0.552212 0.413158
vt 0.571295 0.413453
vt 0.588866 0.413805
vt 0.629409 0.414397
vt 0.609033 0.414077
vt 0.465014 0.411999
vt 0.444619 0.411979
vt 0.486029 0.412256
vt 0.506900 0.412479
vt 0.524884 0.412645
vt 0.539801 0.412861
vt 0.556347 0.432566
vt 0.551899 0.432515
vt 0.588699 0.432979
vt 0.570946 0.432709
vt 0.608749 0.433102
vt 0.635901 0.433391
vt 0.629053 0.433320
vt 0.444812 0.431751
vt 0.485986 0.431835
vt 0.465110 0.431774
vt 0.506595 0.432057
vt 0.539485 0.432276
vt 0.524699 0.432139
vt 0.556127 0.451865
vt 0.551775 0.451818
vt 0.570657 0.451944
vt 0.588644 0.452084
vt 0.608394 0.452191
vt 0.635917 0.452334
vt 0.629049 0.452301
vt 0.444635 0.451436
vt 0.486114 0.451442
vt 0.464944 0.451516
vt 0.506334 0.451517
vt 0.524613 0.451600
vt 0.539299 0.451694
vt 0.551596 0.471068
vt 0.555906 0.471087
vt 0.570478 0.471144
vt 0.588279 0.471180
vt 0.608562 0.471284
vt 0.635825 0.471450
vt 0.628851 0.471407
vt 0.444663 0.471164
vt 0.485955 0.471065
vt 0.464847 0.471195
vt 0.506591 0.470983
vt 0.524520 0.470992
vt 0.539179 0.471032
vt 0.551562 0.490379
vt 0.570599 0.490353
vt 0.555986 0.490362
vt 0.588205 0.490324
vt 0.608251 0.490320
vt 0.628827 0.490496
vt 0.635675 0.490563
vt 0.444515 0.490974
vt 0.464843 0.490874
vt 0.485839 0.490602
vt 0.506519 0.490483
vt 0.524546 0.490391
vt 0.539288 0.490322
vt 0.635319 0.509445
vt 0.636028 0.602648
vt 0.638574 0.676072
vt 0.646831 0.785324
vt 0.672348 0.910462
vt 0.688052 0.051659
vt 0.663073 0.127001
vt 0.649064 0.224696
vt 0.642932 0.282630
vt 0.638879 0.339303
vt 0.637090 0.377002
vt 0.636213 0.414544
vt 0.354274 0.393323
vt 0.348925 0.385510
vt 0.358289 0.390572
vt 0.359311 0.401402
vt 0.358428 0.390736
vt 0.342992 0.378746
vt 0.358714 0.389360
vt 0.337211 0.373663
vt 0.358746 0.386612
vt 0.332352 0.370012
vt 0.357464 0.383766
vt 0.328645 0.367415
vt 0.355573 0.381650
vt 0.326073 0.365662
vt 0.353801 0.380089
vt 0.324573 0.364636
vt 0.352550 0.378779
vt 0.327270 0.353195
vt 0.359867 0.375366
vt 0.327997 0.352200
vt 0.360666 0.366450
vt 0.330039 0.351038
vt 0.362872 0.365193
vt 0.333521 0.349701
vt 0.366156 0.364237
vt 0.338632 0.347987
vt 0.370558 0.363461
vt 0.345555 0.345515
vt 0.376190 0.362319
vt 0.354181 0.341541
vt 0.382762 0.359673
vt 0.363571 0.335310
vt 0.388780 0.355007
vt 0.372330 0.327328
vt 0.392383 0.350107
vt 0.380824 0.318968
vt 0.394109 0.348711
vt 0.387930 0.309931
vt 0.398786 0.346216
vt 0.393260 0.301409
vt 0.403130 0.342369
vt 0.397355 0.294212
vt 0.405912 0.338677
vt 0.400658 0.288582
vt 0.407746 0.335900
vt 0.403364 0.284583
vt 0.409434 0.333985
vt 0.405574 0.282257
vt 0.411350 0.332761
vt 0.422831 0.284067
vt 0.414852 0.333628
vt 0.372372 0.435498
vt 0.372108 0.434735
vt 0.365550 0.394261
vt 0.371354 0.432463
vt 0.364350 0.394164
vt 0.370147 0.428731
vt 0.363747 0.393814
vt 0.368479 0.423610
vt 0.363304 0.393139
vt 0.366296 0.417186
vt 0.362622 0.392191
vt 0.363372 0.409619
vt 0.361325 0.391174
vt 0.359492 0.390688
vt 0.351036 0.415320
vt 0.342901 0.400710
vt 0.326431 0.410796
vt 0.333480 0.387606
vt 0.315565 0.393989
vt 0.323492 0.377577
vt 0.304559 0.380907
vt 0.314619 0.370232
vt 0.294897 0.371122
vt 0.307378 0.364761
vt 0.287108 0.363889
vt 0.301779 0.360722
vt 0.281262 0.358732
vt 0.297789 0.357913
vt 0.277285 0.355315
vt 0.295393 0.356240
vt 0.275033 0.353380
vt 0.294537 0.355754
vt 0.296325 0.348014
vt 0.274259 0.352693
vt 0.275993 0.345571
vt 0.278695 0.343330
vt 0.259751 0.344019
vt 0.262255 0.341209
vt 0.247824 0.339458
vt 0.266575 0.337159
vt 0.251477 0.334493
vt 0.256932 0.327418
vt 0.237308 0.332249
vt 0.241419 0.324022
vt 0.226107 0.321445
vt 0.247154 0.312683
vt 0.229596 0.308983
vt 0.234209 0.292346
vt 0.211863 0.306784
vt 0.213249 0.289449
vt 0.194005 0.306136
vt 0.215036 0.267111
vt 0.192095 0.288978
vt 0.195469 0.318995
vt 0.179942 0.319105
vt 0.176082 0.306998
vt 0.182693 0.327881
vt 0.168348 0.327845
vt 0.164087 0.319992
vt 0.171165 0.333327
vt 0.156639 0.332762
vt 0.153018 0.328076
vt 0.158664 0.335934
vt 0.142383 0.334885
vt 0.140071 0.332243
vt 0.142962 0.342192
vt 0.122455 0.341991
vt 0.121921 0.334065
vt 0.090546 0.334261
vt 0.121533 0.342335
vt 0.142089 0.342747
vt 0.158309 0.343411
vt 0.155911 0.345574
vt 0.139558 0.344299
vt 0.151802 0.349244
vt 0.166798 0.351396
vt 0.170305 0.346798
vt 0.180894 0.353302
vt 0.176948 0.361220
vt 0.161591 0.358200
vt 0.171496 0.372235
vt 0.188761 0.375657
vt 0.192097 0.363582
vt 0.206186 0.377752
vt 0.204846 0.394517
vt 0.184404 0.391772
vt 0.203125 0.416033
vt 0.225464 0.395057
vt 0.223723 0.378453
vt 0.241313 0.377819
vt 0.237681 0.366078
vt 0.222349 0.366002
vt 0.253323 0.365537
vt 0.249263 0.357992
vt 0.235043 0.357633
vt 0.264411 0.358251
vt 0.260937 0.353974
vt 0.246531 0.352894
vt 0.258913 0.351457
vt 0.244965 0.349940
vt 0.258257 0.350606
vt 0.244459 0.348943
vt 0.245707 0.342746
vt 0.232963 0.341618
vt 0.234563 0.337945
vt 0.221942 0.336658
vt 0.223610 0.330458
vt 0.210074 0.329148
vt 0.210824 0.319769
vt 0.196501 0.328289
vt 0.197163 0.334676
vt 0.184498 0.333941
vt 0.185494 0.337822
vt 0.172732 0.336909
vt 0.172980 0.343226
vt 0.159093 0.342675
vt 0.172322 0.344130
vt 0.185050 0.344910
vt 0.183536 0.347980
vt 0.194502 0.354911
vt 0.196109 0.349099
vt 0.207913 0.356171
vt 0.207191 0.365186
vt 0.221352 0.357058
vt 0.233281 0.351959
vt 0.220690 0.351065
vt 0.232274 0.348687
vt 0.220313 0.347618
vt 0.231951 0.347586
vt 0.220192 0.346459
vt 0.220954 0.340602
vt 0.209231 0.339691
vt 0.209559 0.335588
vt 0.197512 0.338727
vt 0.197333 0.344631
vt 0.185544 0.343875
vt 0.197029 0.345755
vt 0.208672 0.346672
vt 0.208395 0.350139
vt 0.208767 0.345487
vt 0.269550 0.364597
vt 0.276578 0.373520
vt 0.258890 0.376037
vt 0.266003 0.390156
vt 0.245955 0.393503
vt 0.251382 0.413677
vt 0.227452 0.416343
vt 0.229479 0.442351
vt 0.201004 0.442548
vt 0.166622 0.466964
vt 0.198629 0.472247
vt 0.231068 0.472118
vt 0.172922 0.437827
vt 0.179057 0.412472
vt 0.155855 0.406037
vt 0.164420 0.386981
vt 0.145158 0.380491
vt 0.154425 0.367681
vt 0.137363 0.362385
vt 0.145719 0.354693
vt 0.128498 0.351203
vt 0.135089 0.347041
vt 0.114516 0.345745
vt 0.118902 0.343605
vt 0.089746 0.346760
vt 0.091390 0.345986
vt 0.054839 0.350969
vt 0.061520 0.355502
vt 0.007187 0.301022
vt 0.007187 0.250823
vt 0.024512 0.251779
vt 0.010783 0.300723
vt 0.026325 0.254426
vt 0.053980 0.366233
vt 0.064029 0.362724
vt 0.057506 0.369587
vt 0.053816 0.366373
vt 0.051250 0.376762
vt 0.053752 0.364969
vt 0.070962 0.356989
vt 0.054158 0.362250
vt 0.077478 0.352889
vt 0.055876 0.359644
vt 0.082855 0.350057
vt 0.058080 0.357856
vt 0.086928 0.348082
vt 0.060077 0.356597
vt 0.055467 0.342039
vt 0.089986 0.333163
vt 0.053488 0.340448
vt 0.088155 0.331692
vt 0.050399 0.338983
vt 0.084929 0.329818
vt 0.046176 0.337516
vt 0.080156 0.327314
vt 0.040797 0.335494
vt 0.073714 0.323773
vt 0.034729 0.331837
vt 0.065829 0.318478
vt 0.029530 0.326274
vt 0.057549 0.310834
vt 0.026751 0.320863
vt 0.050170 0.301561
vt 0.025269 0.319211
vt 0.043113 0.291957
vt 0.021048 0.316004
vt 0.037534 0.281905
vt 0.017370 0.311515
vt 0.033626 0.272644
vt 0.015211 0.307428
vt 0.030727 0.264889
vt 0.013842 0.304395
vt 0.028360 0.258805
vt 0.012479 0.302236
vt 0.046225 0.368722
vt 0.033317 0.407638
vt 0.032935 0.408349
vt 0.047425 0.368816
vt 0.034422 0.405515
vt 0.048076 0.368567
vt 0.036208 0.402022
vt 0.048620 0.367970
vt 0.038668 0.397231
vt 0.049444 0.367142
vt 0.041845 0.391236
vt 0.050886 0.366345
vt 0.045934 0.384229
vt 0.052774 0.366156
vt 0.057207 0.391819
vt 0.067561 0.378688
vt 0.082218 0.391264
vt 0.078945 0.367248
vt 0.095618 0.376397
vt 0.090400 0.358934
vt 0.108563 0.365231
vt 0.100328 0.353093
vt 0.119658 0.357106
vt 0.108346 0.348843
vt 0.126639 0.372918
vt 0.113960 0.386995
vt 0.134059 0.397269
vt 0.146310 0.429524
vt 0.121965 0.418244
vt 0.136654 0.456806
vt 0.109951 0.442771
vt 0.098798 0.469187
vt 0.075805 0.448776
vt 0.087434 0.426221
vt 0.065573 0.470944
vt 0.050084 0.444406
vt 0.059101 0.426978
vt 0.042381 0.460036
vt 0.036553 0.428568
vt 0.042173 0.417754
vt 0.032023 0.437427
vt 0.028652 0.444035
vt 0.036059 0.473119
vt 0.031319 0.483000
vt 0.049333 0.508671
vt 0.056691 0.491315
vt 0.079888 0.520394
vt 0.088731 0.495650
vt 0.118890 0.516354
vt 0.127414 0.486383
vt 0.160406 0.498678
vt 0.154510 0.531017
vt 0.196021 0.504854
vt 0.149186 0.561744
vt 0.193355 0.538184
vt 0.111321 0.544685
vt 0.104989 0.569371
vt 0.072518 0.541774
vt 0.066929 0.558311
vt 0.043776 0.521949
vt 0.040278 0.530305
vt 0.028353 0.489148
vt 0.027329 0.491239
vt 0.025830 0.449516
vt 0.026536 0.448125
vt 0.007818 0.200909
vt 0.017531 0.150470
vt 0.036563 0.159284
vt 0.026256 0.204602
vt 0.058165 0.116304
vt 0.062291 0.127221
vt 0.040647 0.167180
vt 0.066923 0.143239
vt 0.098366 0.112418
vt 0.094629 0.092851
vt 0.138002 0.089526
vt 0.140576 0.117196
vt 0.102831 0.136972
vt 0.143788 0.148586
vt 0.183635 0.139466
vt 0.183254 0.106144
vt 0.225314 0.138598
vt 0.222490 0.173912
vt 0.184392 0.174359
vt 0.219740 0.208288
vt 0.260033 0.180409
vt 0.266326 0.146080
vt 0.304217 0.161418
vt 0.312378 0.130937
vt 0.271998 0.113241
vt 0.346499 0.156461
vt 0.354810 0.132929
vt 0.319317 0.104028
vt 0.380955 0.168356
vt 0.388074 0.153278
vt 0.361610 0.114205
vt 0.403091 0.196169
vt 0.408379 0.189023
vt 0.393882 0.143155
vt 0.411351 0.235403
vt 0.430142 0.234687
vt 0.428569 0.183346
vt 0.372368 0.475785
vt 0.372844 0.477271
vt 0.364053 0.515998
vt 0.364731 0.518225
vt 0.362102 0.509457
vt 0.345738 0.554736
vt 0.343612 0.545930
vt 0.314974 0.578150
vt 0.340237 0.531938
vt 0.312085 0.560935
vt 0.308206 0.538655
vt 0.273313 0.557641
vt 0.275640 0.583020
vt 0.270343 0.528468
vt 0.232845 0.537282
vt 0.233217 0.568465
vt 0.232164 0.504418
vt 0.266691 0.497523
vt 0.303410 0.512821
vt 0.297677 0.485094
vt 0.262269 0.466853
vt 0.335731 0.513633
vt 0.330199 0.492110
vt 0.358992 0.498948
vt 0.354831 0.485026
vt 0.368651 0.464351
vt 0.370928 0.471411
vt 0.365586 0.454885
vt 0.361756 0.443315
vt 0.349710 0.468371
vt 0.343578 0.449731
vt 0.323621 0.468597
vt 0.315725 0.444480
vt 0.290864 0.457241
vt 0.282901 0.431116
vt 0.257072 0.438383
vt 0.274295 0.408486
vt 0.295772 0.401537
vt 0.285491 0.385623
vt 0.306217 0.421484
vt 0.336026 0.430031
vt 0.357061 0.429956
vt 0.190819 0.569883
vt 0.233375 0.595699
vt 0.144701 0.588607
vt 0.188603 0.597593
vt 0.141301 0.609539
vt 0.100190 0.588577
vt 0.097168 0.600802
vt 0.063404 0.568794
vt 0.062162 0.572414
vt 0.039053 0.533170
vt 0.040188 0.101450
vt 0.091260 0.079198
vt 0.076544 0.058668
vt 0.133911 0.051636
vt 0.135892 0.067322
vt 0.183094 0.076671
vt 0.182984 0.052982
vt 0.230413 0.074848
vt 0.228018 0.104790
vt 0.276841 0.084169
vt 0.324929 0.082442
vt 0.280715 0.060798
vt 0.367106 0.101260
vt 0.329378 0.067269
vt 0.413992 0.131347
vt 0.384898 0.083330
vt 0.346492 0.557759
vt 0.316788 0.589060
vt 0.317439 0.592832
vt 0.278365 0.615295
vt 0.277326 0.602744
vt 0.233405 0.616906
vt 0.186878 0.619162
vt 0.233391 0.630412
vt 0.278745 0.619652
vt 0.185780 0.632889
vt 0.233395 0.635110
vt 0.342815 0.044398
vt 0.283668 0.044264
vt 0.291480 0.018419
vt 0.232339 0.050769
vt 0.233712 0.033609
vt 0.182697 0.036188
vt 0.179092 0.009430
vt 0.124280 0.026919
vt 0.096101 0.605044
vt 0.139168 0.622875
vt 0.138418 0.627513
vt 0.235825 0.007187
vt 0.185398 0.637665
vt 0.407316 0.239877
vt 0.402469 0.247196
vt 0.396637 0.207302
vt 0.388896 0.221880
vt 0.372327 0.187623
vt 0.362257 0.209980
vt 0.336756 0.183341
vt 0.325690 0.211846
vt 0.295012 0.193419
vt 0.284960 0.224778
vt 0.253359 0.213890
vt 0.246564 0.244458
vt 0.217250 0.239420
vt 0.189850 0.266889
vt 0.239936 0.270895
vt 0.187509 0.239734
vt 0.185659 0.208476
vt 0.152729 0.214202
vt 0.147789 0.181644
vt 0.114572 0.194960
vt 0.108178 0.165059
vt 0.078766 0.187306
vt 0.072378 0.163633
vt 0.050575 0.194821
vt 0.045249 0.179198
vt 0.033150 0.217657
vt 0.029529 0.209661
vt 0.037226 0.228330
vt 0.041894 0.241441
vt 0.056685 0.213337
vt 0.086273 0.212961
vt 0.063833 0.233992
vt 0.095369 0.239076
vt 0.122267 0.224766
vt 0.158595 0.244187
vt 0.131341 0.252416
vt 0.165013 0.269968
vt 0.141123 0.275999
vt 0.150378 0.294815
vt 0.130230 0.300509
vt 0.118570 0.284410
vt 0.140035 0.312540
vt 0.121312 0.316628
vt 0.110405 0.307339
vt 0.129756 0.323444
vt 0.109105 0.325681
vt 0.100729 0.320954
vt 0.115286 0.329216
vt 0.119510 0.331943
vt 0.135928 0.328524
vt 0.147580 0.321495
vt 0.158138 0.309219
vt 0.171038 0.290841
vt 0.089986 0.314249
vt 0.097470 0.294316
vt 0.077453 0.304203
vt 0.106450 0.263627
vt 0.084377 0.276663
vt 0.072775 0.255757
vt 0.054981 0.273540
vt 0.047512 0.256728
vt 0.065397 0.289999
vt 0.263968 0.277882
vt 0.254702 0.297532
vt 0.264517 0.317728
vt 0.274468 0.304740
vt 0.281862 0.323884
vt 0.272990 0.331525
vt 0.283376 0.340317
vt 0.290278 0.336283
vt 0.303645 0.344281
vt 0.299043 0.346302
vt 0.310310 0.341774
vt 0.319331 0.338438
vt 0.299697 0.330896
vt 0.311942 0.323458
vt 0.293455 0.313564
vt 0.307525 0.299523
vt 0.286596 0.287635
vt 0.300002 0.265906
vt 0.274403 0.253450
vt 0.313356 0.240050
vt 0.337637 0.258453
vt 0.350769 0.234115
vt 0.369581 0.258446
vt 0.379920 0.239189
vt 0.390057 0.269287
vt 0.396749 0.257085
vt 0.382080 0.283487
vt 0.372034 0.298899
vt 0.357292 0.278513
vt 0.342515 0.297309
vt 0.322795 0.280931
vt 0.326783 0.312657
vt 0.344974 0.325600
vt 0.331003 0.333526
vt 0.359134 0.313492
vt 0.048932 0.405311
vt 0.069688 0.408729
vt 0.100477 0.405029
s 0
usemtl マテリアル.001
f 1/1/1 14/2/1 13/3/1
f 2/4/2 15/5/2 14/2/2
f 3/6/3 16/7/3 15/5/3
f 4/8/4 17/9/4 16/7/4
f 6/10/5 17/9/5 5/11/5
f 6/10/6 19/12/6 18/13/6
f 8/14/7 19/15/7 7/16/7
f 9/17/8 20/18/8 8/14/8
f 10/19/9 21/20/9 9/17/9
f 11/21/10 22/22/10 10/19/10
f 12/23/11 23/24/11 11/21/11
f 1/1/12 24/25/12 12/23/12
f 13/3/13 26/26/13 25/27/13
f 15/5/14 26/26/14 14/2/14
f 15/5/15 28/28/15 27/29/15
f 17/9/16 28/28/16 16/7/16
f 18/13/17 29/30/17 17/9/17
f 18/13/18 31/31/18 30/32/18
f 20/18/19 31/33/19 19/15/19
f 20/18/20 33/34/20 32/35/20
f 21/20/21 34/36/21 33/34/21
f 22/22/22 35/37/22 34/36/22
f 23/24/23 36/38/23 35/37/23
f 13/3/24 36/38/24 24/25/24
f 25/27/25 38/39/25 37/40/25
f 27/29/26 38/39/26 26/26/26
f 28/28/27 39/41/27 27/29/27
f 29/30/28 40/42/28 28/28/28
f 29/30/29 42/43/29 41/44/29
f 30/32/30 43/45/30 42/43/30
f 32/35/31 43/46/31 31/33/31
f 33/34/32 44/47/32 32/35/32
f 34/36/33 45/48/33 33/34/33
f 34/36/34 47/49/34 46/50/34
f 36/38/35 47/49/35 35/37/35
f 25/27/36 48/51/36 36/38/36
f 37/40/37 50/52/37 49/53/37
f 39/41/38 50/52/38 38/39/38
f 39/41/39 52/54/39 51/55/39
f 41/44/40 52/54/40 40/42/40
f 42/43/41 53/56/41 41/44/41
f 43/45/42 54/57/42 42/43/42
f 44/47/43 55/58/43 43/46/43
f 44/47/44 57/59/44 56/60/44
f 45/48/45 58/61/45 57/59/45
f 47/49/46 58/61/46 46/50/46
f 47/49/47 60/62/47 59/63/47
f 37/40/48 60/62/48 48/51/48
f 50/52/49 61/64/49 49/53/49
f 50/52/50 63/65/50 62/66/50
f 52/54/51 63/65/51 51/55/51
f 52/54/52 65/67/52 64/68/52
f 53/56/53 66/69/53 65/67/53
f 55/70/54 66/69/54 54/57/54
f 55/58/55 68/71/55 67/72/55
f 57/59/56 68/71/56 56/60/56
f 58/61/57 69/73/57 57/59/57
f 58/61/58 71/74/58 70/75/58
f 60/62/59 71/74/59 59/63/59
f 60/62/60 61/64/60 72/76/60
f 62/66/61 73/77/61 61/64/61
f 62/66/62 75/78/62 74/79/62
f 64/68/63 75/78/63 63/65/63
f 64/68/64 77/80/64 76/81/64
f 66/69/65 77/80/65 65/67/65
f 66/69/66 79/82/66 78/83/66
f 68/71/67 79/84/67 67/72/67
f 68/71/68 81/85/68 80/86/68
f 70/75/69 81/85/69 69/73/69
f 70/75/70 83/87/70 82/88/70
f 72/76/71 83/87/71 71/74/71
f 72/76/72 73/77/72 84/89/72
f 74/79/73 85/90/73 73/77/73
f 74/79/74 87/91/74 86/92/74
f 76/81/75 87/91/75 75/78/75
f 77/80/76 88/93/76 76/81/76
f 78/83/77 89/94/77 77/80/77
f 78/83/78 91/95/78 90/96/78
f 80/86/79 91/97/79 79/84/79
f 80/86/80 93/98/80 92/99/80
f 81/85/81 94/100/81 93/98/81
f 82/88/82 95/101/82 94/100/82
f 84/89/83 95/101/83 83/87/83
f 84/89/84 85/90/84 96/102/84
f 85/90/85 98/103/85 97/104/85
f 86/92/86 99/105/86 98/103/86
f 88/93/87 99/105/87 87/91/87
f 88/93/88 101/106/88 100/107/88
f 89/94/89 102/108/89 101/106/89
f 90/96/90 103/109/90 102/108/90
f 92/99/91 103/110/91 91/97/91
f 93/98/92 104/111/92 92/99/92
f 94/100/93 105/112/93 93/98/93
f 94/100/94 107/113/94 106/114/94
f 96/102/95 107/113/95 95/101/95
f 85/90/96 108/115/96 96/102/96
f 97/104/97 110/116/97 109/117/97
f 98/103/98 111/118/98 110/116/98
f 99/105/99 112/119/99 111/118/99
f 101/106/100 112/119/100 100/107/100
f 102/108/101 113/120/101 101/106/101
f 103/109/102 114/121/102 102/108/102
f 103/110/103 116/122/103 115/123/103
f 104/111/104 117/124/104 116/122/104
f 105/112/105 118/125/105 117/124/105
f 107/113/106 118/125/106 106/114/106
f 108/115/107 119/126/107 107/113/107
f 97/104/108 120/127/108 108/115/108
f 110/116/109 121/128/109 109/117/109
f 111/118/110 122/129/110 110/116/110
f 111/118/111 124/130/111 123/131/111
f 112/119/112 125/132/112 124/130/112
f 114/121/113 125/132/113 113/120/113
f 114/121/114 127/133/114 126/134/114
f 116/122/115 127/135/115 115/123/115
f 116/122/116 129/136/116 128/137/116
f 118/125/117 129/136/117 117/124/117
f 119/126/118 130/138/118 118/125/118
f 119/126/119 132/139/119 131/140/119
f 120/127/120 121/128/120 132/139/120
f 122/129/121 133/141/121 121/128/121
f 123/131/122 134/142/122 122/129/122
f 124/130/123 135/143/123 123/131/123
f 125/132/124 136/144/124 124/130/124
f 126/134/125 137/145/125 125/132/125
f 127/133/126 138/146/126 126/134/126
f 128/137/127 139/147/127 127/135/127
f 129/136/128 140/148/128 128/137/128
f 129/136/129 142/149/129 141/150/129
f 130/138/130 143/151/130 142/149/130
f 131/140/131 144/152/131 143/151/131
f 132/139/132 133/141/132 144/152/132
f 134/142/133 145/153/133 133/141/133
f 135/143/134 146/154/134 134/142/134
f 136/144/135 147/155/135 135/143/135
f 136/144/136 149/156/136 148/157/136
f 137/145/137 150/158/137 149/156/137
f 139/159/138 150/158/138 138/146/138
f 140/148/139 151/160/139 139/147/139
f 141/150/140 152/161/140 140/148/140
f 142/149/141 153/162/141 141/150/141
f 142/149/142 155/163/142 154/164/142
f 143/151/143 156/165/143 155/163/143
f 133/141/144 156/165/144 144/152/144
f 146/154/145 157/166/145 145/153/145
f 147/155/146 158/167/146 146/154/146
f 148/157/147 159/168/147 147/155/147
f 149/156/148 160/169/148 148/157/148
f 149/156/149 162/170/149 161/171/149
f 151/172/150 162/170/150 150/158/150
f 151/160/151 164/173/151 163/174/151
f 153/162/152 164/173/152 152/161/152
f 153/162/153 166/175/153 165/176/153
f 154/164/154 167/177/154 166/175/154
f 155/163/155 168/178/155 167/177/155
f 156/165/156 157/166/156 168/178/156
f 157/166/157 170/179/157 169/180/157
f 158/167/158 171/181/158 170/179/158
f 159/168/159 172/182/159 171/181/159
f 160/169/160 173/183/160 172/182/160
f 161/171/161 174/184/161 173/183/161
f 163/185/162 174/184/162 162/170/162
f 164/173/163 175/186/163 163/174/163
f 165/176/164 176/187/164 164/173/164
f 166/175/165 177/188/165 165/176/165
f 167/177/166 178/189/166 166/175/166
f 168/178/167 179/190/167 167/177/167
f 157/166/168 180/191/168 168/178/168
f 169/180/169 182/192/169 181/193/169
f 171/181/170 182/192/170 170/179/170
f 172/182/171 183/194/171 171/181/171
f 172/182/172 185/195/172 184/196/172
f 174/184/173 185/195/173 173/183/173
f 175/197/174 186/198/174 174/184/174
f 175/186/175 188/199/175 187/200/175
f 176/187/176 189/201/176 188/199/176
f 178/189/177 189/201/177 177/188/177
f 178/189/178 191/202/178 190/203/178
f 179/190/179 192/204/179 191/202/179
f 169/180/180 192/204/180 180/191/180
f 181/193/181 194/205/181 193/206/181
f 182/192/182 195/207/182 194/205/182
f 183/194/183 196/208/183 195/207/183
f 184/196/184 197/209/184 196/208/184
f 186/198/185 197/209/185 185/195/185
f 186/198/186 199/210/186 198/211/186
f 188/199/187 199/212/187 187/200/187
f 189/201/188 200/213/188 188/199/188
f 190/203/189 201/214/189 189/201/189
f 191/202/190 202/215/190 190/203/190
f 192/204/191 203/216/191 191/202/191
f 181/193/192 204/217/192 192/204/192
f 194/205/193 205/218/193 193/206/193
f 195/207/194 206/219/194 194/205/194
f 196/208/195 207/220/195 195/207/195
f 196/208/196 209/221/196 208/222/196
f 198/211/197 209/221/197 197/209/197
f 198/211/198 211/223/198 210/224/198
f 200/213/199 211/225/199 199/212/199
f 200/213/200 213/226/200 212/227/200
f 202/215/201 213/226/201 201/214/201
f 202/215/202 215/228/202 214/229/202
f 203/216/203 216/230/203 215/228/203
f 204/217/204 205/218/204 216/230/204
f 205/218/205 218/231/205 217/232/205
f 206/219/206 219/233/206 218/231/206
f 207/220/207 220/234/207 219/233/207
f 209/221/208 220/234/208 208/222/208
f 210/224/209 221/235/209 209/221/209
f 210/224/210 223/236/210 222/237/210
f 212/227/211 223/238/211 211/225/211
f 212/227/212 225/239/212 224/240/212
f 213/226/213 226/241/213 225/239/213
f 215/228/214 226/241/214 214/229/214
f 216/230/215 227/242/215 215/228/215
f 205/218/216 228/243/216 216/230/216
f 217/232/217 230/244/217 229/245/217
f 219/233/218 230/244/218 218/231/218
f 220/234/219 231/246/219 219/233/219
f 221/235/220 232/247/220 220/234/220
f 221/235/221 234/248/221 233/249/221
f 223/236/222 234/248/222 222/237/222
f 223/238/223 236/250/223 235/251/223
f 225/239/224 236/250/224 224/240/224
f 225/239/225 238/252/225 237/253/225
f 226/241/226 239/254/226 238/252/226
f 227/242/227 240/255/227 239/254/227
f 217/232/228 240/255/228 228/243/228
f 229/245/229 242/256/229 241/257/229
f 230/244/230 243/258/230 242/256/230
f 231/246/231 244/259/231 243/258/231
f 233/249/232 244/259/232 232/247/232
f 233/249/233 246/260/233 245/261/233
f 235/262/234 246/260/234 234/248/234
f 235/251/235 248/263/235 247/264/235
f 237/253/236 248/263/236 236/250/236
f 237/253/237 250/265/237 249/266/237
f 239/254/238 250/265/238 238/252/238
f 240/255/239 251/267/239 239/254/239
f 229/245/240 252/268/240 240/255/240
f 241/257/241 254/269/241 253/270/241
f 243/258/242 254/269/242 242/256/242
f 243/258/243 256/271/243 255/272/243
f 244/259/244 257/273/244 256/271/244
f 245/261/245 258/274/245 257/273/245
f 247/275/246 258/274/246 246/260/246
f 247/264/247 260/276/247 259/277/247
f 249/266/248 260/276/248 248/263/248
f 250/265/249 261/278/249 249/266/249
f 251/267/250 262/279/250 250/265/250
f 251/267/251 264/280/251 263/281/251
f 241/257/252 264/280/252 252/268/252
f 254/269/253 265/282/253 253/270/253
f 254/269/254 267/283/254 266/284/254
f 255/272/255 268/285/255 267/283/255
f 257/273/256 268/285/256 256/271/256
f 257/273/257 270/286/257 269/287/257
f 259/288/258 270/286/258 258/274/258
f 260/276/259 271/289/259 259/277/259
f 261/278/260 272/290/260 260/276/260
f 261/278/261 274/291/261 273/292/261
f 263/281/262 274/291/262 262/279/262
f 264/280/263 275/293/263 263/281/263
f 264/280/264 265/282/264 276/294/264
f 266/284/265 277/295/265 265/282/265
f 267/283/266 278/296/266 266/284/266
f 268/285/267 279/297/267 267/283/267
f 269/287/268 280/298/268 268/285/268
f 270/286/269 281/299/269 269/287/269
f 270/286/270 283/300/270 282/301/270
f 272/290/271 283/302/271 271/289/271
f 272/290/272 285/303/272 284/304/272
f 273/292/273 286/305/273 285/303/273
f 274/291/274 287/306/274 286/305/274
f 275/293/275 288/307/275 287/306/275
f 276/294/276 277/295/276 288/307/276
f 277/295/277 290/308/277 289/309/277
f 278/296/278 291/310/278 290/308/278
f 279/297/279 292/311/279 291/310/279
f 280/298/280 293/312/280 292/311/280
f 282/301/281 293/312/281 281/299/281
f 282/301/282 295/313/282 294/314/282
f 284/304/283 295/315/283 283/302/283
f 284/304/284 297/316/284 296/317/284
f 286/305/285 297/316/285 285/303/285
f 287/306/286 298/318/286 286/305/286
f 288/307/287 299/319/287 287/306/287
f 277/295/288 300/320/288 288/307/288
f 290/321/6 301/322/6 289/323/6
f 291/324/5 302/325/5 290/321/5
f 292/326/4 303/327/4 291/324/4
f 293/328/3 304/329/3 292/326/3
f 293/328/2 306/330/2 305/331/2
f 294/332/1 307/333/1 306/330/1
f 295/334/12 308/335/12 307/336/12
f 297/337/11 308/335/11 296/338/11
f 297/337/10 310/339/10 309/340/10
f 298/341/9 311/342/9 310/339/9
f 299/343/8 312/344/8 311/342/8
f 300/345/7 301/322/7 312/344/7
f 301/322/18 314/346/18 313/347/18
f 302/325/17 315/348/17 314/346/17
f 303/327/16 316/349/16 315/348/16
f 304/329/15 317/350/15 316/349/15
f 305/331/14 318/351/14 317/350/14
f 306/330/13 319/352/13 318/351/13
f 307/336/24 320/353/24 319/354/24
f 309/340/23 320/353/23 308/335/23
f 310/339/22 321/355/22 309/340/22
f 311/342/21 322/356/21 310/339/21
f 312/344/20 323/357/20 311/342/20
f 301/322/19 324/358/19 312/344/19
f 314/346/30 325/359/30 313/347/30
f 314/346/29 327/360/29 326/361/29
f 316/349/28 327/360/28 315/348/28
f 316/349/27 329/362/27 328/363/27
f 318/351/26 329/362/26 317/350/26
f 318/351/25 331/364/25 330/365/25
f 320/353/36 331/366/36 319/354/36
f 320/353/35 333/367/35 332/368/35
f 322/356/34 333/367/34 321/355/34
f 323/357/33 334/369/33 322/356/33
f 324/358/32 335/370/32 323/357/32
f 324/358/31 325/359/31 336/371/31
f 326/361/42 337/372/42 325/359/42
f 327/360/41 338/373/41 326/361/41
f 328/363/40 339/374/40 327/360/40
f 328/363/39 341/375/39 340/376/39
f 329/362/38 342/377/38 341/375/38
f 331/364/37 342/377/37 330/365/37
f 331/366/48 344/378/48 343/379/48
f 333/367/47 344/378/47 332/368/47
f 334/369/46 345/380/46 333/367/46
f 334/369/45 347/381/45 346/382/45
f 335/370/44 348/383/44 347/381/44
f 336/371/43 337/372/43 348/383/43
f 338/373/54 349/384/54 337/372/54
f 339/374/53 350/385/53 338/373/53
f 340/376/52 351/386/52 339/374/52
f 340/376/51 353/387/51 352/388/51
f 342/377/50 353/387/50 341/375/50
f 342/377/49 355/389/49 354/390/49
f 344/378/60 355/391/60 343/379/60
f 344/378/59 357/392/59 356/393/59
f 346/382/58 357/392/58 345/380/58
f 346/382/57 359/394/57 358/395/57
f 347/381/56 360/396/56 359/394/56
f 348/383/55 349/384/55 360/396/55
f 350/385/66 361/397/66 349/384/66
f 350/385/65 363/398/65 362/399/65
f 351/386/64 364/400/64 363/398/64
f 353/387/63 364/400/63 352/388/63
f 354/390/62 365/401/62 353/387/62
f 354/390/61 367/402/61 366/403/61
f 356/393/72 367/404/72 355/391/72
f 356/393/71 369/405/71 368/406/71
f 358/395/70 369/405/70 357/392/70
f 359/394/69 370/407/69 358/395/69
f 360/396/68 371/408/68 359/394/68
f 360/396/67 361/397/67 372/409/67
f 361/397/78 374/410/78 373/411/78
f 363/398/77 374/410/77 362/399/77
f 364/400/76 375/412/76 363/398/76
f 364/400/75 377/413/75 376/414/75
f 365/401/74 378/415/74 377/413/74
f 367/402/73 378/415/73 366/403/73
f 367/404/84 380/416/84 379/417/84
f 369/405/83 380/416/83 368/406/83
f 370/407/82 381/418/82 369/405/82
f 370/407/81 383/419/81 382/420/81
f 371/408/80 384/421/80 383/419/80
f 361/397/79 384/421/79 372/409/79
f 373/411/90 386/422/90 385/423/90
f 374/410/89 387/424/89 386/422/89
f 375/412/88 388/425/88 387/424/88
f 376/414/87 389/426/87 388/425/87
f 377/413/86 390/427/86 389/426/86
f 379/428/85 390/427/85 378/415/85
f 379/417/96 392/429/96 391/430/96
f 381/418/95 392/429/95 380/416/95
f 382/420/94 393/431/94 381/418/94
f 383/419/93 394/432/93 382/420/93
f 383/419/92 396/433/92 395/434/92
f 373/411/91 396/433/91 384/421/91
f 386/422/102 397/435/102 385/423/102
f 386/422/101 399/436/101 398/437/101
f 388/425/100 399/436/100 387/424/100
f 389/426/99 400/438/99 388/425/99
f 390/427/98 401/439/98 389/426/98
f 391/440/97 402/441/97 390/427/97
f 391/430/108 404/442/108 403/443/108
f 393/431/107 404/442/107 392/429/107
f 393/431/106 406/444/106 405/445/106
f 394/432/105 407/446/105 406/444/105
f 396/433/104 407/446/104 395/434/104
f 396/433/103 397/435/103 408/447/103
f 398/437/114 409/448/114 397/435/114
f 399/436/113 410/449/113 398/437/113
f 399/436/112 412/450/112 411/451/112
f 401/439/111 412/450/111 400/438/111
f 402/441/110 413/452/110 401/439/110
f 402/441/109 415/453/109 414/454/109
f 404/442/120 415/455/120 403/443/120
f 404/442/119 417/456/119 416/457/119
f 406/444/118 417/456/118 405/445/118
f 407/446/117 418/458/117 406/444/117
f 407/446/116 420/459/116 419/460/116
f 397/435/115 420/459/115 408/447/115
f 409/448/126 422/461/126 421/462/126
f 410/449/125 423/463/125 422/461/125
f 412/450/124 423/463/124 411/451/124
f 413/452/123 424/464/123 412/450/123
f 414/454/122 425/465/122 413/452/122
f 415/453/121 426/466/121 414/454/121
f 415/455/132 428/467/132 427/468/132
f 416/457/131 429/469/131 428/467/131
f 417/456/130 430/470/130 429/469/130
f 418/458/129 431/471/129 430/470/129
f 420/459/128 431/471/128 419/460/128
f 409/448/127 432/472/127 420/459/127
f 422/461/138 433/473/138 421/462/138
f 423/463/137 434/474/137 422/461/137
f 423/463/136 436/475/136 435/476/136
f 424/464/135 437/477/135 436/475/135
f 426/466/134 437/477/134 425/465/134
f 427/478/133 438/479/133 426/466/133
f 428/467/289 439/480/289 427/468/289
f 429/469/143 440/481/143 428/467/143
f 430/470/142 441/482/142 429/469/142
f 431/471/141 442/483/141 430/470/141
f 431/471/140 444/484/140 443/485/140
f 432/472/290 433/473/290 444/484/290
f 433/473/150 446/486/150 445/487/150
f 434/474/149 447/488/149 446/486/149
f 435/476/148 448/489/148 447/488/148
f 437/477/147 448/489/147 436/475/147
f 438/479/146 449/490/146 437/477/146
f 438/479/145 451/491/145 450/492/145
f 440/481/156 451/493/156 439/480/156
f 440/481/155 453/494/155 452/495/155
f 441/482/154 454/496/154 453/494/154
f 443/485/153 454/496/153 442/483/153
f 444/484/152 455/497/152 443/485/152
f 433/473/291 456/498/291 444/484/291
f 445/487/162 458/499/162 457/500/162
f 447/488/161 458/499/161 446/486/161
f 448/489/160 459/501/160 447/488/160
f 449/490/159 460/502/159 448/489/159
f 449/490/158 462/503/158 461/504/158
f 450/492/157 463/505/157 462/503/157
f 452/495/168 463/506/168 451/493/168
f 453/494/167 464/507/167 452/495/167
f 453/494/166 466/508/166 465/509/166
f 454/496/165 467/510/165 466/508/165
f 455/497/164 468/511/164 467/510/164
f 445/487/163 468/511/163 456/498/163
f 457/500/174 470/512/174 469/513/174
f 458/499/173 471/514/173 470/512/173
f 460/502/172 471/514/172 459/501/172
f 460/502/171 473/515/171 472/516/171
f 461/504/170 474/517/170 473/515/170
f 463/505/169 474/517/169 462/503/169
f 463/506/180 476/518/180 475/519/180
f 465/509/179 476/518/179 464/507/179
f 466/508/178 477/520/178 465/509/178
f 466/508/177 479/521/177 478/522/177
f 468/511/176 479/521/176 467/510/176
f 457/500/175 480/523/175 468/511/175
f 470/512/186 481/524/186 469/513/186
f 471/514/185 482/525/185 470/512/185
f 472/516/184 483/526/184 471/514/184
f 472/516/183 485/527/183 484/528/183
f 473/515/182 486/529/182 485/527/182
f 474/517/181 487/530/181 486/529/181
f 476/518/192 487/531/192 475/519/192
f 477/520/191 488/532/191 476/518/191
f 478/522/190 489/533/190 477/520/190
f 478/522/189 491/534/189 490/535/189
f 479/521/188 492/536/188 491/534/188
f 480/523/187 481/524/187 492/536/187
f 481/524/198 494/537/198 493/538/198
f 483/526/197 494/537/197 482/525/197
f 484/528/196 495/539/196 483/526/196
f 485/527/195 496/540/195 484/528/195
f 486/529/194 497/541/194 485/527/194
f 487/530/193 498/542/193 486/529/193
f 487/531/204 500/543/204 499/544/204
f 488/532/203 501/545/203 500/543/203
f 489/533/202 502/546/202 501/545/202
f 490/535/201 503/547/201 502/546/201
f 492/536/200 503/547/200 491/534/200
f 481/524/199 504/548/199 492/536/199
f 493/538/210 506/549/210 505/550/210
f 494/537/209 507/551/209 506/549/209
f 495/539/208 508/552/208 507/551/208
f 496/540/207 509/553/207 508/552/207
f 497/541/206 510/554/206 509/553/206
f 498/542/205 511/555/205 510/554/205
f 500/543/216 511/556/216 499/544/216
f 501/545/215 512/557/215 500/543/215
f 502/546/214 513/558/214 501/545/214
f 503/547/213 514/559/213 502/546/213
f 504/548/212 515/560/212 503/547/212
f 493/538/211 516/561/211 504/548/211
f 505/550/222 518/562/222 517/563/222
f 507/551/221 518/562/221 506/549/221
f 508/552/220 519/564/220 507/551/220
f 509/553/219 520/565/219 508/552/219
f 509/553/218 522/566/218 521/567/218
f 511/555/217 522/566/217 510/554/217
f 511/556/228 524/568/228 523/569/228
f 512/557/227 525/570/227 524/568/227
f 513/558/226 526/571/226 525/570/226
f 514/559/225 527/572/225 526/571/225
f 515/560/224 528/573/224 527/572/224
f 505/550/223 528/573/223 516/561/223
f 517/563/234 530/574/234 529/575/234
f 519/564/233 530/574/233 518/562/233
f 519/564/232 532/576/232 531/577/232
f 521/567/231 532/576/231 520/565/231
f 522/566/230 533/578/230 521/567/230
f 522/566/229 535/579/229 534/580/229
f 524/568/240 535/581/240 523/569/240
f 524/568/239 537/582/239 536/583/239
f 525/570/238 538/584/238 537/582/238
f 527/572/237 538/584/237 526/571/237
f 527/572/236 540/585/236 539/586/236
f 517/563/235 540/585/235 528/573/235
f 529/575/246 542/587/246 541/588/246
f 530/574/245 543/589/245 542/587/245
f 531/577/244 544/590/244 543/589/244
f 532/576/243 545/591/243 544/590/243
f 534/580/242 545/591/242 533/578/242
f 534/580/241 547/592/241 546/593/241
f 536/583/252 547/594/252 535/581/252
f 536/583/251 549/595/251 548/596/251
f 538/584/250 549/595/250 537/582/250
f 539/586/249 550/597/249 538/584/249
f 540/585/248 551/598/248 539/586/248
f 529/575/247 552/599/247 540/585/247
f 542/587/258 553/600/258 541/588/258
f 543/589/257 554/601/257 542/587/257
f 544/590/256 555/602/256 543/589/256
f 545/591/255 556/603/255 544/590/255
f 546/593/254 557/604/254 545/591/254
f 546/593/253 559/605/253 558/606/253
f 548/596/264 559/607/264 547/594/264
f 548/596/263 561/608/263 560/609/263
f 549/595/262 562/610/262 561/608/262
f 550/597/261 563/611/261 562/610/261
f 551/598/260 564/612/260 563/611/260
f 552/599/259 553/600/259 564/612/259
f 554/601/270 565/613/270 553/600/270
f 554/601/269 567/614/269 566/615/269
f 555/602/268 568/616/268 567/614/268
f 556/603/267 569/617/267 568/616/267
f 557/604/266 570/618/266 569/617/266
f 558/606/265 571/619/265 570/618/265
f 560/609/276 571/620/276 559/607/276
f 561/608/275 572/621/275 560/609/275
f 562/610/274 573/622/274 561/608/274
f 563/611/273 574/623/273 562/610/273
f 564/612/272 575/624/272 563/611/272
f 564/612/271 565/613/271 576/625/271
f 566/615/282 1/1/282 565/613/282
f 567/614/281 2/4/281 566/615/281
f 568/616/280 3/6/280 567/614/280
f 569/617/279 4/8/279 568/616/279
f 570/618/278 5/11/278 569/617/278
f 571/619/277 6/10/277 570/618/277
f 571/620/288 8/14/288 7/16/288
f 573/622/287 8/14/287 572/621/287
f 574/623/286 9/17/286 573/622/286
f 574/623/285 11/21/285 10/19/285
f 575/624/284 12/23/284 11/21/284
f 576/625/283 1/1/283 12/23/283
f 1/1/1 2/4/1 14/2/1
f 2/4/2 3/6/2 15/5/2
f 3/6/3 4/8/3 16/7/3
f 4/8/4 5/11/4 17/9/4
f 6/10/5 18/13/5 17/9/5
f 6/10/6 7/626/6 19/12/6
f 8/14/7 20/18/7 19/15/7
f 9/17/8 21/20/8 20/18/8
f 10/19/9 22/22/9 21/20/9
f 11/21/10 23/24/10 22/22/10
f 12/23/11 24/25/11 23/24/11
f 1/1/292 13/3/292 24/25/292
f 13/3/13 14/2/13 26/26/13
f 15/5/14 27/29/14 26/26/14
f 15/5/15 16/7/15 28/28/15
f 17/9/16 29/30/16 28/28/16
f 18/13/17 30/32/17 29/30/17
f 18/13/18 19/12/18 31/31/18
f 20/18/19 32/35/19 31/33/19
f 20/18/20 21/20/20 33/34/20
f 21/20/21 22/22/21 34/36/21
f 22/22/22 23/24/22 35/37/22
f 23/24/23 24/25/23 36/38/23
f 13/3/24 25/27/24 36/38/24
f 25/27/25 26/26/25 38/39/25
f 27/29/26 39/41/26 38/39/26
f 28/28/27 40/42/27 39/41/27
f 29/30/28 41/44/28 40/42/28
f 29/30/29 30/32/29 42/43/29
f 30/32/30 31/31/30 43/45/30
f 32/35/31 44/47/31 43/46/31
f 33/34/32 45/48/32 44/47/32
f 34/36/33 46/50/33 45/48/33
f 34/36/34 35/37/34 47/49/34
f 36/38/35 48/51/35 47/49/35
f 25/27/36 37/40/36 48/51/36
f 37/40/37 38/39/37 50/52/37
f 39/41/38 51/55/38 50/52/38
f 39/41/39 40/42/39 52/54/39
f 41/44/40 53/56/40 52/54/40
f 42/43/41 54/57/41 53/56/41
f 43/45/42 55/70/42 54/57/42
f 44/47/43 56/60/43 55/58/43
f 44/47/44 45/48/44 57/59/44
f 45/48/45 46/50/45 58/61/45
f 47/49/46 59/63/46 58/61/46
f 47/49/47 48/51/47 60/62/47
f 37/40/48 49/53/48 60/62/48
f 50/52/49 62/66/49 61/64/49
f 50/52/50 51/55/50 63/65/50
f 52/54/51 64/68/51 63/65/51
f 52/54/52 53/56/52 65/67/52
f 53/56/53 54/57/53 66/69/53
f 55/70/54 67/627/54 66/69/54
f 55/58/55 56/60/55 68/71/55
f 57/59/56 69/73/56 68/71/56
f 58/61/57 70/75/57 69/73/57
f 58/61/58 59/63/58 71/74/58
f 60/62/59 72/76/59 71/74/59
f 60/62/60 49/53/60 61/64/60
f 62/66/61 74/79/61 73/77/61
f 62/66/62 63/65/62 75/78/62
f 64/68/63 76/81/63 75/78/63
f 64/68/64 65/67/64 77/80/64
f 66/69/65 78/83/65 77/80/65
f 66/69/66 67/627/66 79/82/66
f 68/71/67 80/86/67 79/84/67
f 68/71/68 69/73/68 81/85/68
f 70/75/69 82/88/69 81/85/69
f 70/75/70 71/74/70 83/87/70
f 72/76/71 84/89/71 83/87/71
f 72/76/72 61/64/72 73/77/72
f 74/79/73 86/92/73 85/90/73
f 74/79/74 75/78/74 87/91/74
f 76/81/75 88/93/75 87/91/75
f 77/80/76 89/94/76 88/93/76
f 78/83/77 90/96/77 89/94/77
f 78/83/78 79/82/78 91/95/78
f 80/86/79 92/99/79 91/97/79
f 80/86/80 81/85/80 93/98/80
f 81/85/81 82/88/81 94/100/81
f 82/88/82 83/87/82 95/101/82
f 84/89/83 96/102/83 95/101/83
f 84/89/84 73/77/84 85/90/84
f 85/90/85 86/92/85 98/103/85
f 86/92/86 87/91/86 99/105/86
f 88/93/87 100/107/87 99/105/87
f 88/93/88 89/94/88 101/106/88
f 89/94/89 90/96/89 102/108/89
f 90/96/90 91/95/90 103/109/90
f 92/99/91 104/111/91 103/110/91
f 93/98/92 105/112/92 104/111/92
f 94/100/93 106/114/93 105/112/93
f 94/100/94 95/101/94 107/113/94
f 96/102/95 108/115/95 107/113/95
f 85/90/96 97/104/96 108/115/96
f 97/104/97 98/103/97 110/116/97
f 98/103/98 99/105/98 111/118/98
f 99/105/99 100/107/99 112/119/99
f 101/106/100 113/120/100 112/119/100
f 102/108/101 114/121/101 113/120/101
f 103/109/102 115/628/102 114/121/102
f 103/110/103 104/111/103 116/122/103
f 104/111/104 105/112/104 117/124/104
f 105/112/105 106/114/105 118/125/105
f 107/113/106 119/126/106 118/125/106
f 108/115/107 120/127/107 119/126/107
f 97/104/108 109/117/108 120/127/108
f 110/116/109 122/129/109 121/128/109
f 111/118/110 123/131/110 122/129/110
f 111/118/111 112/119/111 124/130/111
f 112/119/112 113/120/112 125/132/112
f 114/121/113 126/134/113 125/132/113
f 114/121/114 115/628/114 127/133/114
f 116/122/115 128/137/115 127/135/115
f 116/122/116 117/124/116 129/136/116
f 118/125/117 130/138/117 129/136/117
f 119/126/118 131/140/118 130/138/118
f 119/126/119 120/127/119 132/139/119
f 120/127/120 109/117/120 121/128/120
f 122/129/121 134/142/121 133/141/121
f 123/131/122 135/143/122 134/142/122
f 124/130/123 136/144/123 135/143/123
f 125/132/124 137/145/124 136/144/124
f 126/134/125 138/146/125 137/145/125
f 127/133/126 139/159/126 138/146/126
f 128/137/127 140/148/127 139/147/127
f 129/136/128 141/150/128 140/148/128
f 129/136/129 130/138/129 142/149/129
f 130/138/130 131/140/130 143/151/130
f 131/140/131 132/139/131 144/152/131
f 132/139/132 121/128/132 133/141/132
f 134/142/133 146/154/133 145/153/133
f 135/143/134 147/155/134 146/154/134
f 136/144/135 148/157/135 147/155/135
f 136/144/136 137/145/136 149/156/136
f 137/145/137 138/146/137 150/158/137
f 139/159/138 151/172/138 150/158/138
f 140/148/139 152/161/139 151/160/139
f 141/150/140 153/162/140 152/161/140
f 142/149/141 154/164/141 153/162/141
f 142/149/142 143/151/142 155/163/142
f 143/151/143 144/152/143 156/165/143
f 133/141/289 145/153/289 156/165/289
f 146/154/145 158/167/145 157/166/145
f 147/155/146 159/168/146 158/167/146
f 148/157/147 160/169/147 159/168/147
f 149/156/148 161/171/148 160/169/148
f 149/156/149 150/158/149 162/170/149
f 151/172/150 163/185/150 162/170/150
f 151/160/151 152/161/151 164/173/151
f 153/162/152 165/176/152 164/173/152
f 153/162/153 154/164/153 166/175/153
f 154/164/154 155/163/154 167/177/154
f 155/163/155 156/165/155 168/178/155
f 156/165/156 145/153/156 157/166/156
f 157/166/157 158/167/157 170/179/157
f 158/167/158 159/168/158 171/181/158
f 159/168/159 160/169/159 172/182/159
f 160/169/160 161/171/160 173/183/160
f 161/171/161 162/170/161 174/184/161
f 163/185/162 175/197/162 174/184/162
f 164/173/163 176/187/163 175/186/163
f 165/176/164 177/188/164 176/187/164
f 166/175/165 178/189/165 177/188/165
f 167/177/166 179/190/166 178/189/166
f 168/178/167 180/191/167 179/190/167
f 157/166/168 169/180/168 180/191/168
f 169/180/169 170/179/169 182/192/169
f 171/181/170 183/194/170 182/192/170
f 172/182/171 184/196/171 183/194/171
f 172/182/172 173/183/172 185/195/172
f 174/184/173 186/198/173 185/195/173
f 175/197/174 187/629/174 186/198/174
f 175/186/175 176/187/175 188/199/175
f 176/187/176 177/188/176 189/201/176
f 178/189/177 190/203/177 189/201/177
f 178/189/178 179/190/178 191/202/178
f 179/190/179 180/191/179 192/204/179
f 169/180/180 181/193/180 192/204/180
f 181/193/181 182/192/181 194/205/181
f 182/192/182 183/194/182 195/207/182
f 183/194/183 184/196/183 196/208/183
f 184/196/184 185/195/184 197/209/184
f 186/198/185 198/211/185 197/209/185
f 186/198/186 187/629/186 199/210/186
f 188/199/187 200/213/187 199/212/187
f 189/201/188 201/214/188 200/213/188
f 190/203/189 202/215/189 201/214/189
f 191/202/190 203/216/190 202/215/190
f 192/204/191 204/217/191 203/216/191
f 181/193/192 193/206/192 204/217/192
f 194/205/193 206/219/193 205/218/193
f 195/207/194 207/220/194 206/219/194
f 196/208/195 208/222/195 207/220/195
f 196/208/196 197/209/196 209/221/196
f 198/211/197 210/224/197 209/221/197
f 198/211/198 199/210/198 211/223/198
f 200/213/199 212/227/199 211/225/199
f 200/213/200 201/214/200 213/226/200
f 202/215/201 214/229/201 213/226/201
f 202/215/202 203/216/202 215/228/202
f 203/216/203 204/217/203 216/230/203
f 204/217/204 193/206/204 205/218/204
f 205/218/205 206/219/205 218/231/205
f 206/219/206 207/220/206 219/233/206
f 207/220/207 208/222/207 220/234/207
f 209/221/208 221/235/208 220/234/208
f 210/224/209 222/237/209 221/235/209
f 210/224/210 211/223/210 223/236/210
f 212/227/211 224/240/211 223/238/211
f 212/227/212 213/226/212 225/239/212
f 213/226/213 214/229/213 226/241/213
f 215/228/214 227/242/214 226/241/214
f 216/230/215 228/243/215 227/242/215
f 205/218/216 217/232/216 228/243/216
f 217/232/217 218/231/217 230/244/217
f 219/233/218 231/246/218 230/244/218
f 220/234/219 232/247/219 231/246/219
f 221/235/220 233/249/220 232/247/220
f 221/235/221 222/237/221 234/248/221
f 223/236/222 235/262/222 234/248/222
f 223/238/223 224/240/223 236/250/223
f 225/239/224 237/253/224 236/250/224
f 225/239/225 226/241/225 238/252/225
f 226/241/226 227/242/226 239/254/226
f 227/242/227 228/243/227 240/255/227
f 217/232/228 229/245/228 240/255/228
f 229/245/229 230/244/229 242/256/229
f 230/244/230 231/246/230 243/258/230
f 231/246/231 232/247/231 244/259/231
f 233/249/232 245/261/232 244/259/232
f 233/249/233 234/248/233 246/260/233
f 235/262/234 247/275/234 246/260/234
f 235/251/235 236/250/235 248/263/235
f 237/253/236 249/266/236 248/263/236
f 237/253/237 238/252/237 250/265/237
f 239/254/238 251/267/238 250/265/238
f 240/255/239 252/268/239 251/267/239
f 229/245/240 241/257/240 252/268/240
f 241/257/241 242/256/241 254/269/241
f 243/258/242 255/272/242 254/269/242
f 243/258/243 244/259/243 256/271/243
f 244/259/244 245/261/244 257/273/244
f 245/261/245 246/260/245 258/274/245
f 247/275/246 259/288/246 258/274/246
f 247/264/247 248/263/247 260/276/247
f 249/266/248 261/278/248 260/276/248
f 250/265/249 262/279/249 261/278/249
f 251/267/250 263/281/250 262/279/250
f 251/267/251 252/268/251 264/280/251
f 241/257/252 253/270/252 264/280/252
f 254/269/253 266/284/253 265/282/253
f 254/269/254 255/272/254 267/283/254
f 255/272/255 256/271/255 268/285/255
f 257/273/256 269/287/256 268/285/256
f 257/273/257 258/274/257 270/286/257
f 259/288/293 271/630/293 270/286/293
f 260/276/259 272/290/259 271/289/259
f 261/278/260 273/292/260 272/290/260
f 261/278/261 262/279/261 274/291/261
f 263/281/262 275/293/262 274/291/262
f 264/280/263 276/294/263 275/293/263
f 264/280/264 253/270/264 265/282/264
f 266/284/265 278/296/265 277/295/265
f 267/283/266 279/297/266 278/296/266
f 268/285/267 280/298/267 279/297/267
f 269/287/268 281/299/268 280/298/268
f 270/286/269 282/301/269 281/299/269
f 270/286/270 271/630/270 283/300/270
f 272/290/271 284/304/271 283/302/271
f 272/290/272 273/292/272 285/303/272
f 273/292/273 274/291/273 286/305/273
f 274/291/274 275/293/274 287/306/274
f 275/293/275 276/294/275 288/307/275
f 276/294/276 265/282/276 277/295/276
f 277/295/277 278/296/277 290/308/277
f 278/296/278 279/297/278 291/310/278
f 279/297/279 280/298/279 292/311/279
f 280/298/280 281/299/280 293/312/280
f 282/301/281 294/314/281 293/312/281
f 282/301/282 283/300/282 295/313/282
f 284/304/283 296/317/283 295/315/283
f 284/304/284 285/303/284 297/316/284
f 286/305/285 298/318/285 297/316/285
f 287/306/286 299/319/286 298/318/286
f 288/307/287 300/320/287 299/319/287
f 277/295/288 289/309/288 300/320/288
f 290/321/6 302/325/6 301/322/6
f 291/324/5 303/327/5 302/325/5
f 292/326/4 304/329/4 303/327/4
f 293/328/3 305/331/3 304/329/3
f 293/328/2 294/332/2 306/330/2
f 294/332/1 295/631/1 307/333/1
f 295/334/12 296/338/12 308/335/12
f 297/337/11 309/340/11 308/335/11
f 297/337/10 298/341/10 310/339/10
f 298/341/9 299/343/9 311/342/9
f 299/343/8 300/345/8 312/344/8
f 300/345/7 289/323/7 301/322/7
f 301/322/18 302/325/18 314/346/18
f 302/325/17 303/327/17 315/348/17
f 303/327/16 304/329/16 316/349/16
f 304/329/15 305/331/15 317/350/15
f 305/331/14 306/330/14 318/351/14
f 306/330/13 307/333/13 319/352/13
f 307/336/24 308/335/24 320/353/24
f 309/340/23 321/355/23 320/353/23
f 310/339/22 322/356/22 321/355/22
f 311/342/21 323/357/21 322/356/21
f 312/344/20 324/358/20 323/357/20
f 301/322/19 313/347/19 324/358/19
f 314/346/30 326/361/30 325/359/30
f 314/346/29 315/348/29 327/360/29
f 316/349/28 328/363/28 327/360/28
f 316/349/27 317/350/27 329/362/27
f 318/351/26 330/365/26 329/362/26
f 318/351/25 319/352/25 331/364/25
f 320/353/36 332/368/36 331/366/36
f 320/353/35 321/355/35 333/367/35
f 322/356/34 334/369/34 333/367/34
f 323/357/33 335/370/33 334/369/33
f 324/358/32 336/371/32 335/370/32
f 324/358/31 313/347/31 325/359/31
f 326/361/42 338/373/42 337/372/42
f 327/360/41 339/374/41 338/373/41
f 328/363/40 340/376/40 339/374/40
f 328/363/39 329/362/39 341/375/39
f 329/362/38 330/365/38 342/377/38
f 331/364/37 343/632/37 342/377/37
f 331/366/48 332/368/48 344/378/48
f 333/367/47 345/380/47 344/378/47
f 334/369/46 346/382/46 345/380/46
f 334/369/45 335/370/45 347/381/45
f 335/370/44 336/371/44 348/383/44
f 336/371/43 325/359/43 337/372/43
f 338/373/54 350/385/54 349/384/54
f 339/374/53 351/386/53 350/385/53
f 340/376/52 352/388/52 351/386/52
f 340/376/51 341/375/51 353/387/51
f 342/377/50 354/390/50 353/387/50
f 342/377/49 343/632/49 355/389/49
f 344/378/60 356/393/60 355/391/60
f 344/378/59 345/380/59 357/392/59
f 346/382/58 358/395/58 357/392/58
f 346/382/57 347/381/57 359/394/57
f 347/381/56 348/383/56 360/396/56
f 348/383/55 337/372/55 349/384/55
f 350/385/66 362/399/66 361/397/66
f 350/385/65 351/386/65 363/398/65
f 351/386/64 352/388/64 364/400/64
f 353/387/63 365/401/63 364/400/63
f 354/390/62 366/403/62 365/401/62
f 354/390/61 355/389/61 367/402/61
f 356/393/72 368/406/72 367/404/72
f 356/393/71 357/392/71 369/405/71
f 358/395/70 370/407/70 369/405/70
f 359/394/69 371/408/69 370/407/69
f 360/396/68 372/409/68 371/408/68
f 360/396/67 349/384/67 361/397/67
f 361/397/78 362/399/78 374/410/78
f 363/398/77 375/412/77 374/410/77
f 364/400/76 376/414/76 375/412/76
f 364/400/75 365/401/75 377/413/75
f 365/401/74 366/403/74 378/415/74
f 367/402/73 379/428/73 378/415/73
f 367/404/84 368/406/84 380/416/84
f 369/405/83 381/418/83 380/416/83
f 370/407/82 382/420/82 381/418/82
f 370/407/81 371/408/81 383/419/81
f 371/408/80 372/409/80 384/421/80
f 361/397/79 373/411/79 384/421/79
f 373/411/90 374/410/90 386/422/90
f 374/410/89 375/412/89 387/424/89
f 375/412/88 376/414/88 388/425/88
f 376/414/87 377/413/87 389/426/87
f 377/413/86 378/415/86 390/427/86
f 379/428/85 391/440/85 390/427/85
f 379/417/96 380/416/96 392/429/96
f 381/418/95 393/431/95 392/429/95
f 382/420/94 394/432/94 393/431/94
f 383/419/93 395/434/93 394/432/93
f 383/419/92 384/421/92 396/433/92
f 373/411/91 385/423/91 396/433/91
f 386/422/102 398/437/102 397/435/102
f 386/422/101 387/424/101 399/436/101
f 388/425/100 400/438/100 399/436/100
f 389/426/99 401/439/99 400/438/99
f 390/427/98 402/441/98 401/439/98
f 391/440/97 403/633/97 402/441/97
f 391/430/108 392/429/108 404/442/108
f 393/431/107 405/445/107 404/442/107
f 393/431/106 394/432/106 406/444/106
f 394/432/105 395/434/105 407/446/105
f 396/433/104 408/447/104 407/446/104
f 396/433/103 385/423/103 397/435/103
f 398/437/114 410/449/114 409/448/114
f 399/436/113 411/451/113 410/449/113
f 399/436/112 400/438/112 412/450/112
f 401/439/111 413/452/111 412/450/111
f 402/441/110 414/454/110 413/452/110
f 402/441/109 403/633/109 415/453/109
f 404/442/120 416/457/120 415/455/120
f 404/442/119 405/445/119 417/456/119
f 406/444/118 418/458/118 417/456/118
f 407/446/117 419/460/117 418/458/117
f 407/446/116 408/447/116 420/459/116
f 397/435/115 409/448/115 420/459/115
f 409/448/126 410/449/126 422/461/126
f 410/449/125 411/451/125 423/463/125
f 412/450/124 424/464/124 423/463/124
f 413/452/123 425/465/123 424/464/123
f 414/454/122 426/466/122 425/465/122
f 415/453/121 427/478/121 426/466/121
f 415/455/132 416/457/132 428/467/132
f 416/457/131 417/456/131 429/469/131
f 417/456/130 418/458/130 430/470/130
f 418/458/129 419/460/129 431/471/129
f 420/459/128 432/472/128 431/471/128
f 409/448/127 421/462/127 432/472/127
f 422/461/138 434/474/138 433/473/138
f 423/463/137 435/476/137 434/474/137
f 423/463/136 424/464/136 436/475/136
f 424/464/135 425/465/135 437/477/135
f 426/466/134 438/479/134 437/477/134
f 427/478/133 439/634/133 438/479/133
f 428/467/289 440/481/289 439/480/289
f 429/469/143 441/482/143 440/481/143
f 430/470/142 442/483/142 441/482/142
f 431/471/141 443/485/141 442/483/141
f 431/471/140 432/472/140 444/484/140
f 432/472/139 421/462/139 433/473/139
f 433/473/150 434/474/150 446/486/150
f 434/474/149 435/476/149 447/488/149
f 435/476/148 436/475/148 448/489/148
f 437/477/147 449/490/147 448/489/147
f 438/479/146 450/492/146 449/490/146
f 438/479/145 439/634/145 451/491/145
f 440/481/156 452/495/156 451/493/156
f 440/481/155 441/482/155 453/494/155
f 441/482/154 442/483/154 454/496/154
f 443/485/153 455/497/153 454/496/153
f 444/484/152 456/498/152 455/497/152
f 433/473/151 445/487/151 456/498/151
f 445/487/162 446/486/162 458/499/162
f 447/488/161 459/501/161 458/499/161
f 448/489/160 460/502/160 459/501/160
f 449/490/159 461/504/159 460/502/159
f 449/490/158 450/492/158 462/503/158
f 450/492/157 451/491/157 463/505/157
f 452/495/168 464/507/168 463/506/168
f 453/494/167 465/509/167 464/507/167
f 453/494/166 454/496/166 466/508/166
f 454/496/165 455/497/165 467/510/165
f 455/497/164 456/498/164 468/511/164
f 445/487/163 457/500/163 468/511/163
f 457/500/174 458/499/174 470/512/174
f 458/499/173 459/501/173 471/514/173
f 460/502/172 472/516/172 471/514/172
f 460/502/171 461/504/171 473/515/171
f 461/504/170 462/503/170 474/517/170
f 463/505/169 475/635/169 474/517/169
f 463/506/180 464/507/180 476/518/180
f 465/509/179 477/520/179 476/518/179
f 466/508/178 478/522/178 477/520/178
f 466/508/177 467/510/177 479/521/177
f 468/511/176 480/523/176 479/521/176
f 457/500/175 469/513/175 480/523/175
f 470/512/186 482/525/186 481/524/186
f 471/514/185 483/526/185 482/525/185
f 472/516/184 484/528/184 483/526/184
f 472/516/183 473/515/183 485/527/183
f 473/515/182 474/517/182 486/529/182
f 474/517/181 475/635/181 487/530/181
f 476/518/192 488/532/192 487/531/192
f 477/520/191 489/533/191 488/532/191
f 478/522/190 490/535/190 489/533/190
f 478/522/189 479/521/189 491/534/189
f 479/521/188 480/523/188 492/536/188
f 480/523/187 469/513/187 481/524/187
f 481/524/198 482/525/198 494/537/198
f 483/526/197 495/539/197 494/537/197
f 484/528/196 496/540/196 495/539/196
f 485/527/195 497/541/195 496/540/195
f 486/529/194 498/542/194 497/541/194
f 487/530/193 499/636/193 498/542/193
f 487/531/204 488/532/204 500/543/204
f 488/532/203 489/533/203 501/545/203
f 489/533/202 490/535/202 502/546/202
f 490/535/201 491/534/201 503/547/201
f 492/536/200 504/548/200 503/547/200
f 481/524/199 493/538/199 504/548/199
f 493/538/210 494/537/210 506/549/210
f 494/537/209 495/539/209 507/551/209
f 495/539/208 496/540/208 508/552/208
f 496/540/207 497/541/207 509/553/207
f 497/541/206 498/542/206 510/554/206
f 498/542/205 499/636/205 511/555/205
f 500/543/216 512/557/216 511/556/216
f 501/545/215 513/558/215 512/557/215
f 502/546/214 514/559/214 513/558/214
f 503/547/213 515/560/213 514/559/213
f 504/548/212 516/561/212 515/560/212
f 493/538/211 505/550/211 516/561/211
f 505/550/222 506/549/222 518/562/222
f 507/551/221 519/564/221 518/562/221
f 508/552/220 520/565/220 519/564/220
f 509/553/219 521/567/219 520/565/219
f 509/553/218 510/554/218 522/566/218
f 511/555/217 523/637/217 522/566/217
f 511/556/228 512/557/228 524/568/228
f 512/557/227 513/558/227 525/570/227
f 513/558/226 514/559/226 526/571/226
f 514/559/225 515/560/225 527/572/225
f 515/560/224 516/561/224 528/573/224
f 505/550/223 517/563/223 528/573/223
f 517/563/234 518/562/234 530/574/234
f 519/564/233 531/577/233 530/574/233
f 519/564/232 520/565/232 532/576/232
f 521/567/231 533/578/231 532/576/231
f 522/566/230 534/580/230 533/578/230
f 522/566/229 523/637/229 535/579/229
f 524/568/240 536/583/240 535/581/240
f 524/568/239 525/570/239 537/582/239
f 525/570/238 526/571/238 538/584/238
f 527/572/237 539/586/237 538/584/237
f 527/572/236 528/573/236 540/585/236
f 517/563/235 529/575/235 540/585/235
f 529/575/246 530/574/246 542/587/246
f 530/574/245 531/577/245 543/589/245
f 531/577/244 532/576/244 544/590/244
f 532/576/243 533/578/243 545/591/243
f 534/580/242 546/593/242 545/591/242
f 534/580/241 535/579/241 547/592/241
f 536/583/252 548/596/252 547/594/252
f 536/583/251 537/582/251 549/595/251
f 538/584/250 550/597/250 549/595/250
f 539/586/249 551/598/249 550/597/249
f 540/585/248 552/599/248 551/598/248
f 529/575/247 541/588/247 552/599/247
f 542/587/258 554/601/258 553/600/258
f 543/589/257 555/602/257 554/601/257
f 544/590/256 556/603/256 555/602/256
f 545/591/255 557/604/255 556/603/255
f 546/593/254 558/606/254 557/604/254
f 546/593/253 547/592/253 559/605/253
f 548/596/264 560/609/264 559/607/264
f 548/596/263 549/595/263 561/608/263
f 549/595/262 550/597/262 562/610/262
f 550/597/261 551/598/261 563/611/261
f 551/598/260 552/599/260 564/612/260
f 552/599/259 541/588/259 553/600/259
f 554/601/270 566/615/270 565/613/270
f 554/601/269 555/602/269 567/614/269
f 555/602/268 556/603/268 568/616/268
f 556/603/267 557/604/267 569/617/267
f 557/604/266 558/606/266 570/618/266
f 558/606/265 559/605/265 571/619/265
f 560/609/276 572/621/276 571/620/276
f 561/608/275 573/622/275 572/621/275
f 562/610/274 574/623/274 573/622/274
f 563/611/273 575/624/273 574/623/273
f 564/612/272 576/625/272 575/624/272
f 564/612/271 553/600/271 565/613/271
f 566/615/282 2/4/282 1/1/282
f 567/614/281 3/6/281 2/4/281
f 568/616/280 4/8/280 3/6/280
f 569/617/279 5/11/279 4/8/279
f 570/618/278 6/10/278 5/11/278
f 571/619/277 7/626/277 6/10/277
f 571/620/288 572/621/288 8/14/288
f 573/622/287 9/17/287 8/14/287
f 574/623/286 10/19/286 9/17/286
f 574/623/285 575/624/285 11/21/285
f 575/624/284 576/625/284 12/23/284
f 576/625/294 565/613/294 1/1/294
f 578/638/295 579/639/295 577/640/295
f 609/641/296 578/638/296 577/642/296
f 579/639/297 580/643/297 577/644/297
f 580/643/298 581/645/298 577/646/298
f 581/645/299 582/647/299 577/648/299
f 582/647/300 583/649/300 577/650/300
f 583/649/301 584/651/301 577/652/301
f 584/651/302 585/653/302 577/654/302
f 585/653/303 586/655/303 577/656/303
f 586/655/304 587/657/304 577/658/304
f 587/657/305 588/659/305 577/660/305
f 588/659/306 589/661/306 577/662/306
f 589/661/307 590/663/307 577/664/307
f 590/663/308 591/665/308 577/666/308
f 591/665/309 592/667/309 577/668/309
f 592/667/310 593/669/310 577/670/310
f 593/669/311 594/671/311 577/672/311
f 594/671/312 595/673/312 577/674/312
f 595/673/313 596/675/313 577/676/313
f 596/675/314 597/677/314 577/678/314
f 597/677/315 598/679/315 577/680/315
f 598/679/316 599/681/316 577/682/316
f 599/681/317 600/683/317 577/684/317
f 600/683/318 601/685/318 577/686/318
f 601/685/319 602/687/319 577/688/319
f 602/689/320 603/690/320 577/691/320
f 603/690/321 604/692/321 577/693/321
f 604/692/322 605/694/322 577/695/322
f 605/694/323 606/696/323 577/697/323
f 606/696/324 607/698/324 577/699/324
f 607/698/325 608/700/325 577/701/325
f 608/700/326 609/641/326 577/702/326
f 610/703/327 609/641/327 608/700/327
f 611/704/328 609/641/328 610/703/328
f 611/704/328 578/638/328 609/641/328
f 612/705/329 611/704/329 610/703/329
f 611/704/330 579/639/330 578/638/330
f 612/705/331 613/706/331 611/704/331
f 611/704/330 613/706/330 579/639/330
f 613/706/332 580/643/332 579/639/332
f 612/705/331 614/707/331 613/706/331
f 614/707/333 615/708/333 613/706/333
f 613/706/332 615/708/332 580/643/332
f 615/708/334 581/645/334 580/643/334
f 614/707/333 616/709/333 615/708/333
f 616/709/335 617/710/335 615/708/335
f 615/708/334 617/710/334 581/645/334
f 617/710/336 582/647/336 581/645/336
f 616/709/335 618/711/335 617/710/335
f 618/711/337 619/712/337 617/710/337
f 617/710/336 619/712/336 582/647/336
f 619/712/338 583/649/338 582/647/338
f 618/711/339 620/713/339 619/712/339
f 620/713/340 621/714/340 619/712/340
f 619/712/341 621/714/341 583/649/341
f 621/714/342 584/651/342 583/649/342
f 620/713/340 622/715/340 621/714/340
f 622/715/343 623/716/343 621/714/343
f 621/714/344 623/716/344 584/651/344
f 623/716/345 585/653/345 584/651/345
f 622/715/343 624/717/343 623/716/343
f 624/717/346 625/718/346 623/716/346
f 623/716/345 625/718/345 585/653/345
f 625/718/347 586/655/347 585/653/347
f 624/717/346 626/719/346 625/718/346
f 626/719/348 627/720/348 625/718/348
f 625/718/349 627/720/349 586/655/349
f 629/721/350 586/655/350 627/720/350
f 626/719/351 628/722/351 627/720/351
f 630/723/352 627/720/352 628/722/352
f 630/723/353 629/721/353 627/720/353
f 632/724/354 629/721/354 630/723/354
f 631/725/355 630/723/355 628/722/355
f 633/726/356 630/723/356 631/725/356
f 633/726/356 632/724/356 630/723/356
f 634/727/357 633/726/357 631/725/357
f 635/728/358 632/724/358 633/726/358
f 636/729/359 633/726/359 634/727/359
f 636/729/359 635/728/359 633/726/359
f 638/730/360 635/728/360 636/729/360
f 637/731/361 636/729/361 634/727/361
f 639/732/362 636/729/362 637/731/362
f 639/732/362 638/730/362 636/729/362
f 640/733/363 639/732/363 637/731/363
f 641/734/364 638/730/364 639/732/364
f 642/735/365 639/732/365 640/733/365
f 642/735/365 641/734/365 639/732/365
f 644/736/366 641/734/366 642/735/366
f 643/737/367 642/735/367 640/733/367
f 645/738/368 642/735/368 643/737/368
f 645/738/368 644/736/368 642/735/368
f 648/739/369 645/738/369 643/737/369
f 647/740/370 644/736/370 645/738/370
f 648/739/369 646/741/369 645/738/369
f 646/741/371 647/740/371 645/738/371
f 650/742/372 648/739/372 643/737/372
f 651/743/373 649/744/373 648/739/373
f 649/744/374 646/741/374 648/739/374
f 651/743/373 648/739/373 650/742/373
f 652/745/375 651/743/375 650/742/375
f 654/746/376 651/743/376 652/745/376
f 654/746/376 653/747/376 651/743/376
f 653/747/377 649/744/377 651/743/377
f 656/748/378 654/746/378 652/745/378
f 657/749/379 655/750/379 654/746/379
f 655/750/380 653/747/380 654/746/380
f 657/749/379 654/746/379 656/748/379
f 658/751/381 657/749/381 656/748/381
f 660/752/382 657/749/382 658/751/382
f 660/752/382 659/753/382 657/749/382
f 659/753/383 655/750/383 657/749/383
f 662/754/384 660/752/384 658/751/384
f 663/755/385 661/756/385 660/752/385
f 661/756/386 659/753/386 660/752/386
f 663/755/387 660/752/387 662/754/387
f 665/757/388 663/755/388 664/758/388
f 663/755/389 666/759/389 664/758/389
f 663/755/390 662/754/390 666/759/390
f 665/757/391 661/756/391 663/755/391
f 666/759/392 667/760/392 669/761/392
f 662/754/393 667/760/393 666/759/393
f 664/758/394 666/759/394 668/762/394
f 666/759/392 669/761/392 668/762/392
f 668/762/395 669/761/395 670/763/395
f 669/761/396 672/764/396 670/763/396
f 669/761/396 671/765/396 672/764/396
f 667/760/397 671/765/397 669/761/397
f 672/764/398 673/766/398 675/767/398
f 671/765/399 673/766/399 672/764/399
f 670/763/400 672/764/400 674/768/400
f 672/764/398 675/767/398 674/768/398
f 674/768/401 675/767/401 676/769/401
f 675/767/402 678/770/402 676/769/402
f 675/767/402 677/771/402 678/770/402
f 673/766/403 677/771/403 675/767/403
f 678/770/404 679/772/404 681/773/404
f 677/771/405 679/772/405 678/770/405
f 676/769/406 678/770/406 680/774/406
f 678/770/404 681/773/404 680/774/404
f 680/774/407 681/773/407 682/775/407
f 682/775/408 681/773/408 683/776/408
f 681/773/409 684/777/409 683/776/409
f 681/773/409 679/772/409 684/777/409
f 683/776/410 684/777/410 685/778/410
f 684/777/411 687/779/411 685/778/411
f 679/772/412 686/780/412 684/777/412
f 684/777/411 686/780/411 687/779/411
f 685/778/413 687/779/413 688/781/413
f 687/779/414 690/782/414 688/781/414
f 686/780/415 689/783/415 687/779/415
f 687/779/414 689/783/414 690/782/414
f 688/781/416 690/782/416 691/784/416
f 690/782/417 693/785/417 691/784/417
f 689/783/418 692/786/418 690/782/418
f 690/782/417 692/786/417 693/785/417
f 691/784/419 693/785/419 624/717/419
f 693/785/420 626/719/420 624/717/420
f 692/786/421 694/787/421 693/785/421
f 693/785/420 694/787/420 626/719/420
f 694/787/422 628/722/422 626/719/422
f 692/786/421 695/788/421 694/787/421
f 695/788/423 696/789/423 694/787/423
f 694/787/424 696/789/424 628/722/424
f 631/725/425 628/722/425 696/789/425
f 695/788/426 697/790/426 696/789/426
f 698/791/427 696/789/427 697/790/427
f 698/791/428 631/725/428 696/789/428
f 634/727/357 631/725/357 698/791/357
f 699/792/429 698/791/429 697/790/429
f 700/793/430 698/791/430 699/792/430
f 700/793/430 634/727/430 698/791/430
f 701/794/431 700/793/431 699/792/431
f 637/731/361 634/727/361 700/793/361
f 702/795/432 700/793/432 701/794/432
f 702/795/432 637/731/432 700/793/432
f 640/733/363 637/731/363 702/795/363
f 703/796/433 702/795/433 701/794/433
f 704/797/434 702/795/434 703/796/434
f 704/797/434 640/733/434 702/795/434
f 705/798/435 704/797/435 703/796/435
f 643/737/367 640/733/367 704/797/367
f 705/798/435 650/742/435 704/797/435
f 650/742/372 643/737/372 704/797/372
f 706/799/436 705/798/436 703/796/436
f 707/800/437 652/745/437 705/798/437
f 652/745/375 650/742/375 705/798/375
f 707/800/437 705/798/437 706/799/437
f 708/801/438 707/800/438 706/799/438
f 709/802/439 707/800/439 708/801/439
f 709/802/439 656/748/439 707/800/439
f 656/748/378 652/745/378 707/800/378
f 710/803/440 709/802/440 708/801/440
f 711/804/441 658/751/441 709/802/441
f 658/751/381 656/748/381 709/802/381
f 711/804/442 709/802/442 710/803/442
f 662/754/443 711/804/443 667/760/443
f 711/804/444 712/805/444 667/760/444
f 711/804/445 710/803/445 712/805/445
f 662/754/446 658/751/446 711/804/446
f 712/805/447 713/806/447 714/807/447
f 710/803/448 713/806/448 712/805/448
f 667/760/397 712/805/397 671/765/397
f 712/805/447 714/807/447 671/765/447
f 671/765/399 714/807/399 673/766/399
f 714/807/449 716/808/449 673/766/449
f 714/807/449 715/809/449 716/808/449
f 713/806/450 715/809/450 714/807/450
f 716/808/451 717/810/451 718/811/451
f 715/809/452 717/810/452 716/808/452
f 673/766/453 716/808/453 677/771/453
f 716/808/451 718/811/451 677/771/451
f 677/771/405 718/811/405 679/772/405
f 679/772/412 718/811/412 686/780/412
f 718/811/454 719/812/454 686/780/454
f 718/811/454 717/810/454 719/812/454
f 686/780/455 719/812/455 689/783/455
f 719/812/456 721/813/456 689/783/456
f 717/810/457 720/814/457 719/812/457
f 719/812/456 720/814/456 721/813/456
f 689/783/418 721/813/418 692/786/418
f 721/813/458 695/788/458 692/786/458
f 720/814/459 722/815/459 721/813/459
f 721/813/458 722/815/458 695/788/458
f 722/815/460 697/790/460 695/788/460
f 720/814/459 723/816/459 722/815/459
f 723/816/461 724/817/461 722/815/461
f 722/815/462 724/817/462 697/790/462
f 699/792/463 697/790/463 724/817/463
f 723/816/464 725/818/464 724/817/464
f 726/819/465 724/817/465 725/818/465
f 726/819/466 699/792/466 724/817/466
f 701/794/431 699/792/431 726/819/431
f 727/820/467 726/819/467 725/818/467
f 728/821/468 726/819/468 727/820/468
f 728/821/468 701/794/468 726/819/468
f 729/822/469 728/821/469 727/820/469
f 703/796/433 701/794/433 728/821/433
f 729/822/469 706/799/469 728/821/469
f 706/799/436 703/796/436 728/821/436
f 730/823/470 729/822/470 727/820/470
f 731/824/471 708/801/471 729/822/471
f 708/801/438 706/799/438 729/822/438
f 731/824/472 729/822/472 730/823/472
f 710/803/473 731/824/473 713/806/473
f 731/824/474 732/825/474 713/806/474
f 731/824/475 730/823/475 732/825/475
f 710/803/476 708/801/476 731/824/476
f 732/825/477 733/826/477 734/827/477
f 730/823/478 733/826/478 732/825/478
f 713/806/450 732/825/450 715/809/450
f 732/825/477 734/827/477 715/809/477
f 715/809/452 734/827/452 717/810/452
f 717/810/457 734/827/457 720/814/457
f 734/827/479 723/816/479 720/814/479
f 734/827/479 733/826/479 723/816/479
f 733/826/480 725/818/480 723/816/480
f 730/823/481 735/828/481 733/826/481
f 733/826/482 735/828/482 725/818/482
f 727/820/483 725/818/483 735/828/483
f 730/823/484 727/820/484 735/828/484
f 736/829/485 691/784/485 622/715/485
f 688/781/416 691/784/416 736/829/416
f 691/784/419 624/717/419 622/715/419
f 737/830/486 736/829/486 620/713/486
f 738/831/487 736/829/487 737/830/487
f 736/829/485 622/715/485 620/713/485
f 738/831/487 688/781/487 736/829/487
f 739/832/488 738/831/488 737/830/488
f 740/833/489 685/778/489 738/831/489
f 685/778/413 688/781/413 738/831/413
f 740/833/489 738/831/489 739/832/489
f 741/834/490 740/833/490 739/832/490
f 742/835/491 740/833/491 741/834/491
f 742/835/491 683/776/491 740/833/491
f 683/776/410 685/778/410 740/833/410
f 743/836/492 742/835/492 741/834/492
f 744/837/493 682/775/493 742/835/493
f 682/775/408 683/776/408 742/835/408
f 744/837/493 742/835/493 743/836/493
f 748/838/494 744/837/494 745/839/494
f 744/837/495 747/840/495 745/839/495
f 744/837/495 743/836/495 747/840/495
f 748/838/494 746/841/494 744/837/494
f 749/842/496 744/837/496 746/841/496
f 749/842/496 682/775/496 744/837/496
f 680/774/407 682/775/407 749/842/407
f 750/843/497 749/842/497 746/841/497
f 751/844/498 749/842/498 750/843/498
f 751/844/498 680/774/498 749/842/498
f 752/845/499 751/844/499 750/843/499
f 676/769/406 680/774/406 751/844/406
f 753/846/500 751/844/500 752/845/500
f 753/846/500 676/769/500 751/844/500
f 674/768/401 676/769/401 753/846/401
f 754/847/501 753/846/501 752/845/501
f 755/848/502 753/846/502 754/847/502
f 755/848/502 674/768/502 753/846/502
f 756/849/503 755/848/503 754/847/503
f 670/763/400 674/768/400 755/848/400
f 757/850/504 755/848/504 756/849/504
f 757/850/504 670/763/504 755/848/504
f 668/762/395 670/763/395 757/850/395
f 758/851/505 757/850/505 756/849/505
f 759/852/506 757/850/506 758/851/506
f 759/852/506 668/762/506 757/850/506
f 760/853/507 759/852/507 758/851/507
f 664/758/394 668/762/394 759/852/394
f 761/854/508 759/852/508 760/853/508
f 761/854/508 664/758/508 759/852/508
f 665/757/509 664/758/509 761/854/509
f 762/855/510 665/757/510 761/854/510
f 762/856/511 761/854/511 760/853/511
f 762/857/512 784/858/512 763/859/512
f 762/860/513 763/859/513 783/861/513
f 762/862/514 765/863/514 764/864/514
f 762/865/515 764/864/515 791/866/515
f 762/867/516 766/868/516 765/863/516
f 762/869/517 767/870/517 766/868/517
f 762/871/518 768/872/518 767/870/518
f 762/873/519 769/874/519 768/872/519
f 762/875/520 760/853/520 769/874/520
f 762/876/521 770/877/521 665/757/521
f 762/878/522 771/879/522 770/877/522
f 762/880/523 772/881/523 771/879/523
f 762/882/524 773/883/524 772/881/524
f 762/884/525 774/885/525 773/883/525
f 762/886/526 775/887/526 774/885/526
f 762/888/527 776/889/527 775/887/527
f 762/890/528 777/891/528 776/889/528
f 762/892/529 778/893/529 777/891/529
f 762/894/530 779/895/530 778/893/530
f 762/896/531 780/897/531 779/895/531
f 762/898/532 781/899/532 780/897/532
f 762/900/533 782/901/533 781/899/533
f 762/902/534 783/861/534 782/901/534
f 762/903/535 785/904/535 784/905/535
f 762/906/536 786/907/536 785/904/536
f 762/908/537 787/909/537 786/907/537
f 762/910/538 788/911/538 787/909/538
f 762/912/539 789/913/539 788/911/539
f 762/914/540 790/915/540 789/913/540
f 762/916/541 791/866/541 790/915/541
f 790/915/542 791/866/542 792/917/542
f 791/866/543 793/918/543 792/917/543
f 791/866/543 764/864/543 793/918/543
f 792/917/544 793/918/544 794/919/544
f 795/920/545 794/919/545 793/918/545
f 765/863/546 793/918/546 764/864/546
f 765/863/546 795/920/546 793/918/546
f 795/920/545 796/921/545 794/919/545
f 797/922/547 796/921/547 795/920/547
f 766/868/548 795/920/548 765/863/548
f 766/868/548 797/922/548 795/920/548
f 797/922/547 798/923/547 796/921/547
f 799/924/549 798/923/549 797/922/549
f 767/870/550 797/922/550 766/868/550
f 767/870/550 799/924/550 797/922/550
f 799/924/549 800/925/549 798/923/549
f 801/926/551 800/925/551 799/924/551
f 768/872/552 799/924/552 767/870/552
f 768/872/552 801/926/552 799/924/552
f 801/926/551 756/849/551 800/925/551
f 758/851/505 756/849/505 801/926/505
f 769/874/553 801/926/553 768/872/553
f 769/874/554 758/851/554 801/926/554
f 800/925/555 754/847/555 802/927/555
f 756/849/503 754/847/503 800/925/503
f 800/925/555 802/927/555 798/923/555
f 798/923/556 802/927/556 803/928/556
f 802/927/557 804/929/557 803/928/557
f 802/927/557 752/845/557 804/929/557
f 754/847/501 752/845/501 802/927/501
f 804/929/558 750/843/558 806/930/558
f 752/845/499 750/843/499 804/929/499
f 803/928/559 804/929/559 805/931/559
f 804/929/558 806/930/558 805/931/558
f 807/932/560 806/930/560 746/841/560
f 808/933/561 806/930/561 807/932/561
f 750/843/497 746/841/497 806/930/497
f 808/933/561 805/931/561 806/930/561
f 810/934/562 808/933/562 807/932/562
f 811/935/563 809/936/563 808/933/563
f 809/936/564 805/931/564 808/933/564
f 811/935/563 808/933/563 810/934/563
f 812/937/565 811/935/565 810/934/565
f 814/938/566 811/935/566 812/937/566
f 814/938/566 813/939/566 811/935/566
f 813/939/567 809/936/567 811/935/567
f 816/940/568 814/938/568 812/937/568
f 817/941/569 815/942/569 814/938/569
f 815/942/570 813/939/570 814/938/570
f 817/941/569 814/938/569 816/940/569
f 818/943/571 817/941/571 816/940/571
f 787/909/572 817/941/572 818/943/572
f 787/909/573 788/911/573 817/941/573
f 788/911/574 815/942/574 817/941/574
f 819/944/575 818/943/575 820/945/575
f 786/907/576 818/943/576 819/944/576
f 818/943/571 816/940/571 820/945/571
f 786/907/577 787/909/577 818/943/577
f 822/946/578 820/945/578 821/947/578
f 820/945/579 823/948/579 821/947/579
f 820/945/579 816/940/579 823/948/579
f 819/944/575 820/945/575 822/946/575
f 821/947/580 823/948/580 824/949/580
f 823/948/581 825/950/581 824/949/581
f 816/940/568 812/937/568 823/948/568
f 823/948/581 812/937/581 825/950/581
f 824/949/582 825/950/582 826/951/582
f 825/950/583 827/952/583 826/951/583
f 812/937/565 810/934/565 825/950/565
f 825/950/583 810/934/583 827/952/583
f 826/951/584 827/952/584 828/953/584
f 827/952/585 748/838/585 828/953/585
f 810/934/562 807/932/562 827/952/562
f 827/952/585 807/932/585 748/838/585
f 830/954/586 828/953/586 829/955/586
f 828/953/587 745/839/587 829/955/587
f 828/953/587 748/838/587 745/839/587
f 826/951/584 828/953/584 830/954/584
f 832/956/588 830/954/588 831/957/588
f 830/954/586 829/955/586 831/957/586
f 833/958/589 826/951/589 830/954/589
f 833/958/589 830/954/589 832/956/589
f 834/959/590 833/958/590 832/956/590
f 835/960/591 833/958/591 834/959/591
f 835/960/591 824/949/591 833/958/591
f 824/949/582 826/951/582 833/958/582
f 836/961/592 835/960/592 834/959/592
f 837/962/593 835/960/593 836/961/593
f 837/962/593 821/947/593 835/960/593
f 821/947/580 824/949/580 835/960/580
f 838/963/594 837/962/594 836/961/594
f 839/964/595 822/946/595 837/962/595
f 822/946/578 821/947/578 837/962/578
f 839/964/595 837/962/595 838/963/595
f 840/965/596 839/964/596 838/963/596
f 842/966/597 839/964/597 840/965/597
f 842/966/598 841/967/598 839/964/598
f 841/967/599 822/946/599 839/964/599
f 842/968/600 840/969/600 844/970/600
f 784/905/601 841/967/601 842/966/601
f 784/858/602 842/968/602 843/971/602
f 842/968/603 844/970/603 843/971/603
f 844/970/604 845/972/604 847/973/604
f 840/969/605 845/972/605 844/970/605
f 843/971/606 844/970/606 846/974/606
f 844/970/604 847/973/604 846/974/604
f 846/974/607 847/973/607 848/975/607
f 847/973/608 850/976/608 848/975/608
f 847/973/608 849/977/608 850/976/608
f 845/972/609 849/977/609 847/973/609
f 850/976/610 851/978/610 853/979/610
f 849/977/611 851/978/611 850/976/611
f 848/975/612 850/976/612 852/980/612
f 850/976/610 853/979/610 852/980/610
f 852/980/613 853/979/613 854/981/613
f 853/979/614 856/982/614 854/981/614
f 853/979/614 855/983/614 856/982/614
f 851/978/615 855/983/615 853/979/615
f 856/982/616 857/984/616 859/985/616
f 855/983/617 857/984/617 856/982/617
f 854/981/618 856/982/618 858/986/618
f 856/982/616 859/985/616 858/986/616
f 858/986/619 859/985/619 860/987/619
f 860/987/620 859/985/620 861/988/620
f 859/985/621 862/989/621 861/988/621
f 859/985/621 857/984/621 862/989/621
f 861/988/622 862/989/622 863/990/622
f 862/989/623 865/991/623 863/990/623
f 857/984/624 864/992/624 862/989/624
f 862/989/623 864/992/623 865/991/623
f 863/990/625 865/991/625 866/993/625
f 865/991/626 868/994/626 866/993/626
f 864/992/627 867/995/627 865/991/627
f 865/991/626 867/995/626 868/994/626
f 866/993/628 868/994/628 869/996/628
f 868/994/629 871/997/629 869/996/629
f 867/995/630 870/998/630 868/994/630
f 868/994/629 870/998/629 871/997/629
f 869/996/631 871/997/631 872/999/631
f 871/997/632 874/1000/632 872/999/632
f 870/998/633 873/1001/633 871/997/633
f 871/997/632 873/1001/632 874/1000/632
f 872/999/634 874/1000/634 875/1002/634
f 874/1000/635 877/1003/635 875/1002/635
f 873/1001/636 876/1004/636 874/1000/636
f 874/1000/637 876/1004/637 877/1003/637
f 875/1002/638 877/1003/638 602/687/638
f 878/1005/639 602/689/639 877/1006/639
f 879/1007/640 877/1006/640 876/1008/640
f 879/1007/641 878/1005/641 877/1006/641
f 881/1009/642 878/1005/642 879/1007/642
f 880/1010/643 879/1007/643 876/1008/643
f 882/1011/644 879/1007/644 880/1010/644
f 882/1011/644 881/1009/644 879/1007/644
f 883/1012/645 882/1011/645 880/1010/645
f 884/1013/646 881/1009/646 882/1011/646
f 885/1014/647 882/1011/647 883/1012/647
f 885/1014/647 884/1013/647 882/1011/647
f 886/1015/648 884/1013/648 885/1014/648
f 888/1016/649 886/1015/649 885/1014/649
f 887/1017/650 885/1014/650 883/1012/650
f 888/1016/649 885/1014/649 887/1017/649
f 889/1018/651 886/1015/651 888/1016/651
f 891/1019/652 889/1018/652 888/1016/652
f 890/1020/653 888/1016/653 887/1017/653
f 891/1019/652 888/1016/652 890/1020/652
f 892/1021/654 889/1018/654 891/1019/654
f 831/957/655 891/1019/655 890/1020/655
f 829/955/656 891/1019/656 831/957/656
f 829/955/656 892/1021/656 891/1019/656
f 892/1021/654 893/1022/654 889/1018/654
f 747/840/657 893/1022/657 892/1021/657
f 745/839/658 892/1021/658 829/955/658
f 745/839/658 747/840/658 892/1021/658
f 893/1022/659 896/1023/659 889/1018/659
f 893/1022/659 894/1024/659 896/1023/659
f 895/1025/660 894/1024/660 893/1022/660
f 747/840/657 895/1025/657 893/1022/657
f 889/1018/651 896/1023/651 886/1015/651
f 896/1023/661 898/1026/661 886/1015/661
f 896/1023/661 897/1027/661 898/1026/661
f 894/1024/662 897/1027/662 896/1023/662
f 886/1015/648 898/1026/648 884/1013/648
f 898/1026/663 900/1028/663 884/1013/663
f 898/1026/663 899/1029/663 900/1028/663
f 897/1027/664 899/1029/664 898/1026/664
f 900/1028/665 901/1030/665 902/1031/665
f 899/1029/666 901/1030/666 900/1028/666
f 884/1013/646 900/1028/646 881/1009/646
f 900/1028/665 902/1031/665 881/1009/665
f 881/1009/642 902/1031/642 878/1005/642
f 902/1031/667 603/690/667 878/1005/667
f 902/1031/667 604/692/667 603/690/667
f 901/1030/668 604/692/668 902/1031/668
f 901/1030/669 605/694/669 604/692/669
f 903/1032/670 605/694/670 901/1030/670
f 899/1029/666 903/1032/666 901/1030/666
f 903/1032/671 606/696/671 605/694/671
f 904/1033/672 606/696/672 903/1032/672
f 905/1034/673 903/1032/673 899/1029/673
f 905/1034/674 904/1033/674 903/1032/674
f 906/1035/675 904/1033/675 905/1034/675
f 897/1027/664 905/1034/664 899/1029/664
f 907/1036/676 905/1034/676 897/1027/676
f 907/1036/676 906/1035/676 905/1034/676
f 908/1037/677 906/1035/677 907/1036/677
f 894/1024/662 907/1036/662 897/1027/662
f 909/1038/678 907/1036/678 894/1024/678
f 909/1038/678 908/1037/678 907/1036/678
f 910/1039/679 908/1037/679 909/1038/679
f 895/1025/660 909/1038/660 894/1024/660
f 911/1040/680 909/1038/680 895/1025/680
f 911/1040/680 910/1039/680 909/1038/680
f 743/836/681 911/1040/681 895/1025/681
f 911/1040/682 912/1041/682 910/1039/682
f 743/836/492 741/834/492 911/1040/492
f 911/1040/682 741/834/682 912/1041/682
f 910/1039/683 912/1041/683 913/1042/683
f 912/1041/684 914/1043/684 913/1042/684
f 741/834/490 739/832/490 912/1041/490
f 912/1041/684 739/832/684 914/1043/684
f 913/1042/685 914/1043/685 616/709/685
f 914/1043/686 618/711/686 616/709/686
f 739/832/488 737/830/488 914/1043/488
f 914/1043/686 737/830/686 618/711/686
f 915/1044/687 913/1042/687 614/707/687
f 910/1039/683 913/1042/683 915/1044/683
f 913/1042/685 616/709/685 614/707/685
f 910/1039/679 915/1044/679 908/1037/679
f 915/1044/688 916/1045/688 908/1037/688
f 915/1044/688 612/705/688 916/1045/688
f 915/1044/687 614/707/687 612/705/687
f 916/1045/689 610/703/689 917/1046/689
f 612/705/329 610/703/329 916/1045/329
f 908/1037/677 916/1045/677 906/1035/677
f 916/1045/689 917/1046/689 906/1035/689
f 610/703/327 608/700/327 917/1046/327
f 906/1035/675 917/1046/675 904/1033/675
f 917/1046/690 607/698/690 904/1033/690
f 917/1046/690 608/700/690 607/698/690
f 904/1033/672 607/698/672 606/696/672
f 743/836/681 895/1025/681 747/840/681
f 919/1047/691 890/1020/691 918/1048/691
f 890/1020/653 887/1017/653 918/1048/653
f 831/957/655 890/1020/655 919/1047/655
f 921/1049/692 832/956/692 919/1047/692
f 832/956/588 831/957/588 919/1047/588
f 921/1049/692 919/1047/692 920/1050/692
f 919/1047/691 918/1048/691 920/1050/691
f 922/1051/693 921/1049/693 920/1050/693
f 923/1052/694 921/1049/694 922/1051/694
f 923/1052/694 834/959/694 921/1049/694
f 834/959/695 832/956/695 921/1049/695
f 924/1053/696 923/1052/696 922/1051/696
f 836/961/592 834/959/592 923/1052/592
f 925/1054/697 923/1052/697 924/1053/697
f 925/1054/697 836/961/697 923/1052/697
f 926/1055/698 925/1054/698 924/1053/698
f 927/1056/699 838/963/699 925/1054/699
f 838/963/594 836/961/594 925/1054/594
f 927/1056/700 925/1054/700 926/1055/700
f 840/969/701 927/1057/701 845/972/701
f 927/1057/702 928/1058/702 845/972/702
f 927/1057/703 926/1059/703 928/1058/703
f 840/965/704 838/963/704 927/1056/704
f 928/1058/705 929/1060/705 930/1061/705
f 926/1059/706 929/1060/706 928/1058/706
f 845/972/609 928/1058/609 849/977/609
f 928/1058/705 930/1061/705 849/977/705
f 849/977/611 930/1061/611 851/978/611
f 930/1061/707 932/1062/707 851/978/707
f 930/1061/707 931/1063/707 932/1062/707
f 929/1060/708 931/1063/708 930/1061/708
f 932/1062/709 933/1064/709 934/1065/709
f 931/1063/710 933/1064/710 932/1062/710
f 851/978/615 932/1062/615 855/983/615
f 932/1062/709 934/1065/709 855/983/709
f 855/983/617 934/1065/617 857/984/617
f 857/984/624 934/1065/624 864/992/624
f 934/1065/711 935/1066/711 864/992/711
f 934/1065/711 933/1064/711 935/1066/711
f 864/992/627 935/1066/627 867/995/627
f 935/1066/712 937/1067/712 867/995/712
f 933/1064/713 936/1068/713 935/1066/713
f 935/1066/712 936/1068/712 937/1067/712
f 867/995/630 937/1067/630 870/998/630
f 937/1067/714 939/1069/714 870/998/714
f 936/1068/715 938/1070/715 937/1067/715
f 937/1067/714 938/1070/714 939/1069/714
f 870/998/633 939/1069/633 873/1001/633
f 939/1069/716 941/1071/716 873/1001/716
f 938/1070/717 940/1072/717 939/1069/717
f 939/1069/718 940/1072/718 941/1071/718
f 873/1001/719 941/1071/719 876/1004/719
f 880/1010/720 876/1008/720 941/1073/720
f 942/1074/721 941/1073/721 940/1075/721
f 942/1074/722 880/1010/722 941/1073/722
f 883/1012/645 880/1010/645 942/1074/645
f 943/1076/723 942/1074/723 940/1075/723
f 944/1077/724 942/1074/724 943/1076/724
f 944/1077/724 883/1012/724 942/1074/724
f 945/1078/725 944/1077/725 943/1076/725
f 887/1017/650 883/1012/650 944/1077/650
f 918/1048/726 944/1077/726 945/1078/726
f 918/1048/726 887/1017/726 944/1077/726
f 920/1050/727 918/1048/727 945/1078/727
f 946/1079/728 945/1078/728 947/1080/728
f 920/1050/727 945/1078/727 946/1079/727
f 945/1078/725 943/1076/725 947/1080/725
f 947/1080/729 943/1076/729 950/1081/729
f 948/1082/730 947/1080/730 949/1083/730
f 946/1079/728 947/1080/728 948/1082/728
f 947/1080/731 950/1081/731 949/1083/731
f 938/1070/732 950/1084/732 940/1072/732
f 951/1085/733 950/1084/733 938/1070/733
f 943/1076/734 940/1075/734 950/1081/734
f 951/1085/735 949/1086/735 950/1084/735
f 936/1068/715 951/1085/715 938/1070/715
f 953/1087/736 952/1088/736 951/1085/736
f 952/1088/737 949/1086/737 951/1085/737
f 953/1087/736 951/1085/736 936/1068/736
f 931/1063/710 953/1087/710 933/1064/710
f 933/1064/713 953/1087/713 936/1068/713
f 954/1089/738 953/1087/738 931/1063/738
f 954/1089/738 952/1088/738 953/1087/738
f 955/1090/739 952/1088/739 954/1089/739
f 929/1060/708 954/1089/708 931/1063/708
f 956/1091/740 954/1089/740 929/1060/740
f 956/1091/741 955/1090/741 954/1089/741
f 926/1059/742 956/1091/742 929/1060/742
f 956/1092/743 957/1093/743 955/1094/743
f 926/1055/744 924/1053/744 956/1092/744
f 956/1092/745 924/1053/745 957/1093/745
f 955/1094/746 957/1093/746 948/1082/746
f 957/1093/747 946/1079/747 948/1082/747
f 957/1093/747 922/1051/747 946/1079/747
f 924/1053/696 922/1051/696 957/1093/696
f 955/1090/748 958/1095/748 952/1088/748
f 955/1094/749 948/1082/749 958/1096/749
f 952/1088/750 958/1095/750 949/1086/750
f 948/1082/751 949/1083/751 958/1096/751
f 922/1051/693 920/1050/693 946/1079/693
f 878/1005/752 603/690/752 602/689/752
f 959/1097/753 875/1002/753 601/685/753
f 872/999/634 875/1002/634 959/1097/634
f 875/1002/754 602/687/754 601/685/754
f 960/1098/755 959/1097/755 600/683/755
f 961/1099/756 959/1097/756 960/1098/756
f 959/1097/753 601/685/753 600/683/753
f 961/1099/756 872/999/756 959/1097/756
f 962/1100/757 961/1099/757 960/1098/757
f 963/1101/758 869/996/758 961/1099/758
f 869/996/631 872/999/631 961/1099/631
f 963/1101/758 961/1099/758 962/1100/758
f 964/1102/759 963/1101/759 962/1100/759
f 965/1103/760 963/1101/760 964/1102/760
f 965/1103/760 866/993/760 963/1101/760
f 866/993/628 869/996/628 963/1101/628
f 966/1104/761 965/1103/761 964/1102/761
f 967/1105/762 863/990/762 965/1103/762
f 863/990/625 866/993/625 965/1103/625
f 967/1105/762 965/1103/762 966/1104/762
f 968/1106/763 967/1105/763 966/1104/763
f 969/1107/764 967/1105/764 968/1106/764
f 969/1107/764 861/988/764 967/1105/764
f 861/988/622 863/990/622 967/1105/622
f 970/1108/765 969/1107/765 968/1106/765
f 971/1109/766 860/987/766 969/1107/766
f 860/987/620 861/988/620 969/1107/620
f 971/1109/766 969/1107/766 970/1108/766
f 974/1110/767 971/1109/767 647/740/767
f 971/1109/768 973/1111/768 647/740/768
f 971/1109/768 970/1108/768 973/1111/768
f 974/1110/767 972/1112/767 971/1109/767
f 975/1113/769 971/1109/769 972/1112/769
f 975/1113/769 860/987/769 971/1109/769
f 858/986/619 860/987/619 975/1113/619
f 976/1114/770 975/1113/770 972/1112/770
f 977/1115/771 975/1113/771 976/1114/771
f 977/1115/771 858/986/771 975/1113/771
f 978/1116/772 977/1115/772 976/1114/772
f 854/981/618 858/986/618 977/1115/618
f 979/1117/773 977/1115/773 978/1116/773
f 979/1117/773 854/981/773 977/1115/773
f 852/980/613 854/981/613 979/1117/613
f 980/1118/774 979/1117/774 978/1116/774
f 981/1119/775 979/1117/775 980/1118/775
f 981/1119/775 852/980/775 979/1117/775
f 982/1120/776 981/1119/776 980/1118/776
f 848/975/612 852/980/612 981/1119/612
f 983/1121/777 981/1119/777 982/1120/777
f 983/1121/777 848/975/777 981/1119/777
f 846/974/607 848/975/607 983/1121/607
f 984/1122/778 983/1121/778 982/1120/778
f 985/1123/779 983/1121/779 984/1122/779
f 985/1123/779 846/974/779 983/1121/779
f 783/861/780 985/1123/780 984/1122/780
f 843/971/606 846/974/606 985/1123/606
f 763/859/781 985/1123/781 783/861/781
f 763/859/781 843/971/781 985/1123/781
f 782/901/782 984/1122/782 986/1124/782
f 984/1122/778 982/1120/778 986/1124/778
f 783/861/780 984/1122/780 782/901/780
f 781/899/783 986/1124/783 987/1125/783
f 986/1124/784 988/1126/784 987/1125/784
f 986/1124/784 982/1120/784 988/1126/784
f 782/901/782 986/1124/782 781/899/782
f 988/1126/785 980/1118/785 990/1127/785
f 982/1120/776 980/1118/776 988/1126/776
f 987/1125/786 988/1126/786 989/1128/786
f 988/1126/785 990/1127/785 989/1128/785
f 989/1128/787 990/1127/787 991/1129/787
f 990/1127/788 992/1130/788 991/1129/788
f 990/1127/788 978/1116/788 992/1130/788
f 980/1118/789 978/1116/789 990/1127/789
f 992/1130/790 976/1114/790 994/1131/790
f 978/1116/772 976/1114/772 992/1130/772
f 991/1129/791 992/1130/791 993/1132/791
f 992/1130/790 994/1131/790 993/1132/790
f 995/1133/792 994/1131/792 972/1112/792
f 996/1134/793 994/1131/793 995/1133/793
f 976/1114/770 972/1112/770 994/1131/770
f 996/1134/793 993/1132/793 994/1131/793
f 998/1135/794 996/1134/794 995/1133/794
f 999/1136/795 997/1137/795 996/1134/795
f 997/1137/796 993/1132/796 996/1134/796
f 999/1136/795 996/1134/795 998/1135/795
f 1000/1138/797 999/1136/797 998/1135/797
f 1002/1139/798 999/1136/798 1000/1138/798
f 1002/1139/798 1001/1140/798 999/1136/798
f 1001/1140/799 997/1137/799 999/1136/799
f 1004/1141/800 1002/1139/800 1000/1138/800
f 1005/1142/801 1003/1143/801 1002/1139/801
f 1003/1143/802 1001/1140/802 1002/1139/802
f 1005/1142/801 1002/1139/801 1004/1141/801
f 1006/1144/803 1005/1142/803 1004/1141/803
f 772/881/804 1005/1142/804 1006/1144/804
f 772/881/804 773/883/804 1005/1142/804
f 773/883/805 1003/1143/805 1005/1142/805
f 1007/1145/806 1006/1144/806 1008/1146/806
f 771/879/807 1006/1144/807 1007/1145/807
f 1006/1144/803 1004/1141/803 1008/1146/803
f 771/879/807 772/881/807 1006/1144/807
f 659/753/383 1008/1146/383 655/750/383
f 1008/1146/808 1009/1147/808 655/750/808
f 1008/1146/808 1004/1141/808 1009/1147/808
f 1007/1145/806 1008/1146/806 659/753/806
f 655/750/380 1009/1147/380 653/747/380
f 1009/1147/809 1010/1148/809 653/747/809
f 1004/1141/800 1000/1138/800 1009/1147/800
f 1009/1147/809 1000/1138/809 1010/1148/809
f 653/747/377 1010/1148/377 649/744/377
f 1010/1148/810 1011/1149/810 649/744/810
f 1000/1138/811 998/1135/811 1010/1148/811
f 1010/1148/810 998/1135/810 1011/1149/810
f 649/744/374 1011/1149/374 646/741/374
f 1011/1149/812 974/1110/812 646/741/812
f 998/1135/794 995/1133/794 1011/1149/794
f 1011/1149/812 995/1133/812 974/1110/812
f 661/756/386 1007/1145/386 659/753/386
f 770/877/813 1007/1145/813 661/756/813
f 770/877/813 771/879/813 1007/1145/813
f 773/883/805 774/885/805 1003/1143/805
f 774/885/814 1012/1150/814 1003/1143/814
f 1003/1143/802 1012/1150/802 1001/1140/802
f 1012/1150/815 1014/1151/815 1001/1140/815
f 774/885/814 775/887/814 1012/1150/814
f 775/887/816 1013/1152/816 1012/1150/816
f 1012/1150/815 1013/1152/815 1014/1151/815
f 1001/1140/799 1014/1151/799 997/1137/799
f 1014/1151/817 1016/1153/817 997/1137/817
f 1013/1152/818 1015/1154/818 1014/1151/818
f 1014/1151/817 1015/1154/817 1016/1153/817
f 997/1137/796 1016/1153/796 993/1132/796
f 991/1129/791 993/1132/791 1016/1153/791
f 1017/1155/819 1016/1153/819 1015/1154/819
f 1017/1155/819 991/1129/819 1016/1153/819
f 989/1128/787 991/1129/787 1017/1155/787
f 1018/1156/820 1017/1155/820 1015/1154/820
f 1019/1157/821 1017/1155/821 1018/1156/821
f 1019/1157/821 989/1128/821 1017/1155/821
f 779/895/822 1019/1157/822 1018/1156/822
f 987/1125/786 989/1128/786 1019/1157/786
f 780/897/823 1019/1157/823 779/895/823
f 780/897/823 987/1125/823 1019/1157/823
f 778/893/824 1018/1156/824 1020/1158/824
f 1018/1156/820 1015/1154/820 1020/1158/820
f 779/895/822 1018/1156/822 778/893/822
f 1013/1152/818 1020/1158/818 1015/1154/818
f 776/889/825 1020/1158/825 1013/1152/825
f 776/889/825 777/891/825 1020/1158/825
f 778/893/824 1020/1158/824 777/891/824
f 775/887/816 776/889/816 1013/1152/816
f 995/1133/792 972/1112/792 974/1110/792
f 781/899/783 987/1125/783 780/897/783
f 646/741/371 974/1110/371 647/740/371
f 973/1111/826 1021/1159/826 1022/1160/826
f 970/1108/827 1021/1159/827 973/1111/827
f 647/740/370 973/1111/370 644/736/370
f 973/1111/826 1022/1160/826 644/736/826
f 644/736/366 1022/1160/366 641/734/366
f 1022/1160/828 1024/1161/828 641/734/828
f 1022/1160/828 1023/1162/828 1024/1161/828
f 1021/1159/829 1023/1162/829 1022/1160/829
f 1024/1161/830 1025/1163/830 1026/1164/830
f 1023/1162/831 1025/1163/831 1024/1161/831
f 641/734/364 1024/1161/364 638/730/364
f 1024/1161/830 1026/1164/830 638/730/830
f 638/730/360 1026/1164/360 635/728/360
f 1026/1164/832 1028/1165/832 635/728/832
f 1026/1164/832 1027/1166/832 1028/1165/832
f 1025/1163/833 1027/1166/833 1026/1164/833
f 1028/1165/834 1029/1167/834 1030/1168/834
f 1027/1166/835 1029/1167/835 1028/1165/835
f 635/728/358 1028/1165/358 632/724/358
f 1028/1165/834 1030/1168/834 632/724/834
f 632/724/354 1030/1168/354 629/721/354
f 1030/1168/836 587/657/836 629/721/836
f 1030/1168/836 588/659/836 587/657/836
f 1029/1167/837 588/659/837 1030/1168/837
f 1029/1167/837 589/661/837 588/659/837
f 1031/1169/838 589/661/838 1029/1167/838
f 1027/1166/835 1031/1169/835 1029/1167/835
f 1031/1169/838 590/663/838 589/661/838
f 1032/1170/839 590/663/839 1031/1169/839
f 1033/1171/840 1031/1169/840 1027/1166/840
f 1033/1171/840 1032/1170/840 1031/1169/840
f 1034/1172/841 1032/1170/841 1033/1171/841
f 1025/1163/833 1033/1171/833 1027/1166/833
f 1035/1173/842 1033/1171/842 1025/1163/842
f 1035/1173/842 1034/1172/842 1033/1171/842
f 1023/1162/843 1035/1173/843 1025/1163/843
f 1036/1174/844 1034/1172/844 1035/1173/844
f 1037/1175/845 1035/1173/845 1023/1162/845
f 1037/1175/845 1036/1174/845 1035/1173/845
f 1038/1176/846 1036/1174/846 1037/1175/846
f 1021/1159/829 1037/1175/829 1023/1162/829
f 1039/1177/847 1037/1175/847 1021/1159/847
f 1039/1177/847 1038/1176/847 1037/1175/847
f 970/1108/827 1039/1177/827 1021/1159/827
f 1039/1177/848 1040/1178/848 1038/1176/848
f 970/1108/765 968/1106/765 1039/1177/765
f 1039/1177/848 968/1106/848 1040/1178/848
f 1038/1176/849 1040/1178/849 1041/1179/849
f 1040/1178/850 1042/1180/850 1041/1179/850
f 968/1106/763 966/1104/763 1040/1178/763
f 1040/1178/850 966/1104/850 1042/1180/850
f 1041/1179/851 1042/1180/851 1043/1181/851
f 1042/1180/852 1044/1182/852 1043/1181/852
f 966/1104/853 964/1102/853 1042/1180/853
f 1042/1180/852 964/1102/852 1044/1182/852
f 1043/1181/854 1044/1182/854 1045/1183/854
f 1044/1182/855 1046/1184/855 1045/1183/855
f 964/1102/759 962/1100/759 1044/1182/759
f 1044/1182/855 962/1100/855 1046/1184/855
f 1045/1183/856 1046/1184/856 598/679/856
f 1046/1184/857 599/681/857 598/679/857
f 962/1100/757 960/1098/757 1046/1184/757
f 1046/1184/857 960/1098/857 599/681/857
f 1047/1185/858 1045/1183/858 597/677/858
f 1043/1181/854 1045/1183/854 1047/1185/854
f 1045/1183/856 598/679/856 597/677/856
f 1048/1186/859 1047/1185/859 596/675/859
f 1049/1187/860 1047/1185/860 1048/1186/860
f 1047/1185/858 597/677/858 596/675/858
f 1049/1187/860 1043/1181/860 1047/1185/860
f 1050/1188/861 1049/1187/861 1048/1186/861
f 1051/1189/862 1041/1179/862 1049/1187/862
f 1041/1179/851 1043/1181/851 1049/1187/851
f 1051/1189/862 1049/1187/862 1050/1188/862
f 1038/1176/846 1051/1189/846 1036/1174/846
f 1051/1189/863 1052/1190/863 1036/1174/863
f 1051/1189/863 1050/1188/863 1052/1190/863
f 1038/1176/849 1041/1179/849 1051/1189/849
f 1052/1190/864 1053/1191/864 1054/1192/864
f 1050/1188/865 1053/1191/865 1052/1190/865
f 1036/1174/844 1052/1190/844 1034/1172/844
f 1052/1190/864 1054/1192/864 1034/1172/864
f 1034/1172/841 1054/1192/841 1032/1170/841
f 1054/1192/866 591/665/866 1032/1170/866
f 1054/1192/866 592/667/866 591/665/866
f 1053/1191/867 592/667/867 1054/1192/867
f 1053/1191/867 593/669/867 592/667/867
f 1055/1193/868 593/669/868 1053/1191/868
f 1050/1188/865 1055/1193/865 1053/1191/865
f 1055/1193/868 594/671/868 593/669/868
f 1055/1193/869 595/673/869 594/671/869
f 1050/1188/861 1048/1186/861 1055/1193/861
f 1055/1193/869 1048/1186/869 595/673/869
f 1048/1186/859 596/675/859 595/673/859
f 1032/1170/839 591/665/839 590/663/839
f 960/1098/755 600/683/755 599/681/755
f 784/858/870 843/971/870 763/859/870
f 784/905/871 785/904/871 841/967/871
f 785/904/872 819/944/872 841/967/872
f 841/967/599 819/944/599 822/946/599
f 785/904/872 786/907/872 819/944/872
f 788/911/574 789/913/574 815/942/574
f 789/913/873 1056/1194/873 815/942/873
f 815/942/570 1056/1194/570 813/939/570
f 1056/1194/874 1057/1195/874 813/939/874
f 789/913/873 790/915/873 1056/1194/873
f 790/915/542 792/917/542 1056/1194/542
f 1056/1194/874 792/917/874 1057/1195/874
f 813/939/567 1057/1195/567 809/936/567
f 1057/1195/875 1058/1196/875 809/936/875
f 792/917/544 794/919/544 1057/1195/544
f 1057/1195/875 794/919/875 1058/1196/875
f 809/936/564 1058/1196/564 805/931/564
f 796/921/876 1058/1196/876 794/919/876
f 803/928/559 805/931/559 1058/1196/559
f 796/921/876 803/928/876 1058/1196/876
f 807/932/560 746/841/560 748/838/560
f 798/923/556 803/928/556 796/921/556
f 665/757/877 770/877/877 661/756/877
f 760/853/878 758/851/878 769/874/878
f 737/830/486 620/713/486 618/711/486
f 629/721/879 587/657/879 586/655/879
