# Blender 5.1.1
# www.blender.org
mtllib E_Shield.mtl
o トーラス
v -0.506250 0.093898 0.625360
v -0.492685 0.093898 0.630932
v -0.455625 0.093898 0.659756
v -0.405000 0.093898 0.670307
v -0.354375 0.093898 0.659756
v -0.317315 0.093898 0.630932
v -0.303750 0.093898 0.625360
v -0.317315 0.093898 0.585985
v -0.354375 0.093898 0.557160
v -0.405000 0.093898 0.546610
v -0.455625 0.093898 0.557160
v -0.492685 0.093898 0.585985
v -0.501919 0.159977 0.625360
v -0.488470 0.158206 0.630932
v -0.451727 0.153369 0.659756
v -0.401535 0.146761 0.670307
v -0.351343 0.140153 0.659756
v -0.314600 0.135316 0.630932
v -0.301151 0.133545 0.625360
v -0.314600 0.135316 0.585985
v -0.351343 0.140153 0.557160
v -0.401535 0.146761 0.546610
v -0.451727 0.153369 0.557160
v -0.488470 0.158206 0.585985
v -0.489000 0.224925 0.625360
v -0.475897 0.221414 0.630932
v -0.440100 0.211822 0.659756
v -0.391200 0.198720 0.670307
v -0.342300 0.185617 0.659756
v -0.306503 0.176025 0.630932
v -0.293400 0.172514 0.625360
v -0.306503 0.176025 0.585985
v -0.342300 0.185617 0.557160
v -0.391200 0.198720 0.546610
v -0.440100 0.211822 0.557160
v -0.475897 0.221414 0.585985
v -0.467714 0.287631 0.625360
v -0.455182 0.282440 0.630932
v -0.420943 0.268258 0.659756
v -0.374171 0.248885 0.670307
v -0.327400 0.229511 0.659756
v -0.293161 0.215329 0.630932
v -0.280628 0.210138 0.625360
v -0.293161 0.215329 0.585985
v -0.327400 0.229511 0.557160
v -0.374171 0.248885 0.546610
v -0.420943 0.268258 0.557160
v -0.455182 0.282440 0.585985
v -0.438425 0.347023 0.625360
v -0.426678 0.340240 0.630932
v -0.394583 0.321710 0.659756
v -0.350740 0.296398 0.670307
v -0.306898 0.271085 0.659756
v -0.274803 0.252555 0.630932
v -0.263055 0.245773 0.625360
v -0.274803 0.252555 0.585985
v -0.306898 0.271085 0.557160
v -0.350740 0.296398 0.546610
v -0.394583 0.321710 0.557160
v -0.426678 0.340240 0.585985
v -0.401635 0.402083 0.625360
v -0.390873 0.393826 0.630932
v -0.361472 0.371265 0.659756
v -0.321308 0.340446 0.670307
v -0.281145 0.309628 0.659756
v -0.251743 0.287067 0.630932
v -0.240981 0.278809 0.625360
v -0.251743 0.287067 0.585985
v -0.281145 0.309628 0.557160
v -0.321308 0.340446 0.546610
v -0.361472 0.371265 0.557160
v -0.390873 0.393826 0.585985
v -0.357973 0.451871 0.625360
v -0.348381 0.442279 0.630932
v -0.322175 0.416073 0.659756
v -0.286378 0.380276 0.670307
v -0.250581 0.344479 0.659756
v -0.224376 0.318273 0.630932
v -0.214784 0.308682 0.625360
v -0.224376 0.318273 0.585985
v -0.250581 0.344479 0.557160
v -0.286378 0.380276 0.546610
v -0.322175 0.416073 0.557160
v -0.348381 0.442279 0.585985
v -0.308186 0.495533 0.625360
v -0.299928 0.484771 0.630932
v -0.277367 0.455369 0.659756
v -0.246548 0.415206 0.670307
v -0.215730 0.375042 0.659756
v -0.193169 0.345641 0.630932
v -0.184911 0.334879 0.625360
v -0.193169 0.345641 0.585985
v -0.215730 0.375042 0.557160
v -0.246548 0.415206 0.546610
v -0.277367 0.455369 0.557160
v -0.299928 0.484771 0.585985
v -0.253125 0.532323 0.625360
v -0.246342 0.520576 0.630932
v -0.227812 0.488481 0.659756
v -0.202500 0.444638 0.670307
v -0.177187 0.400796 0.659756
v -0.158657 0.368701 0.630932
v -0.151875 0.356953 0.625360
v -0.158657 0.368701 0.585985
v -0.177187 0.400796 0.557160
v -0.202500 0.444638 0.546610
v -0.227812 0.488481 0.557160
v -0.246342 0.520576 0.585985
v -0.193734 0.561612 0.625360
v -0.188543 0.549079 0.630932
v -0.174360 0.514840 0.659756
v -0.154987 0.468069 0.670307
v -0.135614 0.421298 0.659756
v -0.121431 0.387059 0.630932
v -0.116240 0.374526 0.625360
v -0.121431 0.387059 0.585985
v -0.135614 0.421298 0.557160
v -0.154987 0.468069 0.546610
v -0.174360 0.514840 0.557160
v -0.188543 0.549079 0.585985
v -0.131027 0.582898 0.625360
v -0.127516 0.569795 0.630932
v -0.117924 0.533998 0.659756
v -0.104822 0.485098 0.670307
v -0.091719 0.436198 0.659756
v -0.082127 0.400401 0.630932
v -0.078616 0.387298 0.625360
v -0.082127 0.400401 0.585985
v -0.091719 0.436198 0.557160
v -0.104822 0.485098 0.546610
v -0.117924 0.533998 0.557160
v -0.127516 0.569795 0.585985
v -0.066079 0.595817 0.625360
v -0.064308 0.582368 0.630932
v -0.059471 0.545625 0.659756
v -0.052863 0.495433 0.670307
v -0.046255 0.445241 0.659756
v -0.041418 0.408498 0.630932
v -0.039647 0.395049 0.625360
v -0.041418 0.408498 0.585985
v -0.046255 0.445241 0.557160
v -0.052863 0.495433 0.546610
v -0.059471 0.545625 0.557160
v -0.064308 0.582368 0.585985
v -0.000000 0.600148 0.625360
v -0.000000 0.586583 0.630932
v -0.000000 0.549523 0.659756
v -0.000000 0.498898 0.670307
v -0.000000 0.448273 0.659756
v -0.000000 0.411213 0.630932
v -0.000000 0.397648 0.625360
v -0.000000 0.411213 0.585985
v -0.000000 0.448273 0.557160
v -0.000000 0.498898 0.546610
v -0.000000 0.549523 0.557160
v -0.000000 0.586583 0.585985
v 0.066079 0.595817 0.625360
v 0.064308 0.582368 0.630932
v 0.059471 0.545625 0.659756
v 0.052863 0.495433 0.670307
v 0.046255 0.445241 0.659756
v 0.041418 0.408498 0.630932
v 0.039647 0.395049 0.625360
v 0.041418 0.408498 0.585985
v 0.046255 0.445241 0.557160
v 0.052863 0.495433 0.546610
v 0.059471 0.545625 0.557160
v 0.064308 0.582368 0.585985
v 0.131027 0.582898 0.625360
v 0.127516 0.569795 0.630932
v 0.117924 0.533998 0.659756
v 0.104822 0.485098 0.670307
v 0.091719 0.436198 0.659756
v 0.082127 0.400401 0.630932
v 0.078616 0.387298 0.625360
v 0.082127 0.400401 0.585985
v 0.091719 0.436198 0.557160
v 0.104822 0.485098 0.546610
v 0.117924 0.533998 0.557160
v 0.127516 0.569795 0.585985
v 0.193734 0.561612 0.625360
v 0.188542 0.549079 0.630932
v 0.174360 0.514840 0.659756
v 0.154987 0.468069 0.670307
v 0.135613 0.421298 0.659756
v 0.121431 0.387059 0.630932
v 0.116240 0.374526 0.625360
v 0.121431 0.387059 0.585985
v 0.135613 0.421298 0.557160
v 0.154987 0.468069 0.546610
v 0.174360 0.514840 0.557160
v 0.188542 0.549079 0.585985
v 0.253125 0.532323 0.625360
v 0.246342 0.520576 0.630932
v 0.227812 0.488481 0.659756
v 0.202500 0.444638 0.670307
v 0.177187 0.400796 0.659756
v 0.158657 0.368701 0.630932
v 0.151875 0.356953 0.625360
v 0.158657 0.368701 0.585985
v 0.177187 0.400796 0.557160
v 0.202500 0.444638 0.546610
v 0.227812 0.488481 0.557160
v 0.246342 0.520576 0.585985
v 0.308185 0.495533 0.625360
v 0.299928 0.484771 0.630932
v 0.277367 0.455369 0.659756
v 0.246548 0.415206 0.670307
v 0.215730 0.375042 0.659756
v 0.193169 0.345641 0.630932
v 0.184911 0.334879 0.625360
v 0.193169 0.345641 0.585985
v 0.215730 0.375042 0.557160
v 0.246548 0.415206 0.546610
v 0.277367 0.455369 0.557160
v 0.299928 0.484771 0.585985
v 0.357973 0.451871 0.625360
v 0.348381 0.442279 0.630932
v 0.322176 0.416073 0.659756
v 0.286378 0.380276 0.670307
v 0.250581 0.344479 0.659756
v 0.224376 0.318273 0.630932
v 0.214784 0.308681 0.625360
v 0.224376 0.318273 0.585985
v 0.250581 0.344479 0.557160
v 0.286378 0.380276 0.546610
v 0.322176 0.416073 0.557160
v 0.348381 0.442279 0.585985
v 0.401635 0.402083 0.625360
v 0.390873 0.393826 0.630932
v 0.361472 0.371265 0.659756
v 0.321308 0.340446 0.670307
v 0.281145 0.309628 0.659756
v 0.251743 0.287067 0.630932
v 0.240981 0.278809 0.625360
v 0.251743 0.287067 0.585985
v 0.281145 0.309628 0.557160
v 0.321308 0.340446 0.546610
v 0.361472 0.371265 0.557160
v 0.390873 0.393826 0.585985
v 0.438425 0.347023 0.625360
v 0.426678 0.340241 0.630932
v 0.394583 0.321710 0.659756
v 0.350740 0.296398 0.670307
v 0.306898 0.271085 0.659756
v 0.274803 0.252555 0.630932
v 0.263055 0.245773 0.625360
v 0.274803 0.252555 0.585985
v 0.306898 0.271085 0.557160
v 0.350740 0.296398 0.546610
v 0.394583 0.321710 0.557160
v 0.426678 0.340241 0.585985
v 0.467714 0.287631 0.625360
v 0.455182 0.282440 0.630932
v 0.420943 0.268258 0.659756
v 0.374171 0.248885 0.670307
v 0.327400 0.229511 0.659756
v 0.293161 0.215329 0.630932
v 0.280628 0.210138 0.625360
v 0.293161 0.215329 0.585985
v 0.327400 0.229511 0.557160
v 0.374171 0.248885 0.546610
v 0.420943 0.268258 0.557160
v 0.455182 0.282440 0.585985
v 0.489000 0.224925 0.625360
v 0.475897 0.221414 0.630932
v 0.440100 0.211822 0.659756
v 0.391200 0.198720 0.670307
v 0.342300 0.185617 0.659756
v 0.306503 0.176025 0.630932
v 0.293400 0.172514 0.625360
v 0.306503 0.176025 0.585985
v 0.342300 0.185617 0.557160
v 0.391200 0.198720 0.546610
v 0.440100 0.211822 0.557160
v 0.475897 0.221414 0.585985
v 0.501919 0.159977 0.625360
v 0.488470 0.158206 0.630932
v 0.451727 0.153369 0.659756
v 0.401535 0.146761 0.670307
v 0.351343 0.140153 0.659756
v 0.314600 0.135316 0.630932
v 0.301151 0.133545 0.625360
v 0.314600 0.135316 0.585985
v 0.351343 0.140153 0.557160
v 0.401535 0.146761 0.546610
v 0.451727 0.153369 0.557160
v 0.488470 0.158206 0.585985
v 0.506250 0.093898 0.625360
v 0.492685 0.093898 0.630932
v 0.455625 0.093898 0.659756
v 0.405000 0.093898 0.670307
v 0.354375 0.093898 0.659756
v 0.317315 0.093898 0.630932
v 0.303750 0.093898 0.625360
v 0.317315 0.093898 0.585985
v 0.354375 0.093898 0.557160
v 0.405000 0.093898 0.546610
v 0.455625 0.093898 0.557160
v 0.492685 0.093898 0.585985
v 0.501919 0.027819 0.625360
v 0.488470 0.029590 0.630932
v 0.451727 0.034427 0.659756
v 0.401535 0.041035 0.670307
v 0.351343 0.047643 0.659756
v 0.314600 0.052480 0.630932
v 0.301151 0.054251 0.625360
v 0.314600 0.052480 0.585985
v 0.351343 0.047643 0.557160
v 0.401535 0.041035 0.546610
v 0.451727 0.034427 0.557160
v 0.488470 0.029590 0.585985
v 0.489000 -0.037129 0.625360
v 0.475897 -0.033618 0.630932
v 0.440100 -0.024026 0.659756
v 0.391200 -0.010924 0.670307
v 0.342300 0.002179 0.659756
v 0.306503 0.011771 0.630932
v 0.293400 0.015282 0.625360
v 0.306503 0.011771 0.585985
v 0.342300 0.002179 0.557160
v 0.391200 -0.010924 0.546610
v 0.440100 -0.024026 0.557160
v 0.475897 -0.033618 0.585985
v 0.467714 -0.099835 0.625360
v 0.455182 -0.094644 0.630932
v 0.420943 -0.080462 0.659756
v 0.374171 -0.061089 0.670307
v 0.327400 -0.041715 0.659756
v 0.293161 -0.027533 0.630932
v 0.280628 -0.022342 0.625360
v 0.293161 -0.027533 0.585985
v 0.327400 -0.041715 0.557160
v 0.374171 -0.061089 0.546610
v 0.420943 -0.080462 0.557160
v 0.455182 -0.094644 0.585985
v 0.438425 -0.159227 0.625360
v 0.426678 -0.152445 0.630932
v 0.394583 -0.133915 0.659756
v 0.350740 -0.108602 0.670307
v 0.306898 -0.083290 0.659756
v 0.274803 -0.064760 0.630932
v 0.263055 -0.057977 0.625360
v 0.274803 -0.064760 0.585985
v 0.306898 -0.083290 0.557160
v 0.350740 -0.108602 0.546610
v 0.394583 -0.133915 0.557160
v 0.426678 -0.152445 0.585985
v 0.401635 -0.214288 0.625360
v 0.390873 -0.206030 0.630932
v 0.361472 -0.183469 0.659756
v 0.321308 -0.152651 0.670307
v 0.281145 -0.121832 0.659756
v 0.251743 -0.099271 0.630932
v 0.240981 -0.091013 0.625360
v 0.251743 -0.099271 0.585985
v 0.281145 -0.121832 0.557160
v 0.321308 -0.152651 0.546610
v 0.361472 -0.183469 0.557160
v 0.390873 -0.206030 0.585985
v 0.357973 -0.264075 0.625360
v 0.348381 -0.254483 0.630932
v 0.322176 -0.228278 0.659756
v 0.286378 -0.192480 0.670307
v 0.250581 -0.156683 0.659756
v 0.224376 -0.130478 0.630932
v 0.214784 -0.120886 0.625360
v 0.224376 -0.130478 0.585985
v 0.250581 -0.156683 0.557160
v 0.286378 -0.192480 0.546610
v 0.322176 -0.228278 0.557160
v 0.348381 -0.254483 0.585985
v 0.308186 -0.307737 0.625360
v 0.299928 -0.296975 0.630932
v 0.277367 -0.267574 0.659756
v 0.246549 -0.227410 0.670307
v 0.215730 -0.187247 0.659756
v 0.193169 -0.157845 0.630932
v 0.184911 -0.147083 0.625360
v 0.193169 -0.157845 0.585985
v 0.215730 -0.187247 0.557160
v 0.246549 -0.227410 0.546610
v 0.277367 -0.267574 0.557160
v 0.299928 -0.296975 0.585985
v 0.253125 -0.344528 0.625360
v 0.246342 -0.332780 0.630931
v 0.227812 -0.300685 0.659756
v 0.202500 -0.256842 0.670307
v 0.177187 -0.213000 0.659756
v 0.158657 -0.180905 0.630932
v 0.151875 -0.169157 0.625360
v 0.158657 -0.180905 0.585985
v 0.177187 -0.213000 0.557160
v 0.202500 -0.256842 0.546610
v 0.227812 -0.300685 0.557160
v 0.246342 -0.332780 0.585985
v 0.193734 -0.373816 0.625360
v 0.188542 -0.361284 0.630931
v 0.174360 -0.327045 0.659756
v 0.154987 -0.280273 0.670307
v 0.135613 -0.233502 0.659756
v 0.121431 -0.199263 0.630932
v 0.116240 -0.186730 0.625360
v 0.121431 -0.199263 0.585985
v 0.135613 -0.233502 0.557160
v 0.154987 -0.280273 0.546610
v 0.174360 -0.327045 0.557160
v 0.188542 -0.361284 0.585985
v 0.131027 -0.395102 0.625360
v 0.127516 -0.381999 0.630931
v 0.117925 -0.346202 0.659756
v 0.104822 -0.297302 0.670307
v 0.091719 -0.248402 0.659756
v 0.082127 -0.212605 0.630932
v 0.078616 -0.199502 0.625360
v 0.082127 -0.212605 0.585985
v 0.091719 -0.248402 0.557160
v 0.104822 -0.297302 0.546610
v 0.117925 -0.346202 0.557160
v 0.127516 -0.381999 0.585985
v 0.066079 -0.408021 0.625360
v 0.064309 -0.394572 0.630931
v 0.059471 -0.357829 0.659756
v 0.052863 -0.307637 0.670307
v 0.046255 -0.257445 0.659756
v 0.041418 -0.220702 0.630932
v 0.039648 -0.207253 0.625360
v 0.041418 -0.220702 0.585985
v 0.046255 -0.257445 0.557160
v 0.052863 -0.307637 0.546610
v 0.059471 -0.357829 0.557160
v 0.064309 -0.394572 0.585985
v -0.000000 -0.412352 0.625360
v -0.000000 -0.398787 0.630931
v -0.000000 -0.361727 0.659756
v -0.000000 -0.311102 0.670307
v -0.000000 -0.260477 0.659756
v -0.000000 -0.223417 0.630932
v -0.000000 -0.209852 0.625360
v -0.000000 -0.223417 0.585985
v -0.000000 -0.260477 0.557160
v -0.000000 -0.311102 0.546610
v -0.000000 -0.361727 0.557160
v -0.000000 -0.398787 0.585985
v -0.066079 -0.408021 0.625360
v -0.064308 -0.394572 0.630931
v -0.059471 -0.357829 0.659756
v -0.052863 -0.307637 0.670307
v -0.046255 -0.257445 0.659756
v -0.041418 -0.220702 0.630932
v -0.039647 -0.207253 0.625360
v -0.041418 -0.220702 0.585985
v -0.046255 -0.257445 0.557160
v -0.052863 -0.307637 0.546610
v -0.059471 -0.357829 0.557160
v -0.064308 -0.394572 0.585985
v -0.131027 -0.395102 0.625360
v -0.127516 -0.381999 0.630931
v -0.117924 -0.346202 0.659756
v -0.104822 -0.297302 0.670307
v -0.091719 -0.248402 0.659756
v -0.082127 -0.212605 0.630932
v -0.078616 -0.199502 0.625360
v -0.082127 -0.212605 0.585985
v -0.091719 -0.248402 0.557160
v -0.104822 -0.297302 0.546610
v -0.117924 -0.346202 0.557160
v -0.127516 -0.381999 0.585985
v -0.193734 -0.373816 0.625360
v -0.188543 -0.361284 0.630931
v -0.174360 -0.327045 0.659756
v -0.154987 -0.280273 0.670307
v -0.135614 -0.233502 0.659756
v -0.121431 -0.199263 0.630932
v -0.116240 -0.186730 0.625360
v -0.121431 -0.199263 0.585985
v -0.135614 -0.233502 0.557160
v -0.154987 -0.280273 0.546610
v -0.174360 -0.327045 0.557160
v -0.188543 -0.361284 0.585985
v -0.253125 -0.344527 0.625360
v -0.246342 -0.332780 0.630931
v -0.227812 -0.300685 0.659756
v -0.202500 -0.256842 0.670307
v -0.177187 -0.213000 0.659756
v -0.158657 -0.180905 0.630932
v -0.151875 -0.169157 0.625360
v -0.158657 -0.180905 0.585985
v -0.177187 -0.213000 0.557160
v -0.202500 -0.256842 0.546610
v -0.227812 -0.300685 0.557160
v -0.246342 -0.332780 0.585985
v -0.308185 -0.307737 0.625360
v -0.299928 -0.296976 0.630932
v -0.277367 -0.267574 0.659756
v -0.246548 -0.227410 0.670307
v -0.215730 -0.187247 0.659756
v -0.193169 -0.157845 0.630932
v -0.184911 -0.147083 0.625360
v -0.193169 -0.157845 0.585985
v -0.215730 -0.187247 0.557160
v -0.246548 -0.227410 0.546610
v -0.277367 -0.267574 0.557160
v -0.299928 -0.296976 0.585985
v -0.357973 -0.264075 0.625360
v -0.348381 -0.254483 0.630932
v -0.322175 -0.228278 0.659756
v -0.286378 -0.192481 0.670307
v -0.250581 -0.156683 0.659756
v -0.224375 -0.130478 0.630932
v -0.214784 -0.120886 0.625360
v -0.224375 -0.130478 0.585985
v -0.250581 -0.156683 0.557160
v -0.286378 -0.192481 0.546610
v -0.322175 -0.228278 0.557160
v -0.348381 -0.254483 0.585985
v -0.401635 -0.214288 0.625360
v -0.390873 -0.206030 0.630932
v -0.361472 -0.183469 0.659756
v -0.321308 -0.152650 0.670307
v -0.281145 -0.121832 0.659756
v -0.251743 -0.099271 0.630932
v -0.240981 -0.091013 0.625360
v -0.251743 -0.099271 0.585985
v -0.281145 -0.121832 0.557160
v -0.321308 -0.152650 0.546610
v -0.361472 -0.183469 0.557160
v -0.390873 -0.206030 0.585985
v -0.438425 -0.159227 0.625360
v -0.426678 -0.152445 0.630932
v -0.394583 -0.133915 0.659756
v -0.350740 -0.108602 0.670307
v -0.306898 -0.083290 0.659756
v -0.274803 -0.064760 0.630932
v -0.263055 -0.057977 0.625360
v -0.274803 -0.064760 0.585985
v -0.306898 -0.083290 0.557160
v -0.350740 -0.108602 0.546610
v -0.394583 -0.133915 0.557160
v -0.426678 -0.152445 0.585985
v -0.467714 -0.099836 0.625360
v -0.455182 -0.094645 0.630932
v -0.420943 -0.080462 0.659756
v -0.374171 -0.061089 0.670307
v -0.327400 -0.041716 0.659756
v -0.293161 -0.027533 0.630932
v -0.280628 -0.022342 0.625360
v -0.293161 -0.027533 0.585985
v -0.327400 -0.041716 0.557160
v -0.374171 -0.061089 0.546610
v -0.420943 -0.080462 0.557160
v -0.455182 -0.094645 0.585985
v -0.489000 -0.037129 0.625360
v -0.475897 -0.033618 0.630932
v -0.440100 -0.024026 0.659756
v -0.391200 -0.010924 0.670307
v -0.342300 0.002179 0.659756
v -0.306503 0.011771 0.630932
v -0.293400 0.015282 0.625360
v -0.306503 0.011771 0.585985
v -0.342300 0.002179 0.557160
v -0.391200 -0.010924 0.546610
v -0.440100 -0.024026 0.557160
v -0.475897 -0.033618 0.585985
v -0.501919 0.027819 0.625360
v -0.488470 0.029590 0.630932
v -0.451727 0.034427 0.659756
v -0.401535 0.041035 0.670307
v -0.351343 0.047643 0.659756
v -0.314600 0.052480 0.630932
v -0.301151 0.054251 0.625360
v -0.314600 0.052480 0.585985
v -0.351343 0.047643 0.557160
v -0.401535 0.041035 0.546610
v -0.451727 0.034427 0.557160
v -0.488470 0.029590 0.585985
v 0.000000 0.543898 0.563797
v -0.000000 0.535251 0.562138
v -0.017127 0.535251 0.562183
v -0.033596 0.535251 0.562317
v -0.048774 0.535251 0.562534
v -0.062077 0.535251 0.562827
v -0.072995 0.535251 0.563184
v -0.081108 0.535251 0.563591
v -0.086104 0.535251 0.564032
v -0.087791 0.535251 0.591557
v -0.086104 0.535251 0.594243
v -0.081108 0.535251 0.597171
v -0.072995 0.535251 0.599869
v -0.062077 0.535251 0.602234
v -0.048774 0.535251 0.604175
v -0.033596 0.535251 0.605618
v -0.017127 0.535251 0.606506
v 0.000000 0.535251 0.606806
v 0.017127 0.535251 0.606506
v 0.033596 0.535251 0.605618
v 0.048774 0.535251 0.604175
v 0.062077 0.535251 0.602234
v 0.072995 0.535251 0.599869
v 0.081108 0.535251 0.597171
v 0.086104 0.535251 0.594243
v 0.087791 0.535251 0.563797
v 0.086104 0.535251 0.564032
v 0.081108 0.535251 0.563591
v 0.072995 0.535251 0.563184
v 0.062077 0.535251 0.562827
v 0.048774 0.535251 0.562534
v 0.033596 0.535251 0.562317
v 0.017127 0.535251 0.562183
v 0.033596 0.509644 0.559963
v 0.048774 0.468059 0.557917
v 0.065901 0.509644 0.560226
v -0.000000 0.509644 0.559874
v 0.000000 0.468059 0.557788
v -0.033596 0.509644 0.559963
v -0.048774 0.468059 0.557917
v -0.065901 0.509644 0.560226
v -0.095673 0.468059 0.558299
v -0.095673 0.509644 0.560652
v -0.138896 0.468059 0.558918
v -0.121769 0.509644 0.561227
v -0.176781 0.468059 0.559752
v -0.143185 0.509644 0.561926
v -0.207873 0.468059 0.560767
v -0.159099 0.509644 0.562724
v -0.230976 0.468059 0.561926
v -0.168899 0.509644 0.563591
v -0.245203 0.468059 0.563184
v -0.172208 0.509644 0.563797
v -0.250007 0.468059 0.563797
v -0.168899 0.509644 0.597171
v -0.245203 0.468059 0.599869
v -0.159099 0.509644 0.602914
v -0.230976 0.468059 0.608207
v -0.143185 0.509644 0.608207
v -0.207873 0.468059 0.615891
v -0.121769 0.509644 0.612846
v -0.176781 0.468059 0.622626
v -0.095673 0.509644 0.616653
v -0.138896 0.468059 0.628153
v -0.065901 0.509644 0.619482
v -0.095673 0.468059 0.632260
v -0.033596 0.509644 0.621224
v -0.048774 0.468059 0.634789
v 0.000000 0.509644 0.621813
v 0.000000 0.468059 0.635643
v 0.033596 0.509644 0.621224
v 0.048774 0.468059 0.634789
v 0.065901 0.509644 0.619482
v 0.095673 0.468059 0.632260
v 0.095673 0.509644 0.616653
v 0.138896 0.468059 0.628153
v 0.121769 0.509644 0.612846
v 0.176781 0.468059 0.622626
v 0.143185 0.509644 0.608207
v 0.207873 0.468059 0.615891
v 0.159099 0.509644 0.602914
v 0.230976 0.468059 0.608207
v 0.168899 0.509644 0.597171
v 0.245203 0.468059 0.599869
v 0.172207 0.509644 0.563797
v 0.250006 0.468059 0.563797
v 0.168899 0.509644 0.563591
v 0.245203 0.468059 0.563184
v 0.159099 0.509644 0.562724
v 0.230976 0.468059 0.561926
v 0.143185 0.509644 0.561926
v 0.207873 0.468059 0.560767
v 0.121769 0.509644 0.561227
v 0.176781 0.468059 0.559752
v 0.095673 0.509644 0.560652
v 0.138896 0.468059 0.558918
v 0.176781 0.412096 0.557398
v 0.095673 0.468059 0.558299
v 0.121769 0.412096 0.556609
v 0.143185 0.343904 0.555223
v 0.062077 0.412096 0.556124
v 0.072995 0.343904 0.554652
v -0.000000 0.412096 0.555960
v 0.000000 0.343904 0.554460
v -0.062077 0.412096 0.556124
v -0.072995 0.343904 0.554652
v -0.121769 0.412096 0.556609
v -0.143185 0.343904 0.555223
v -0.176781 0.412096 0.557398
v -0.207873 0.343904 0.556150
v -0.225000 0.412096 0.558459
v -0.264572 0.343904 0.557398
v -0.264572 0.412096 0.559752
v -0.311104 0.343904 0.558918
v -0.293977 0.412096 0.561227
v -0.345680 0.343904 0.560652
v -0.312084 0.412096 0.562827
v -0.366972 0.343904 0.562534
v -0.318198 0.412096 0.563797
v -0.374161 0.343904 0.563797
v -0.312084 0.412096 0.602234
v -0.366972 0.343904 0.604175
v -0.293977 0.412096 0.612846
v -0.345680 0.343904 0.616653
v -0.264572 0.412096 0.622626
v -0.311104 0.343904 0.628153
v -0.225000 0.412096 0.631198
v -0.264572 0.343904 0.638232
v -0.176781 0.412096 0.638232
v -0.207873 0.343904 0.646505
v -0.121769 0.412096 0.643460
v -0.143185 0.343904 0.652651
v -0.062077 0.412096 0.646679
v -0.072995 0.343904 0.656436
v 0.000000 0.412096 0.647766
v 0.000000 0.343904 0.657714
v 0.062077 0.412096 0.646679
v 0.072995 0.343904 0.656436
v 0.121769 0.412096 0.643460
v 0.143185 0.343904 0.652651
v 0.176781 0.412096 0.638232
v 0.207873 0.343904 0.646505
v 0.225000 0.412096 0.631198
v 0.264572 0.343904 0.638232
v 0.264572 0.412096 0.622626
v 0.311104 0.343904 0.628153
v 0.293977 0.412096 0.612846
v 0.345680 0.343904 0.616653
v 0.312084 0.412096 0.602234
v 0.366972 0.343904 0.604175
v 0.318198 0.412096 0.563797
v 0.374161 0.343904 0.563797
v 0.312084 0.412096 0.562827
v 0.366972 0.343904 0.562534
v 0.293977 0.412096 0.561227
v 0.345680 0.343904 0.560652
v 0.264572 0.412096 0.559752
v 0.311104 0.343904 0.558918
v 0.225000 0.412096 0.558459
v 0.264572 0.343904 0.557398
v 0.293977 0.266105 0.556609
v 0.207873 0.343904 0.556150
v 0.230976 0.266105 0.555223
v 0.245203 0.181689 0.554652
v 0.159099 0.266105 0.554193
v 0.168898 0.181689 0.553559
v 0.081108 0.266105 0.553559
v 0.086104 0.181689 0.552885
v -0.000000 0.266105 0.553345
v 0.000000 0.181689 0.552658
v -0.081108 0.266105 0.553559
v -0.086104 0.181689 0.552885
v -0.159099 0.266105 0.554193
v -0.168899 0.181689 0.553559
v -0.230976 0.266105 0.555223
v -0.245203 0.181689 0.554652
v -0.293977 0.266105 0.556609
v -0.312084 0.181689 0.556124
v -0.345680 0.266105 0.558299
v -0.366972 0.181689 0.557917
v -0.384099 0.266105 0.560226
v -0.407757 0.181689 0.559963
v -0.407757 0.266105 0.562317
v -0.432873 0.181689 0.562183
v -0.415746 0.266105 0.563797
v -0.441353 0.181689 0.563797
v -0.407757 0.266105 0.605618
v -0.432873 0.181689 0.606506
v -0.384099 0.266105 0.619482
v -0.407757 0.181689 0.621224
v -0.345680 0.266105 0.632260
v -0.366972 0.181689 0.634789
v -0.293977 0.266105 0.643460
v -0.312084 0.181689 0.646679
v -0.230976 0.266105 0.652651
v -0.245203 0.181689 0.656436
v -0.159099 0.266105 0.659481
v -0.168899 0.181689 0.663687
v -0.081108 0.266105 0.663687
v -0.086104 0.181689 0.668152
v -0.000000 0.266105 0.665107
v 0.000000 0.181689 0.669659
v 0.081108 0.266105 0.663687
v 0.086104 0.181689 0.668152
v 0.159099 0.266105 0.659481
v 0.168899 0.181689 0.663687
v 0.230976 0.266105 0.652651
v 0.245203 0.181689 0.656436
v 0.293977 0.266105 0.643460
v 0.312084 0.181689 0.646679
v 0.345680 0.266105 0.632260
v 0.366972 0.181689 0.634789
v 0.384099 0.266105 0.619482
v 0.407757 0.181689 0.621224
v 0.407757 0.266105 0.605618
v 0.432873 0.181689 0.606506
v 0.415746 0.266105 0.563797
v 0.441353 0.181689 0.563797
v 0.407757 0.266105 0.562317
v 0.432873 0.181689 0.562183
v 0.384099 0.266105 0.560226
v 0.407757 0.181689 0.559963
v 0.345680 0.266105 0.558299
v 0.366972 0.181689 0.557917
v 0.374161 0.093898 0.557788
v 0.312084 0.181689 0.556124
v 0.318198 0.093898 0.555960
v 0.312084 0.006107 0.556124
v 0.250006 0.093898 0.554460
v 0.245203 0.006107 0.554652
v 0.172207 0.093898 0.553345
v 0.168898 0.006107 0.553559
v 0.087790 0.093898 0.552658
v 0.086104 0.006107 0.552885
v 0.000000 0.093898 0.552426
v 0.000000 0.006107 0.552658
v -0.087791 0.093898 0.552658
v -0.086104 0.006107 0.552885
v -0.172208 0.093898 0.553345
v -0.168899 0.006107 0.553559
v -0.250007 0.093898 0.554460
v -0.245203 0.006107 0.554652
v -0.318198 0.093898 0.555960
v -0.312084 0.006107 0.556124
v -0.374161 0.093898 0.557788
v -0.366972 0.006107 0.557917
v -0.415746 0.093898 0.559874
v -0.407757 0.006107 0.559963
v -0.441353 0.093898 0.562138
v -0.432873 0.006107 0.562183
v -0.450000 0.093898 0.563797
v -0.441353 0.006107 0.563797
v -0.441353 0.093898 0.606806
v -0.432873 0.006107 0.606506
v -0.415746 0.093898 0.621813
v -0.407757 0.006107 0.621224
v -0.374161 0.093898 0.635643
v -0.366972 0.006107 0.634789
v -0.318198 0.093898 0.647766
v -0.312084 0.006107 0.646679
v -0.250006 0.093898 0.657714
v -0.245203 0.006107 0.656436
v -0.172207 0.093898 0.665107
v -0.168899 0.006107 0.663687
v -0.087790 0.093898 0.669659
v -0.086104 0.006107 0.668152
v 0.000000 0.093898 0.671197
v 0.000000 0.006107 0.669659
v 0.087791 0.093898 0.669659
v 0.086104 0.006107 0.668152
v 0.172208 0.093898 0.665107
v 0.168899 0.006107 0.663687
v 0.250007 0.093898 0.657714
v 0.245203 0.006107 0.656436
v 0.318198 0.093898 0.647766
v 0.312084 0.006107 0.646679
v 0.374161 0.093898 0.635643
v 0.366972 0.006107 0.634789
v 0.415745 0.093898 0.621813
v 0.407757 0.006107 0.621224
v 0.441353 0.093898 0.606806
v 0.432873 0.006107 0.606506
v 0.450000 0.093898 0.563797
v 0.441353 0.006107 0.563797
v 0.441353 0.093898 0.562138
v 0.432873 0.006107 0.562183
v 0.415745 0.093898 0.559874
v 0.407757 0.006107 0.559963
v 0.384099 -0.078310 0.560226
v 0.366972 0.006107 0.557917
v 0.345680 -0.078310 0.558299
v 0.311104 -0.156109 0.558918
v 0.293977 -0.078310 0.556609
v 0.264572 -0.156109 0.557398
v 0.230976 -0.078310 0.555223
v 0.207873 -0.156109 0.556150
v 0.159099 -0.078310 0.554193
v 0.143185 -0.156109 0.555223
v 0.081108 -0.078310 0.553559
v 0.072995 -0.156109 0.554652
v -0.000000 -0.078310 0.553345
v 0.000000 -0.156109 0.554460
v -0.081108 -0.078310 0.553559
v -0.072995 -0.156109 0.554652
v -0.159099 -0.078310 0.554193
v -0.143185 -0.156109 0.555223
v -0.230976 -0.078310 0.555223
v -0.207873 -0.156109 0.556150
v -0.293977 -0.078310 0.556609
v -0.264572 -0.156109 0.557398
v -0.345680 -0.078310 0.558299
v -0.311104 -0.156109 0.558918
v -0.384099 -0.078310 0.560226
v -0.345680 -0.156109 0.560652
v -0.407757 -0.078310 0.562317
v -0.366972 -0.156109 0.562534
v -0.415746 -0.078310 0.563797
v -0.374161 -0.156109 0.563797
v -0.407757 -0.078310 0.605618
v -0.366972 -0.156109 0.604175
v -0.384099 -0.078310 0.619482
v -0.345680 -0.156109 0.616653
v -0.345680 -0.078310 0.632260
v -0.311104 -0.156109 0.628153
v -0.293977 -0.078310 0.643460
v -0.264572 -0.156109 0.638232
v -0.230976 -0.078310 0.652651
v -0.207873 -0.156109 0.646505
v -0.159099 -0.078310 0.659481
v -0.143185 -0.156109 0.652651
v -0.081108 -0.078310 0.663687
v -0.072995 -0.156109 0.656436
v -0.000000 -0.078310 0.665107
v 0.000000 -0.156109 0.657714
v 0.081108 -0.078310 0.663687
v 0.072995 -0.156109 0.656436
v 0.159099 -0.078310 0.659481
v 0.143185 -0.156109 0.652651
v 0.230976 -0.078310 0.652651
v 0.207873 -0.156109 0.646505
v 0.293977 -0.078310 0.643460
v 0.264572 -0.156109 0.638232
v 0.345680 -0.078310 0.632260
v 0.311104 -0.156109 0.628153
v 0.384099 -0.078310 0.619482
v 0.345680 -0.156109 0.616653
v 0.407757 -0.078310 0.605618
v 0.366972 -0.156109 0.604175
v 0.415746 -0.078310 0.563797
v 0.374161 -0.156109 0.563797
v 0.407757 -0.078310 0.562317
v 0.366972 -0.156109 0.562534
v 0.312084 -0.224300 0.562827
v 0.345680 -0.156109 0.560652
v 0.293977 -0.224300 0.561227
v 0.230976 -0.280263 0.561926
v 0.264572 -0.224300 0.559752
v 0.207873 -0.280263 0.560767
v 0.225000 -0.224300 0.558459
v 0.176781 -0.280263 0.559752
v 0.176781 -0.224300 0.557398
v 0.138896 -0.280263 0.558918
v 0.121769 -0.224300 0.556609
v 0.095673 -0.280263 0.558299
v 0.062077 -0.224300 0.556124
v 0.048774 -0.280263 0.557917
v -0.000000 -0.224300 0.555960
v -0.000000 -0.280263 0.557788
v -0.062077 -0.224300 0.556124
v -0.048774 -0.280263 0.557917
v -0.121769 -0.224300 0.556609
v -0.095673 -0.280263 0.558299
v -0.176781 -0.224300 0.557398
v -0.138896 -0.280263 0.558918
v -0.225000 -0.224300 0.558459
v -0.176781 -0.280263 0.559752
v -0.264572 -0.224300 0.559752
v -0.207873 -0.280263 0.560767
v -0.293977 -0.224300 0.561227
v -0.230976 -0.280263 0.561926
v -0.312084 -0.224300 0.562827
v -0.245203 -0.280263 0.563184
v -0.318198 -0.224300 0.563797
v -0.250007 -0.280263 0.563797
v -0.312084 -0.224300 0.602234
v -0.245203 -0.280263 0.599869
v -0.293977 -0.224300 0.612846
v -0.230976 -0.280263 0.608207
v -0.264572 -0.224300 0.622626
v -0.207873 -0.280263 0.615891
v -0.225000 -0.224300 0.631198
v -0.176781 -0.280263 0.622626
v -0.176781 -0.224300 0.638232
v -0.138896 -0.280263 0.628153
v -0.121769 -0.224300 0.643460
v -0.095673 -0.280263 0.632260
v -0.062077 -0.224300 0.646679
v -0.048774 -0.280263 0.634789
v 0.000000 -0.224300 0.647766
v 0.000000 -0.280263 0.635643
v 0.062077 -0.224300 0.646679
v 0.048774 -0.280263 0.634789
v 0.121769 -0.224300 0.643460
v 0.095673 -0.280263 0.632260
v 0.176781 -0.224300 0.638232
v 0.138896 -0.280263 0.628153
v 0.225000 -0.224300 0.631198
v 0.176781 -0.280263 0.622626
v 0.264572 -0.224300 0.622626
v 0.207873 -0.280263 0.615891
v 0.293977 -0.224300 0.612846
v 0.230976 -0.280263 0.608207
v 0.312084 -0.224300 0.602234
v 0.245203 -0.280263 0.599869
v 0.318198 -0.224300 0.563797
v 0.250006 -0.280263 0.563797
v 0.172207 -0.321848 0.563797
v 0.245203 -0.280263 0.563184
v 0.168899 -0.321848 0.563591
v 0.086104 -0.347455 0.564032
v 0.159099 -0.321848 0.562724
v 0.081108 -0.347455 0.563591
v 0.143185 -0.321848 0.561926
v 0.072995 -0.347455 0.563184
v 0.121769 -0.321848 0.561227
v 0.062077 -0.347455 0.562827
v 0.095673 -0.321848 0.560652
v 0.048774 -0.347455 0.562534
v 0.065901 -0.321848 0.560226
v 0.033596 -0.347455 0.562317
v 0.033596 -0.321848 0.559963
v 0.017127 -0.347455 0.562183
v -0.000000 -0.321848 0.559874
v -0.000000 -0.347455 0.562138
v -0.033596 -0.321848 0.559963
v -0.017127 -0.347455 0.562183
v -0.065901 -0.321848 0.560226
v -0.033596 -0.347455 0.562317
v -0.095673 -0.321848 0.560652
v -0.048774 -0.347455 0.562534
v -0.121769 -0.321848 0.561227
v -0.062077 -0.347455 0.562827
v -0.143185 -0.321848 0.561926
v -0.072995 -0.347455 0.563184
v -0.159099 -0.321848 0.562724
v -0.081108 -0.347455 0.563591
v -0.168899 -0.321848 0.563591
v -0.086104 -0.347455 0.564032
v -0.172208 -0.321848 0.563797
v -0.087791 -0.347455 0.591557
v -0.168899 -0.321848 0.597171
v -0.086104 -0.347455 0.594243
v -0.159099 -0.321848 0.602914
v -0.081108 -0.347455 0.597171
v -0.143185 -0.321848 0.608207
v -0.072995 -0.347455 0.599869
v -0.121769 -0.321848 0.612846
v -0.062077 -0.347455 0.602234
v -0.095673 -0.321848 0.616653
v -0.048774 -0.347455 0.604175
v -0.065901 -0.321848 0.619482
v -0.033596 -0.347455 0.605618
v -0.033596 -0.321848 0.621224
v -0.017127 -0.347455 0.606506
v 0.000000 -0.321848 0.621813
v 0.000000 -0.347455 0.606806
v 0.033596 -0.321848 0.621224
v 0.017127 -0.347455 0.606506
v 0.065901 -0.321848 0.619482
v 0.033596 -0.347455 0.605618
v 0.095673 -0.321848 0.616653
v 0.048774 -0.347455 0.604175
v 0.121769 -0.321848 0.612846
v 0.062077 -0.347455 0.602234
v 0.143185 -0.321848 0.608207
v 0.072995 -0.347455 0.599869
v 0.159099 -0.321848 0.602914
v 0.081108 -0.347455 0.597171
v 0.168899 -0.321848 0.597171
v 0.086104 -0.347455 0.594243
v 0.087791 -0.347455 0.563797
v 0.000000 -0.356102 0.563797
v 0.000000 0.138898 0.660642
v -0.008779 0.138033 0.660642
v 0.000000 0.093898 0.750642
v 0.008779 0.138033 0.660642
v 0.017221 0.135472 0.660642
v 0.025001 0.131314 0.660642
v 0.031820 0.125718 0.660642
v 0.037416 0.118899 0.660642
v 0.041575 0.111119 0.660642
v 0.044135 0.102677 0.660642
v 0.045000 0.093898 0.660642
v 0.044135 0.085119 0.660642
v 0.041575 0.076677 0.660642
v 0.037416 0.068897 0.660642
v 0.031820 0.062078 0.660642
v 0.025001 0.056482 0.660642
v 0.017221 0.052323 0.660642
v 0.008779 0.049763 0.660642
v 0.000000 0.048898 0.660642
v -0.008779 0.049763 0.660642
v -0.017221 0.052323 0.660642
v -0.025001 0.056482 0.660642
v -0.031820 0.062078 0.660642
v -0.037416 0.068897 0.660642
v -0.041575 0.076677 0.660642
v -0.044135 0.085119 0.660642
v -0.045000 0.093898 0.660642
v -0.044135 0.102677 0.660642
v -0.041575 0.111119 0.660642
v -0.037416 0.118899 0.660642
v -0.031820 0.125718 0.660642
v -0.025001 0.131314 0.660642
v -0.017221 0.135472 0.660642
v -0.216254 0.138898 0.660849
v -0.224993 0.138033 0.660008
v -0.224877 0.093898 0.750435
v -0.207515 0.138033 0.661690
v -0.199113 0.135472 0.662499
v -0.191368 0.131314 0.663245
v -0.184581 0.125718 0.663898
v -0.179010 0.118899 0.664434
v -0.174871 0.111119 0.664833
v -0.172322 0.102677 0.665078
v -0.171461 0.093898 0.665161
v -0.172322 0.085119 0.665078
v -0.174871 0.076677 0.664833
v -0.179010 0.068897 0.664434
v -0.184581 0.062078 0.663898
v -0.191368 0.056482 0.663245
v -0.199113 0.052323 0.662499
v -0.207515 0.049763 0.661690
v -0.216254 0.048898 0.660849
v -0.224993 0.049763 0.660008
v -0.233396 0.052323 0.659199
v -0.241140 0.056482 0.658454
v -0.247928 0.062078 0.657800
v -0.253498 0.068897 0.657264
v -0.257637 0.076677 0.656866
v -0.260186 0.085119 0.656620
v -0.261047 0.093898 0.656538
v -0.260186 0.102677 0.656620
v -0.257637 0.111119 0.656866
v -0.253498 0.118899 0.657264
v -0.247928 0.125718 0.657800
v -0.241140 0.131314 0.658454
v -0.233396 0.135472 0.659199
v 0.216254 0.138898 0.660849
v 0.207515 0.138033 0.661690
v 0.224877 0.093898 0.750435
v 0.224993 0.138033 0.660008
v 0.233396 0.135472 0.659199
v 0.241140 0.131314 0.658454
v 0.247928 0.125718 0.657800
v 0.253498 0.118899 0.657264
v 0.257637 0.111119 0.656866
v 0.260186 0.102677 0.656620
v 0.261047 0.093898 0.656538
v 0.260186 0.085119 0.656620
v 0.257637 0.076677 0.656866
v 0.253498 0.068897 0.657264
v 0.247928 0.062078 0.657800
v 0.241140 0.056482 0.658454
v 0.233396 0.052323 0.659199
v 0.224993 0.049763 0.660008
v 0.216254 0.048898 0.660849
v 0.207515 0.049763 0.661690
v 0.199113 0.052323 0.662499
v 0.191368 0.056482 0.663245
v 0.184581 0.062078 0.663898
v 0.179010 0.068897 0.664434
v 0.174871 0.076677 0.664833
v 0.172322 0.085119 0.665078
v 0.171461 0.093898 0.665161
v 0.172322 0.102677 0.665078
v 0.174871 0.111119 0.664833
v 0.179010 0.118899 0.664434
v 0.184581 0.125718 0.663898
v 0.191368 0.131314 0.663245
v 0.199113 0.135472 0.662499
v 0.000000 0.345029 0.656033
v -0.008779 0.344170 0.656127
v 0.000000 0.310041 0.750377
v 0.008779 0.344170 0.656127
v 0.017221 0.341624 0.656404
v 0.025001 0.337490 0.656855
v 0.031820 0.331927 0.657461
v 0.037416 0.325148 0.658199
v 0.041575 0.317414 0.659042
v 0.044135 0.309022 0.659956
v 0.045000 0.300294 0.660907
v 0.044135 0.291567 0.661858
v 0.041575 0.283175 0.662772
v 0.037416 0.275441 0.663614
v 0.031820 0.268661 0.664353
v 0.025001 0.263098 0.664959
v 0.017221 0.258964 0.665409
v 0.008779 0.256418 0.665687
v 0.000000 0.255559 0.665780
v -0.008779 0.256418 0.665687
v -0.017221 0.258964 0.665409
v -0.025001 0.263098 0.664959
v -0.031820 0.268661 0.664353
v -0.037416 0.275441 0.663614
v -0.041575 0.283175 0.662772
v -0.044135 0.291567 0.661858
v -0.045000 0.300294 0.660907
v -0.044135 0.309022 0.659956
v -0.041575 0.317414 0.659042
v -0.037416 0.325148 0.658199
v -0.031820 0.331927 0.657461
v -0.025001 0.337490 0.656855
v -0.017221 0.341624 0.656404
v 0.000000 -0.067942 0.665559
v -0.008779 -0.068802 0.665469
v 0.000000 -0.122045 0.750399
v 0.008779 -0.068802 0.665469
v 0.017221 -0.071349 0.665203
v 0.025001 -0.075485 0.664771
v 0.031820 -0.081051 0.664190
v 0.037416 -0.087833 0.663482
v 0.041575 -0.095571 0.662674
v 0.044135 -0.103967 0.661797
v 0.045000 -0.112699 0.660885
v 0.044135 -0.121430 0.659974
v 0.041575 -0.129826 0.659097
v 0.037416 -0.137564 0.658289
v 0.031820 -0.144346 0.657581
v 0.025001 -0.149912 0.657000
v 0.017221 -0.154048 0.656568
v 0.008779 -0.156595 0.656302
v 0.000000 -0.157455 0.656212
v -0.008779 -0.156595 0.656302
v -0.017221 -0.154048 0.656568
v -0.025001 -0.149912 0.657000
v -0.031820 -0.144346 0.657581
v -0.037416 -0.137564 0.658289
v -0.041575 -0.129826 0.659097
v -0.044135 -0.121430 0.659974
v -0.045000 -0.112699 0.660885
v -0.044135 -0.103967 0.661797
v -0.041575 -0.095571 0.662674
v -0.037416 -0.087833 0.663482
v -0.031820 -0.081051 0.664190
v -0.025001 -0.075485 0.664771
v -0.017221 -0.071349 0.665203
vn -0.3798 0.0249 0.9247
vn -0.6134 0.0402 0.7887
vn -0.2040 0.0134 0.9789
vn 0.2040 -0.0134 0.9789
vn 0.6134 -0.0402 0.7887
vn 0.3798 -0.0249 0.9247
vn 0.9437 -0.0619 -0.3251
vn 0.6134 -0.0402 -0.7887
vn 0.2040 -0.0134 -0.9789
vn -0.2040 0.0134 -0.9789
vn -0.6134 0.0402 -0.7887
vn -0.9437 0.0618 -0.3251
vn -0.3733 0.0743 0.9247
vn -0.6029 0.1199 0.7887
vn -0.2005 0.0399 0.9789
vn 0.2005 -0.0399 0.9789
vn 0.6029 -0.1199 0.7887
vn 0.3733 -0.0743 0.9247
vn 0.9275 -0.1845 -0.3251
vn 0.6029 -0.1199 -0.7887
vn 0.2005 -0.0399 -0.9789
vn -0.2005 0.0399 -0.9789
vn -0.6029 0.1199 -0.7887
vn -0.9275 0.1845 -0.3251
vn -0.3604 0.1224 0.9247
vn -0.5821 0.1976 0.7887
vn -0.1936 0.0657 0.9789
vn 0.1936 -0.0657 0.9789
vn 0.5821 -0.1976 0.7887
vn 0.3604 -0.1224 0.9247
vn 0.8955 -0.3040 -0.3251
vn 0.5821 -0.1976 -0.7887
vn 0.1936 -0.0657 -0.9789
vn -0.1936 0.0657 -0.9789
vn -0.5821 0.1976 -0.7887
vn -0.8955 0.3040 -0.3251
vn -0.3414 0.1684 0.9247
vn -0.5514 0.2719 0.7887
vn -0.1834 0.0904 0.9789
vn 0.1834 -0.0904 0.9789
vn 0.5514 -0.2719 0.7887
vn 0.3414 -0.1684 0.9247
vn 0.8482 -0.4183 -0.3251
vn 0.5514 -0.2719 -0.7887
vn 0.1834 -0.0904 -0.9789
vn -0.1834 0.0904 -0.9789
vn -0.5514 0.2719 -0.7887
vn -0.8482 0.4183 -0.3251
vn -0.3165 0.2115 0.9247
vn -0.5112 0.3415 0.7887
vn -0.1700 0.1136 0.9789
vn 0.1700 -0.1136 0.9789
vn 0.5112 -0.3415 0.7887
vn 0.3165 -0.2115 0.9247
vn 0.7863 -0.5254 -0.3251
vn 0.5112 -0.3415 -0.7887
vn 0.1700 -0.1136 -0.9789
vn -0.1700 0.1136 -0.9789
vn -0.5112 0.3415 -0.7887
vn -0.7863 0.5254 -0.3251
vn -0.2862 0.2510 0.9247
vn -0.4622 0.4053 0.7887
vn -0.1537 0.1348 0.9789
vn 0.1537 -0.1348 0.9789
vn 0.4622 -0.4053 0.7887
vn 0.2862 -0.2510 0.9247
vn 0.7110 -0.6235 -0.3251
vn 0.4622 -0.4053 -0.7887
vn 0.1537 -0.1348 -0.9789
vn -0.1537 0.1348 -0.9789
vn -0.4622 0.4053 -0.7887
vn -0.7110 0.6235 -0.3251
vn -0.2510 0.2862 0.9247
vn -0.4053 0.4622 0.7887
vn -0.1348 0.1537 0.9789
vn 0.1348 -0.1537 0.9789
vn 0.4053 -0.4622 0.7887
vn 0.2510 -0.2862 0.9247
vn 0.6235 -0.7110 -0.3251
vn 0.4053 -0.4622 -0.7887
vn 0.1348 -0.1537 -0.9789
vn -0.1348 0.1537 -0.9789
vn -0.4053 0.4622 -0.7887
vn -0.6235 0.7110 -0.3251
vn -0.2115 0.3165 0.9247
vn -0.3415 0.5112 0.7887
vn -0.1136 0.1700 0.9789
vn 0.1136 -0.1700 0.9789
vn 0.3415 -0.5112 0.7887
vn 0.2115 -0.3165 0.9247
vn 0.5254 -0.7863 -0.3251
vn 0.3415 -0.5112 -0.7887
vn 0.1136 -0.1700 -0.9789
vn -0.1136 0.1700 -0.9789
vn -0.3415 0.5112 -0.7887
vn -0.5254 0.7863 -0.3251
vn -0.1684 0.3414 0.9247
vn -0.2719 0.5514 0.7887
vn -0.0904 0.1834 0.9789
vn 0.0904 -0.1834 0.9789
vn 0.2719 -0.5514 0.7887
vn 0.1684 -0.3414 0.9247
vn 0.4183 -0.8482 -0.3251
vn 0.2719 -0.5514 -0.7887
vn 0.0904 -0.1834 -0.9789
vn -0.0904 0.1834 -0.9789
vn -0.2719 0.5514 -0.7887
vn -0.4183 0.8482 -0.3251
vn -0.1224 0.3604 0.9247
vn -0.1976 0.5821 0.7887
vn -0.0657 0.1936 0.9789
vn 0.0657 -0.1936 0.9789
vn 0.1976 -0.5821 0.7887
vn 0.1224 -0.3604 0.9247
vn 0.3040 -0.8955 -0.3251
vn 0.1976 -0.5821 -0.7887
vn 0.0657 -0.1936 -0.9789
vn -0.0657 0.1936 -0.9789
vn -0.1976 0.5821 -0.7887
vn -0.3040 0.8955 -0.3251
vn -0.0743 0.3733 0.9247
vn -0.1199 0.6029 0.7887
vn -0.0399 0.2005 0.9789
vn 0.0399 -0.2005 0.9789
vn 0.1199 -0.6029 0.7887
vn 0.0743 -0.3733 0.9247
vn 0.1845 -0.9275 -0.3251
vn 0.1199 -0.6029 -0.7887
vn 0.0399 -0.2005 -0.9789
vn -0.0399 0.2005 -0.9789
vn -0.1199 0.6029 -0.7887
vn -0.1845 0.9275 -0.3251
vn -0.0249 0.3798 0.9247
vn -0.0402 0.6134 0.7887
vn -0.0134 0.2040 0.9789
vn 0.0134 -0.2040 0.9789
vn 0.0402 -0.6134 0.7887
vn 0.0249 -0.3798 0.9247
vn 0.0618 -0.9437 -0.3251
vn 0.0402 -0.6134 -0.7887
vn 0.0134 -0.2040 -0.9789
vn -0.0134 0.2040 -0.9789
vn -0.0402 0.6134 -0.7887
vn -0.0619 0.9437 -0.3251
vn 0.0249 0.3798 0.9247
vn 0.0402 0.6134 0.7887
vn 0.0134 0.2040 0.9789
vn -0.0134 -0.2040 0.9789
vn -0.0402 -0.6134 0.7887
vn -0.0249 -0.3798 0.9247
vn -0.0619 -0.9437 -0.3251
vn -0.0402 -0.6134 -0.7887
vn -0.0134 -0.2040 -0.9789
vn 0.0134 0.2040 -0.9789
vn 0.0402 0.6134 -0.7887
vn 0.0619 0.9437 -0.3251
vn 0.0743 0.3733 0.9247
vn 0.1199 0.6029 0.7887
vn 0.0399 0.2005 0.9789
vn -0.0399 -0.2005 0.9789
vn -0.1199 -0.6029 0.7887
vn -0.0743 -0.3733 0.9247
vn -0.1845 -0.9275 -0.3251
vn -0.1199 -0.6029 -0.7887
vn -0.0399 -0.2005 -0.9789
vn 0.0399 0.2005 -0.9789
vn 0.1199 0.6029 -0.7887
vn 0.1845 0.9275 -0.3251
vn 0.1224 0.3604 0.9247
vn 0.1976 0.5821 0.7887
vn 0.0657 0.1936 0.9789
vn -0.0657 -0.1936 0.9789
vn -0.1976 -0.5821 0.7887
vn -0.1224 -0.3604 0.9247
vn -0.3040 -0.8955 -0.3251
vn -0.1976 -0.5821 -0.7887
vn -0.0657 -0.1936 -0.9789
vn 0.0657 0.1936 -0.9789
vn 0.1976 0.5821 -0.7887
vn 0.3040 0.8955 -0.3251
vn 0.1684 0.3414 0.9247
vn 0.2719 0.5514 0.7887
vn 0.0904 0.1834 0.9789
vn -0.0904 -0.1834 0.9789
vn -0.2719 -0.5514 0.7887
vn -0.1684 -0.3414 0.9247
vn -0.4183 -0.8482 -0.3251
vn -0.2719 -0.5514 -0.7887
vn -0.0904 -0.1834 -0.9789
vn 0.0904 0.1834 -0.9789
vn 0.2719 0.5514 -0.7887
vn 0.4183 0.8482 -0.3251
vn 0.2115 0.3165 0.9247
vn 0.3415 0.5112 0.7887
vn 0.1136 0.1700 0.9789
vn -0.1136 -0.1700 0.9789
vn -0.3415 -0.5112 0.7887
vn -0.2115 -0.3165 0.9247
vn -0.5254 -0.7863 -0.3251
vn -0.3415 -0.5112 -0.7887
vn -0.1136 -0.1700 -0.9789
vn 0.1136 0.1700 -0.9789
vn 0.3415 0.5112 -0.7887
vn 0.5254 0.7863 -0.3251
vn 0.2510 0.2862 0.9247
vn 0.4053 0.4622 0.7887
vn 0.1348 0.1537 0.9789
vn -0.1348 -0.1537 0.9789
vn -0.4053 -0.4622 0.7887
vn -0.2510 -0.2862 0.9247
vn -0.6235 -0.7110 -0.3251
vn -0.4053 -0.4622 -0.7887
vn -0.1348 -0.1537 -0.9789
vn 0.1348 0.1537 -0.9789
vn 0.4053 0.4622 -0.7887
vn 0.6235 0.7110 -0.3251
vn 0.2862 0.2510 0.9247
vn 0.4622 0.4053 0.7887
vn 0.1537 0.1348 0.9789
vn -0.1537 -0.1348 0.9789
vn -0.4622 -0.4053 0.7887
vn -0.2862 -0.2510 0.9247
vn -0.7110 -0.6235 -0.3251
vn -0.4622 -0.4053 -0.7887
vn -0.1537 -0.1348 -0.9789
vn 0.1537 0.1348 -0.9789
vn 0.4622 0.4053 -0.7887
vn 0.7110 0.6235 -0.3251
vn 0.3165 0.2115 0.9247
vn 0.5112 0.3415 0.7887
vn 0.1700 0.1136 0.9789
vn -0.1700 -0.1136 0.9789
vn -0.5112 -0.3415 0.7887
vn -0.3165 -0.2115 0.9247
vn -0.7863 -0.5254 -0.3251
vn -0.5112 -0.3415 -0.7887
vn -0.1700 -0.1136 -0.9789
vn 0.1700 0.1136 -0.9789
vn 0.5112 0.3415 -0.7887
vn 0.7863 0.5254 -0.3251
vn 0.3414 0.1684 0.9247
vn 0.5514 0.2719 0.7887
vn 0.1834 0.0904 0.9789
vn -0.1834 -0.0904 0.9789
vn -0.5514 -0.2719 0.7887
vn -0.3414 -0.1684 0.9247
vn -0.8482 -0.4183 -0.3251
vn -0.5514 -0.2719 -0.7887
vn -0.1834 -0.0904 -0.9789
vn 0.1834 0.0904 -0.9789
vn 0.5514 0.2719 -0.7887
vn 0.8482 0.4183 -0.3251
vn 0.3604 0.1224 0.9247
vn 0.5821 0.1976 0.7887
vn 0.1936 0.0657 0.9789
vn -0.1936 -0.0657 0.9789
vn -0.5821 -0.1976 0.7887
vn -0.3604 -0.1224 0.9247
vn -0.8955 -0.3040 -0.3251
vn -0.5821 -0.1976 -0.7887
vn -0.1936 -0.0657 -0.9789
vn 0.1936 0.0657 -0.9789
vn 0.5821 0.1976 -0.7887
vn 0.8955 0.3040 -0.3251
vn 0.3733 0.0743 0.9247
vn 0.6029 0.1199 0.7887
vn 0.2005 0.0399 0.9789
vn -0.2005 -0.0399 0.9789
vn -0.6029 -0.1199 0.7887
vn -0.3733 -0.0743 0.9247
vn -0.9275 -0.1845 -0.3251
vn -0.6029 -0.1199 -0.7887
vn -0.2005 -0.0399 -0.9789
vn 0.2005 0.0399 -0.9789
vn 0.6029 0.1199 -0.7887
vn 0.9275 0.1845 -0.3251
vn 0.3798 0.0249 0.9247
vn 0.6134 0.0402 0.7887
vn 0.2040 0.0134 0.9789
vn -0.2040 -0.0134 0.9789
vn -0.6134 -0.0402 0.7887
vn -0.3798 -0.0249 0.9247
vn -0.9437 -0.0619 -0.3251
vn -0.6134 -0.0402 -0.7887
vn -0.2040 -0.0134 -0.9789
vn 0.2040 0.0134 -0.9789
vn 0.6134 0.0402 -0.7887
vn 0.9437 0.0619 -0.3251
vn -0.9437 0.0619 -0.3251
vn 0.0619 -0.9437 -0.3251
vn -0.0618 -0.9437 -0.3251
vn -0.9437 -0.0618 -0.3251
vn 0.0026 0.1884 -0.9821
vn -0.0026 0.1885 -0.9821
vn -0.0080 0.1987 -0.9800
vn -0.0140 0.2212 -0.9751
vn -0.0212 0.2607 -0.9652
vn -0.0309 0.3274 -0.9444
vn -0.0449 0.4428 -0.8955
vn -0.0671 0.6475 -0.7591
vn -0.0999 0.9950 -0.0061
vn -0.0818 0.9953 0.0514
vn -0.0622 0.9924 0.1061
vn -0.0471 0.9888 0.1417
vn -0.0356 0.9858 0.1643
vn -0.0261 0.9835 0.1791
vn -0.0179 0.9819 0.1886
vn -0.0105 0.9809 0.1944
vn -0.0035 0.9804 0.1971
vn 0.0035 0.9804 0.1971
vn 0.0105 0.9809 0.1944
vn 0.0179 0.9819 0.1886
vn 0.0261 0.9835 0.1791
vn 0.0356 0.9858 0.1643
vn 0.0471 0.9888 0.1417
vn 0.0622 0.9924 0.1061
vn 0.0980 0.9952 0.0054
vn -0.0802 -0.8145 -0.5746
vn 0.0671 0.6475 -0.7591
vn 0.0449 0.4428 -0.8955
vn 0.0309 0.3274 -0.9444
vn 0.0212 0.2607 -0.9652
vn 0.0140 0.2212 -0.9751
vn 0.0080 0.1987 -0.9800
vn 0.0026 0.0880 -0.9961
vn 0.0081 0.0915 -0.9958
vn 0.0026 0.0501 -0.9987
vn 0.0081 0.0521 -0.9986
vn -0.0026 0.0880 -0.9961
vn -0.0026 0.0501 -0.9987
vn -0.0081 0.0915 -0.9958
vn -0.0081 0.0521 -0.9986
vn -0.0143 0.0992 -0.9950
vn -0.0143 0.0565 -0.9983
vn -0.0219 0.1130 -0.9934
vn -0.0220 0.0644 -0.9977
vn -0.0323 0.1373 -0.9900
vn -0.0326 0.0784 -0.9964
vn -0.0492 0.1832 -0.9818
vn -0.0498 0.1052 -0.9932
vn -0.0843 0.2890 -0.9536
vn -0.0868 0.1689 -0.9818
vn -0.2953 0.9552 -0.0181
vn -0.0617 0.1230 -0.9905
vn -0.2991 0.9538 0.0297
vn -0.4705 0.8802 0.0627
vn -0.2527 0.8662 0.4311
vn -0.3604 0.7013 0.6150
vn -0.2046 0.7613 0.6153
vn -0.2626 0.5545 0.7897
vn -0.1575 0.6684 0.7270
vn -0.1886 0.4543 0.8707
vn -0.1157 0.5982 0.7929
vn -0.1329 0.3901 0.9111
vn -0.0790 0.5499 0.8315
vn -0.0886 0.3500 0.9326
vn -0.0460 0.5199 0.8530
vn -0.0509 0.3265 0.9438
vn -0.0151 0.5056 0.8627
vn -0.0166 0.3155 0.9488
vn 0.0151 0.5056 0.8627
vn 0.0166 0.3155 0.9488
vn 0.0460 0.5199 0.8530
vn 0.0509 0.3265 0.9438
vn 0.0790 0.5499 0.8315
vn 0.0886 0.3500 0.9326
vn 0.1157 0.5982 0.7929
vn 0.1329 0.3901 0.9111
vn 0.1575 0.6683 0.7270
vn 0.1886 0.4543 0.8707
vn 0.2046 0.7613 0.6153
vn 0.2626 0.5545 0.7897
vn 0.2527 0.8662 0.4311
vn 0.3604 0.7013 0.6150
vn 0.2949 0.9554 0.0163
vn 0.4767 0.8778 0.0473
vn 0.0609 0.2007 -0.9777
vn 0.1232 0.2305 -0.9652
vn 0.0843 0.2890 -0.9536
vn 0.0868 0.1688 -0.9818
vn 0.0492 0.1832 -0.9818
vn 0.0498 0.1052 -0.9932
vn 0.0323 0.1373 -0.9900
vn 0.0326 0.0784 -0.9964
vn 0.0219 0.1130 -0.9934
vn 0.0220 0.0644 -0.9977
vn 0.0143 0.0992 -0.9950
vn 0.0143 0.0565 -0.9983
vn 0.0143 0.0368 -0.9992
vn 0.0220 0.0420 -0.9989
vn 0.0081 0.0340 -0.9994
vn 0.0081 0.0229 -0.9997
vn 0.0143 0.0248 -0.9996
vn 0.0026 0.0327 -0.9995
vn 0.0026 0.0220 -0.9998
vn -0.0026 0.0327 -0.9995
vn -0.0026 0.0220 -0.9998
vn -0.0081 0.0340 -0.9994
vn -0.0081 0.0229 -0.9997
vn -0.0143 0.0368 -0.9992
vn -0.0143 0.0248 -0.9996
vn -0.0220 0.0420 -0.9989
vn -0.0220 0.0283 -0.9994
vn -0.0326 0.0512 -0.9982
vn -0.0326 0.0345 -0.9989
vn -0.0500 0.0687 -0.9964
vn -0.0500 0.0463 -0.9977
vn -0.0875 0.1109 -0.9900
vn -0.0878 0.0749 -0.9933
vn -0.1251 0.1557 -0.9799
vn -0.1553 0.1292 -0.9794
vn -0.6312 0.7691 0.1004
vn -0.7658 0.6285 0.1363
vn -0.4257 0.5395 0.7264
vn -0.4642 0.3962 0.7922
vn -0.2895 0.3981 0.8705
vn -0.3029 0.2805 0.9108
vn -0.2009 0.3152 0.9275
vn -0.2066 0.2183 0.9538
vn -0.1392 0.2660 0.9539
vn -0.1419 0.1827 0.9729
vn -0.0919 0.2364 0.9673
vn -0.0934 0.1617 0.9824
vn -0.0525 0.2195 0.9742
vn -0.0532 0.1498 0.9873
vn -0.0171 0.2117 0.9772
vn -0.0173 0.1443 0.9894
vn 0.0171 0.2117 0.9772
vn 0.0173 0.1443 0.9894
vn 0.0525 0.2195 0.9742
vn 0.0532 0.1498 0.9873
vn 0.0919 0.2364 0.9673
vn 0.0934 0.1617 0.9824
vn 0.1392 0.2660 0.9539
vn 0.1419 0.1827 0.9729
vn 0.2009 0.3152 0.9275
vn 0.2066 0.2183 0.9538
vn 0.2895 0.3981 0.8705
vn 0.3029 0.2805 0.9108
vn 0.4257 0.5395 0.7264
vn 0.4642 0.3962 0.7922
vn 0.6376 0.7656 0.0849
vn 0.7714 0.6244 0.1227
vn 0.1539 0.1875 -0.9701
vn 0.1712 0.1405 -0.9752
vn 0.0875 0.1109 -0.9900
vn 0.0878 0.0749 -0.9933
vn 0.0500 0.0687 -0.9964
vn 0.0500 0.0463 -0.9977
vn 0.0326 0.0512 -0.9982
vn 0.0326 0.0345 -0.9989
vn 0.0220 0.0283 -0.9994
vn 0.0220 0.0184 -0.9996
vn 0.0326 0.0225 -0.9992
vn 0.0143 0.0162 -0.9998
vn 0.0143 0.0092 -0.9999
vn 0.0220 0.0105 -0.9997
vn 0.0081 0.0149 -0.9999
vn 0.0081 0.0085 -0.9999
vn 0.0026 0.0143 -0.9999
vn 0.0026 0.0081 -1.0000
vn -0.0026 0.0143 -0.9999
vn -0.0026 0.0081 -1.0000
vn -0.0081 0.0149 -0.9999
vn -0.0081 0.0085 -0.9999
vn -0.0143 0.0162 -0.9998
vn -0.0143 0.0092 -0.9999
vn -0.0220 0.0184 -0.9996
vn -0.0220 0.0105 -0.9997
vn -0.0326 0.0225 -0.9992
vn -0.0326 0.0128 -0.9994
vn -0.0501 0.0302 -0.9983
vn -0.0501 0.0171 -0.9986
vn -0.0879 0.0489 -0.9949
vn -0.0880 0.0278 -0.9957
vn -0.1722 0.0930 -0.9807
vn -0.1819 0.0557 -0.9817
vn -0.8697 0.4648 0.1661
vn -0.9401 0.2852 0.1867
vn -0.4868 0.2706 0.8306
vn -0.4993 0.1575 0.8520
vn -0.3100 0.1870 0.9322
vn -0.3138 0.1074 0.9434
vn -0.2095 0.1442 0.9671
vn -0.2110 0.0824 0.9740
vn -0.1433 0.1202 0.9824
vn -0.1440 0.0685 0.9872
vn -0.0941 0.1061 0.9899
vn -0.0944 0.0605 0.9937
vn -0.0536 0.0982 0.9937
vn -0.0538 0.0559 0.9970
vn -0.0174 0.0946 0.9954
vn -0.0175 0.0538 0.9984
vn 0.0174 0.0946 0.9954
vn 0.0175 0.0538 0.9984
vn 0.0536 0.0982 0.9937
vn 0.0538 0.0559 0.9970
vn 0.0941 0.1061 0.9899
vn 0.0944 0.0605 0.9937
vn 0.1433 0.1202 0.9824
vn 0.1440 0.0685 0.9872
vn 0.2095 0.1442 0.9671
vn 0.2110 0.0824 0.9740
vn 0.3100 0.1870 0.9322
vn 0.3138 0.1074 0.9434
vn 0.4868 0.2706 0.8306
vn 0.4993 0.1575 0.8520
vn 0.8737 0.4609 0.1556
vn 0.9423 0.2822 0.1800
vn 0.1813 0.0969 -0.9786
vn 0.1867 0.0566 -0.9808
vn 0.0879 0.0489 -0.9949
vn 0.0880 0.0278 -0.9957
vn 0.0501 0.0302 -0.9983
vn 0.0501 0.0171 -0.9986
vn 0.0327 0.0127 -0.9994
vn 0.0327 0.0041 -0.9995
vn 0.0501 0.0056 -0.9987
vn 0.0220 0.0034 -0.9998
vn 0.0220 -0.0034 -0.9998
vn 0.0327 -0.0041 -0.9995
vn 0.0143 0.0030 -0.9999
vn 0.0143 -0.0030 -0.9999
vn 0.0081 0.0027 -1.0000
vn 0.0081 -0.0027 -1.0000
vn 0.0026 0.0026 -1.0000
vn 0.0026 -0.0026 -1.0000
vn -0.0026 0.0026 -1.0000
vn -0.0026 -0.0026 -1.0000
vn -0.0081 0.0027 -1.0000
vn -0.0081 -0.0027 -1.0000
vn -0.0143 0.0030 -0.9999
vn -0.0143 -0.0030 -0.9999
vn -0.0220 0.0034 -0.9998
vn -0.0220 -0.0034 -0.9998
vn -0.0327 0.0041 -0.9995
vn -0.0327 -0.0041 -0.9995
vn -0.0501 0.0056 -0.9987
vn -0.0501 -0.0056 -0.9987
vn -0.0880 0.0090 -0.9961
vn -0.0880 -0.0090 -0.9961
vn -0.1869 0.0186 -0.9822
vn -0.1869 -0.0186 -0.9822
vn -0.9758 0.0961 0.1962
vn -0.9758 -0.0961 0.1962
vn -0.5049 0.0517 0.8616
vn -0.5049 -0.0517 0.8616
vn -0.3154 0.0351 0.9483
vn -0.3154 -0.0351 0.9483
vn -0.2116 0.0268 0.9770
vn -0.2116 -0.0268 0.9770
vn -0.1443 0.0223 0.9893
vn -0.1443 -0.0223 0.9893
vn -0.0946 0.0197 0.9953
vn -0.0946 -0.0197 0.9953
vn -0.0538 0.0182 0.9984
vn -0.0538 -0.0182 0.9984
vn -0.0175 0.0175 0.9997
vn -0.0175 -0.0175 0.9997
vn 0.0175 0.0175 0.9997
vn 0.0175 -0.0175 0.9997
vn 0.0538 0.0182 0.9984
vn 0.0538 -0.0182 0.9984
vn 0.0946 0.0197 0.9953
vn 0.0946 -0.0197 0.9953
vn 0.1443 0.0223 0.9893
vn 0.1443 -0.0223 0.9893
vn 0.2116 0.0268 0.9770
vn 0.2116 -0.0268 0.9770
vn 0.3154 0.0351 0.9483
vn 0.3154 -0.0351 0.9483
vn 0.5049 0.0517 0.8616
vn 0.5049 -0.0517 0.8616
vn 0.9764 0.0950 0.1939
vn 0.9764 -0.0950 0.1939
vn 0.1884 0.0186 -0.9819
vn 0.1884 -0.0186 -0.9819
vn 0.0880 0.0090 -0.9961
vn 0.0880 -0.0090 -0.9961
vn 0.0501 -0.0056 -0.9987
vn 0.0501 -0.0171 -0.9986
vn 0.0880 -0.0278 -0.9957
vn 0.0327 -0.0127 -0.9994
vn 0.0326 -0.0225 -0.9992
vn 0.0501 -0.0302 -0.9983
vn 0.0220 -0.0105 -0.9997
vn 0.0220 -0.0184 -0.9996
vn 0.0143 -0.0092 -0.9999
vn 0.0143 -0.0162 -0.9998
vn 0.0081 -0.0085 -0.9999
vn 0.0081 -0.0149 -0.9999
vn 0.0026 -0.0081 -1.0000
vn 0.0026 -0.0143 -0.9999
vn -0.0026 -0.0081 -1.0000
vn -0.0026 -0.0143 -0.9999
vn -0.0081 -0.0085 -0.9999
vn -0.0081 -0.0149 -0.9999
vn -0.0143 -0.0092 -0.9999
vn -0.0143 -0.0162 -0.9998
vn -0.0220 -0.0105 -0.9997
vn -0.0220 -0.0184 -0.9996
vn -0.0326 -0.0128 -0.9994
vn -0.0326 -0.0225 -0.9992
vn -0.0501 -0.0171 -0.9986
vn -0.0501 -0.0302 -0.9983
vn -0.0880 -0.0278 -0.9957
vn -0.0879 -0.0489 -0.9949
vn -0.1819 -0.0557 -0.9817
vn -0.1722 -0.0930 -0.9807
vn -0.9401 -0.2852 0.1867
vn -0.8697 -0.4648 0.1661
vn -0.4993 -0.1575 0.8520
vn -0.4868 -0.2706 0.8306
vn -0.3138 -0.1074 0.9434
vn -0.3100 -0.1870 0.9322
vn -0.2110 -0.0824 0.9740
vn -0.2095 -0.1442 0.9671
vn -0.1440 -0.0685 0.9872
vn -0.1433 -0.1202 0.9824
vn -0.0944 -0.0605 0.9937
vn -0.0941 -0.1061 0.9899
vn -0.0538 -0.0559 0.9970
vn -0.0536 -0.0982 0.9937
vn -0.0175 -0.0538 0.9984
vn -0.0174 -0.0946 0.9954
vn 0.0175 -0.0538 0.9984
vn 0.0174 -0.0946 0.9954
vn 0.0538 -0.0559 0.9970
vn 0.0536 -0.0982 0.9937
vn 0.0944 -0.0605 0.9937
vn 0.0941 -0.1061 0.9899
vn 0.1440 -0.0685 0.9872
vn 0.1433 -0.1202 0.9824
vn 0.2110 -0.0824 0.9740
vn 0.2095 -0.1442 0.9671
vn 0.3138 -0.1074 0.9434
vn 0.3100 -0.1870 0.9322
vn 0.4993 -0.1575 0.8520
vn 0.4868 -0.2706 0.8306
vn 0.9423 -0.2822 0.1800
vn 0.8737 -0.4609 0.1556
vn 0.1867 -0.0566 -0.9808
vn 0.1813 -0.0969 -0.9786
vn 0.0879 -0.0489 -0.9949
vn 0.0878 -0.0749 -0.9933
vn 0.1712 -0.1405 -0.9752
vn 0.0500 -0.0463 -0.9977
vn 0.0500 -0.0687 -0.9964
vn 0.0875 -0.1109 -0.9900
vn 0.0326 -0.0345 -0.9989
vn 0.0326 -0.0512 -0.9982
vn 0.0220 -0.0283 -0.9994
vn 0.0220 -0.0420 -0.9989
vn 0.0143 -0.0248 -0.9996
vn 0.0143 -0.0368 -0.9992
vn 0.0081 -0.0229 -0.9997
vn 0.0081 -0.0340 -0.9994
vn 0.0026 -0.0220 -0.9998
vn 0.0026 -0.0327 -0.9995
vn -0.0026 -0.0327 -0.9995
vn -0.0026 -0.0220 -0.9998
vn -0.0081 -0.0229 -0.9997
vn -0.0081 -0.0340 -0.9994
vn -0.0143 -0.0248 -0.9996
vn -0.0143 -0.0368 -0.9992
vn -0.0220 -0.0283 -0.9994
vn -0.0220 -0.0420 -0.9989
vn -0.0326 -0.0345 -0.9989
vn -0.0326 -0.0512 -0.9982
vn -0.0500 -0.0463 -0.9977
vn -0.0500 -0.0687 -0.9964
vn -0.0878 -0.0749 -0.9933
vn -0.0875 -0.1109 -0.9900
vn -0.1553 -0.1292 -0.9794
vn -0.1251 -0.1557 -0.9799
vn -0.7658 -0.6285 0.1363
vn -0.6312 -0.7691 0.1004
vn -0.4642 -0.3962 0.7922
vn -0.4257 -0.5395 0.7264
vn -0.3029 -0.2805 0.9108
vn -0.2895 -0.3981 0.8705
vn -0.2066 -0.2183 0.9538
vn -0.2009 -0.3152 0.9275
vn -0.1419 -0.1827 0.9729
vn -0.1392 -0.2660 0.9539
vn -0.0934 -0.1617 0.9824
vn -0.0919 -0.2364 0.9673
vn -0.0532 -0.1498 0.9873
vn -0.0525 -0.2195 0.9742
vn -0.0173 -0.1443 0.9894
vn -0.0171 -0.2117 0.9772
vn 0.0173 -0.1443 0.9894
vn 0.0171 -0.2117 0.9772
vn 0.0532 -0.1498 0.9873
vn 0.0525 -0.2195 0.9742
vn 0.0934 -0.1617 0.9824
vn 0.0919 -0.2364 0.9673
vn 0.1419 -0.1827 0.9729
vn 0.1392 -0.2660 0.9539
vn 0.2066 -0.2183 0.9538
vn 0.2009 -0.3152 0.9275
vn 0.3029 -0.2805 0.9108
vn 0.2895 -0.3981 0.8705
vn 0.4642 -0.3962 0.7922
vn 0.4257 -0.5395 0.7264
vn 0.7714 -0.6244 0.1227
vn 0.6376 -0.7656 0.0849
vn 0.1539 -0.1875 -0.9701
vn 0.1232 -0.2305 -0.9652
vn 0.4767 -0.8778 0.0473
vn 0.0868 -0.1688 -0.9818
vn 0.0843 -0.2890 -0.9536
vn 0.0609 -0.2008 -0.9777
vn 0.0498 -0.1052 -0.9932
vn 0.0492 -0.1832 -0.9818
vn 0.0326 -0.0784 -0.9964
vn 0.0323 -0.1373 -0.9900
vn 0.0220 -0.0644 -0.9977
vn 0.0219 -0.1130 -0.9934
vn 0.0143 -0.0565 -0.9983
vn 0.0143 -0.0992 -0.9950
vn 0.0081 -0.0521 -0.9986
vn 0.0081 -0.0915 -0.9958
vn 0.0026 -0.0501 -0.9987
vn 0.0026 -0.0880 -0.9961
vn -0.0026 -0.0501 -0.9987
vn -0.0026 -0.0880 -0.9961
vn -0.0081 -0.0521 -0.9986
vn -0.0081 -0.0915 -0.9958
vn -0.0143 -0.0565 -0.9983
vn -0.0143 -0.0992 -0.9950
vn -0.0220 -0.0644 -0.9977
vn -0.0219 -0.1130 -0.9934
vn -0.0326 -0.0784 -0.9964
vn -0.0323 -0.1373 -0.9900
vn -0.0498 -0.1052 -0.9932
vn -0.0492 -0.1832 -0.9818
vn -0.0868 -0.1689 -0.9818
vn -0.0843 -0.2890 -0.9536
vn -0.0617 -0.1230 -0.9905
vn -0.2953 -0.9552 -0.0181
vn -0.4705 -0.8802 0.0627
vn -0.2991 -0.9538 0.0297
vn -0.3604 -0.7013 0.6150
vn -0.2527 -0.8662 0.4311
vn -0.2626 -0.5545 0.7897
vn -0.2046 -0.7613 0.6153
vn -0.1886 -0.4543 0.8707
vn -0.1575 -0.6683 0.7270
vn -0.1329 -0.3901 0.9111
vn -0.1157 -0.5982 0.7929
vn -0.0886 -0.3500 0.9326
vn -0.0790 -0.5499 0.8315
vn -0.0509 -0.3265 0.9438
vn -0.0460 -0.5199 0.8530
vn -0.0166 -0.3155 0.9488
vn -0.0151 -0.5056 0.8627
vn 0.0166 -0.3155 0.9488
vn 0.0151 -0.5056 0.8627
vn 0.0509 -0.3265 0.9438
vn 0.0460 -0.5199 0.8530
vn 0.0886 -0.3500 0.9326
vn 0.0790 -0.5499 0.8315
vn 0.1329 -0.3901 0.9111
vn 0.1157 -0.5982 0.7929
vn 0.1886 -0.4543 0.8707
vn 0.1575 -0.6683 0.7270
vn 0.2626 -0.5545 0.7897
vn 0.2046 -0.7613 0.6153
vn 0.3604 -0.7013 0.6150
vn 0.2527 -0.8662 0.4311
vn 0.2949 -0.9554 0.0163
vn 0.0622 -0.9924 0.1061
vn 0.0980 -0.9952 0.0054
vn 0.0026 -0.1884 -0.9821
vn -0.0026 -0.1885 -0.9821
vn -0.0080 -0.1987 -0.9800
vn -0.0140 -0.2212 -0.9751
vn -0.0212 -0.2607 -0.9652
vn -0.0309 -0.3274 -0.9444
vn -0.0449 -0.4428 -0.8955
vn -0.0671 -0.6475 -0.7591
vn -0.0999 -0.9950 -0.0061
vn -0.0818 -0.9953 0.0514
vn -0.0622 -0.9924 0.1061
vn -0.0471 -0.9888 0.1417
vn -0.0356 -0.9858 0.1643
vn -0.0261 -0.9835 0.1791
vn -0.0179 -0.9819 0.1886
vn -0.0105 -0.9809 0.1944
vn -0.0035 -0.9804 0.1971
vn 0.0035 -0.9804 0.1971
vn 0.0105 -0.9809 0.1944
vn 0.0179 -0.9819 0.1886
vn 0.0261 -0.9835 0.1791
vn 0.0356 -0.9858 0.1643
vn 0.0471 -0.9888 0.1417
vn -0.0802 0.8145 -0.5746
vn 0.0671 -0.6475 -0.7591
vn 0.0449 -0.4428 -0.8955
vn 0.0309 -0.3274 -0.9444
vn 0.0212 -0.2608 -0.9652
vn 0.0140 -0.2212 -0.9751
vn 0.0080 -0.1987 -0.9800
vn -0.0000 -0.0000 -1.0000
vn -0.0878 0.8910 0.4455
vn 0.0878 0.8910 0.4455
vn 0.2599 0.8567 0.4455
vn 0.4220 0.7896 0.4455
vn 0.5680 0.6921 0.4455
vn 0.6921 0.5680 0.4455
vn 0.7896 0.4220 0.4455
vn 0.8567 0.2599 0.4455
vn 0.8910 0.0878 0.4455
vn 0.8910 -0.0878 0.4455
vn 0.8567 -0.2599 0.4455
vn 0.7896 -0.4220 0.4455
vn 0.6921 -0.5680 0.4455
vn 0.5680 -0.6921 0.4455
vn 0.4220 -0.7896 0.4455
vn 0.2599 -0.8567 0.4455
vn 0.0878 -0.8910 0.4455
vn -0.0878 -0.8910 0.4455
vn -0.2599 -0.8567 0.4455
vn -0.4220 -0.7896 0.4455
vn -0.5680 -0.6921 0.4455
vn -0.6921 -0.5680 0.4455
vn -0.7896 -0.4220 0.4455
vn -0.8567 -0.2599 0.4455
vn -0.8910 -0.0878 0.4455
vn -0.8910 0.0878 0.4455
vn -0.8567 0.2599 0.4455
vn -0.7896 0.4220 0.4455
vn -0.6921 0.5680 0.4455
vn -0.5680 0.6921 0.4455
vn -0.4220 0.7896 0.4455
vn -0.2599 0.8567 0.4455
vn 0.0958 -0.0000 -0.9954
vn -0.1300 0.8910 0.4350
vn 0.0447 0.8910 0.4518
vn 0.2160 0.8567 0.4683
vn 0.3774 0.7896 0.4839
vn 0.5227 0.6921 0.4979
vn 0.6462 0.5680 0.5097
vn 0.7433 0.4220 0.5191
vn 0.8101 0.2599 0.5255
vn 0.8442 0.0878 0.5288
vn 0.8442 -0.0878 0.5288
vn 0.8101 -0.2599 0.5255
vn 0.7433 -0.4220 0.5191
vn 0.6462 -0.5680 0.5097
vn 0.5227 -0.6921 0.4979
vn 0.3774 -0.7896 0.4839
vn 0.2160 -0.8567 0.4683
vn 0.0447 -0.8910 0.4518
vn -0.1300 -0.8910 0.4350
vn -0.3014 -0.8567 0.4185
vn -0.4628 -0.7896 0.4030
vn -0.6080 -0.6921 0.3890
vn -0.7316 -0.5680 0.3771
vn -0.8286 -0.4220 0.3678
vn -0.8955 -0.2599 0.3614
vn -0.9296 -0.0877 0.3581
vn -0.9296 0.0877 0.3581
vn -0.8955 0.2599 0.3614
vn -0.8286 0.4220 0.3678
vn -0.7316 0.5680 0.3771
vn -0.6080 0.6921 0.3890
vn -0.4628 0.7896 0.4030
vn -0.3014 0.8567 0.4185
vn -0.0958 -0.0000 -0.9954
vn -0.0447 0.8910 0.4518
vn 0.1300 0.8910 0.4350
vn 0.3014 0.8567 0.4185
vn 0.4628 0.7896 0.4030
vn 0.6080 0.6921 0.3890
vn 0.7316 0.5680 0.3771
vn 0.8286 0.4220 0.3678
vn 0.8955 0.2599 0.3614
vn 0.9296 0.0877 0.3581
vn 0.9296 -0.0877 0.3581
vn 0.8955 -0.2599 0.3614
vn 0.8286 -0.4220 0.3678
vn 0.7316 -0.5680 0.3771
vn 0.6080 -0.6921 0.3890
vn 0.4628 -0.7896 0.4030
vn 0.3014 -0.8567 0.4185
vn 0.1300 -0.8910 0.4350
vn -0.0447 -0.8910 0.4518
vn -0.2160 -0.8567 0.4683
vn -0.3774 -0.7896 0.4839
vn -0.5227 -0.6921 0.4979
vn -0.6462 -0.5680 0.5097
vn -0.7433 -0.4220 0.5191
vn -0.8101 -0.2599 0.5255
vn -0.8442 -0.0878 0.5288
vn -0.8442 0.0878 0.5288
vn -0.8101 0.2599 0.5255
vn -0.7433 0.4220 0.5191
vn -0.6462 0.5680 0.5097
vn -0.5227 0.6921 0.4979
vn -0.3774 0.7896 0.4839
vn -0.2160 0.8567 0.4683
vn -0.0000 -0.1083 -0.9941
vn -0.0878 0.9340 0.3464
vn 0.0878 0.9340 0.3464
vn 0.2599 0.8999 0.3501
vn 0.4220 0.8332 0.3574
vn 0.5680 0.7362 0.3679
vn 0.6921 0.6129 0.3814
vn 0.7896 0.4678 0.3972
vn 0.8567 0.3066 0.4147
vn 0.8910 0.1355 0.4334
vn 0.8910 -0.0390 0.4524
vn 0.8567 -0.2101 0.4710
vn 0.7896 -0.3713 0.4886
vn 0.6921 -0.5164 0.5044
vn 0.5680 -0.6398 0.5178
vn 0.4220 -0.7367 0.5284
vn 0.2599 -0.8035 0.5357
vn 0.0877 -0.8375 0.5394
vn -0.0877 -0.8375 0.5394
vn -0.2599 -0.8035 0.5357
vn -0.4220 -0.7367 0.5284
vn -0.5680 -0.6398 0.5178
vn -0.6921 -0.5164 0.5044
vn -0.7896 -0.3713 0.4886
vn -0.8567 -0.2101 0.4710
vn -0.8910 -0.0390 0.4524
vn -0.8910 0.1355 0.4334
vn -0.8567 0.3066 0.4147
vn -0.7896 0.4678 0.3972
vn -0.6921 0.6129 0.3814
vn -0.5680 0.7362 0.3679
vn -0.4220 0.8332 0.3574
vn -0.2599 0.8999 0.3501
vn -0.0000 0.1039 -0.9946
vn -0.0878 0.8399 0.5356
vn 0.0878 0.8399 0.5356
vn 0.2599 0.8058 0.5321
vn 0.4220 0.7390 0.5251
vn 0.5680 0.6421 0.5149
vn 0.6921 0.5186 0.5021
vn 0.7896 0.3735 0.4869
vn 0.8567 0.2122 0.4701
vn 0.8910 0.0410 0.4522
vn 0.8910 -0.1335 0.4340
vn 0.8567 -0.3047 0.4161
vn 0.7896 -0.4660 0.3993
vn 0.6921 -0.6112 0.3841
vn 0.5680 -0.7346 0.3712
vn 0.4220 -0.8316 0.3611
vn 0.2599 -0.8984 0.3541
vn 0.0878 -0.9324 0.3506
vn -0.0878 -0.9324 0.3506
vn -0.2599 -0.8984 0.3541
vn -0.4220 -0.8316 0.3611
vn -0.5680 -0.7346 0.3712
vn -0.6921 -0.6112 0.3841
vn -0.7896 -0.4660 0.3993
vn -0.8567 -0.3047 0.4161
vn -0.8910 -0.1335 0.4340
vn -0.8910 0.0410 0.4522
vn -0.8567 0.2122 0.4701
vn -0.7896 0.3735 0.4869
vn -0.6921 0.5186 0.5021
vn -0.5680 0.6421 0.5149
vn -0.4220 0.7390 0.5251
vn -0.2599 0.8058 0.5321
vn -0.1224 0.3605 0.9247
vn 0.1224 -0.3605 0.9247
vn -0.0618 0.9437 -0.3251
vn 0.0618 0.9437 -0.3251
vn -0.0868 0.1688 -0.9818
vn -0.0382 0.7896 -0.6124
vn -0.1232 0.2305 -0.9652
vn -0.2849 0.9417 0.1789
vn -0.4767 0.8778 0.0473
vn 0.2902 0.9565 0.0288
vn 0.4705 0.8802 0.0627
vn -0.1270 -0.3948 -0.9100
vn 0.0617 0.1230 -0.9905
vn 0.0219 0.1130 -0.9933
vn -0.1539 0.1875 -0.9701
vn -0.1712 0.1406 -0.9752
vn -0.6376 0.7656 0.0849
vn -0.7714 0.6244 0.1227
vn 0.6312 0.7691 0.1004
vn 0.7658 0.6285 0.1363
vn 0.1251 0.1557 -0.9799
vn 0.1553 0.1292 -0.9794
vn -0.0327 0.0127 -0.9994
vn -0.1813 0.0969 -0.9786
vn -0.1867 0.0566 -0.9808
vn -0.8737 0.4609 0.1556
vn -0.9423 0.2822 0.1800
vn 0.8697 0.4648 0.1661
vn 0.9401 0.2852 0.1867
vn 0.1722 0.0930 -0.9807
vn 0.1819 0.0557 -0.9817
vn 0.0326 0.0128 -0.9994
vn -0.1884 0.0186 -0.9819
vn -0.1884 -0.0186 -0.9819
vn -0.9764 0.0950 0.1939
vn -0.9764 -0.0950 0.1939
vn 0.9758 0.0961 0.1962
vn 0.9758 -0.0961 0.1962
vn 0.1869 0.0186 -0.9822
vn 0.1869 -0.0186 -0.9822
vn 0.0326 -0.0128 -0.9994
vn -0.0327 -0.0127 -0.9994
vn -0.1867 -0.0566 -0.9808
vn -0.1813 -0.0969 -0.9786
vn -0.9423 -0.2822 0.1800
vn -0.8737 -0.4609 0.1556
vn 0.9401 -0.2852 0.1867
vn 0.8697 -0.4648 0.1661
vn 0.1819 -0.0557 -0.9817
vn 0.1722 -0.0930 -0.9807
vn 0.1553 -0.1292 -0.9794
vn -0.1712 -0.1405 -0.9752
vn -0.1539 -0.1875 -0.9701
vn -0.7714 -0.6244 0.1227
vn -0.6376 -0.7656 0.0849
vn 0.7658 -0.6285 0.1363
vn 0.6312 -0.7691 0.1004
vn 0.1251 -0.1557 -0.9799
vn 0.0617 -0.1230 -0.9905
vn 0.4705 -0.8802 0.0627
vn -0.1270 0.3947 -0.9100
vn 0.0219 -0.1130 -0.9933
vn -0.0868 -0.1688 -0.9818
vn -0.1232 -0.2305 -0.9653
vn -0.0382 -0.7896 -0.6124
vn -0.4767 -0.8778 0.0473
vn -0.2849 -0.9417 0.1789
vn 0.2902 -0.9565 0.0288
vn -0.0000 0.0001 -1.0000
vn -0.0000 -0.0001 -1.0000
vn 0.0958 0.0001 -0.9954
vn 0.0958 -0.0001 -0.9954
vn -0.0958 -0.0001 -0.9954
vn -0.0958 0.0001 -0.9954
vn -0.0000 -0.1082 -0.9941
vn -0.0000 -0.1084 -0.9941
vn -0.0000 0.1038 -0.9946
vt 0.551722 0.509641
vt 0.556238 0.528765
vt 0.551927 0.528799
vt 0.556081 0.509609
vt 0.570743 0.528602
vt 0.570606 0.509523
vt 0.588434 0.528440
vt 0.588117 0.509444
vt 0.608166 0.528238
vt 0.628568 0.509365
vt 0.608161 0.509311
vt 0.635210 0.528230
vt 0.628373 0.528189
vt 0.465017 0.510561
vt 0.445052 0.530658
vt 0.444827 0.510827
vt 0.486216 0.510130
vt 0.465282 0.530210
vt 0.506810 0.509974
vt 0.486713 0.529760
vt 0.524670 0.509789
vt 0.506797 0.529392
vt 0.539298 0.509652
vt 0.524896 0.529119
vt 0.539597 0.528927
vt 0.556383 0.547840
vt 0.552114 0.547906
vt 0.588538 0.547327
vt 0.570936 0.547598
vt 0.608180 0.547109
vt 0.635074 0.546921
vt 0.628309 0.546964
vt 0.445530 0.550525
vt 0.486924 0.549333
vt 0.465976 0.549905
vt 0.507383 0.548726
vt 0.525299 0.548395
vt 0.539823 0.548119
vt 0.556870 0.566919
vt 0.552491 0.567026
vt 0.571310 0.566571
vt 0.588601 0.566233
vt 0.628633 0.565622
vt 0.608530 0.565895
vt 0.635342 0.565527
vt 0.446339 0.570326
vt 0.466413 0.569525
vt 0.487449 0.568772
vt 0.525580 0.567611
vt 0.508080 0.568111
vt 0.540287 0.567226
vt 0.557284 0.585900
vt 0.553063 0.586010
vt 0.589265 0.585058
vt 0.571622 0.585498
vt 0.608776 0.584624
vt 0.628809 0.584229
vt 0.447369 0.589922
vt 0.488277 0.588150
vt 0.467443 0.589020
vt 0.508465 0.587425
vt 0.540705 0.586339
vt 0.526309 0.586787
vt 0.553468 0.604998
vt 0.572155 0.604387
vt 0.557838 0.604857
vt 0.609333 0.603299
vt 0.589551 0.603838
vt 0.629346 0.602808
vt 0.635535 0.584090
vt 0.468098 0.608360
vt 0.448427 0.609389
vt 0.488892 0.607432
vt 0.526999 0.605923
vt 0.509146 0.606603
vt 0.541385 0.605415
vt 0.554261 0.623993
vt 0.572770 0.623275
vt 0.558546 0.623823
vt 0.609761 0.621897
vt 0.590155 0.622594
vt 0.636340 0.621146
vt 0.629681 0.621300
vt 0.449488 0.628726
vt 0.489900 0.626616
vt 0.469236 0.627577
vt 0.527653 0.624997
vt 0.510018 0.625735
vt 0.542100 0.624396
vt 0.555058 0.642825
vt 0.573642 0.642040
vt 0.559310 0.642652
vt 0.590892 0.641263
vt 0.610309 0.640477
vt 0.636780 0.639472
vt 0.630148 0.639723
vt 0.450615 0.647916
vt 0.490967 0.645765
vt 0.470407 0.646790
vt 0.510972 0.644817
vt 0.528389 0.643994
vt 0.542849 0.643344
vt 0.560116 0.661456
vt 0.555844 0.661660
vt 0.574436 0.660748
vt 0.611241 0.658988
vt 0.591477 0.659946
vt 0.631081 0.658040
vt 0.637628 0.657722
vt 0.451576 0.667056
vt 0.471187 0.665962
vt 0.491766 0.664881
vt 0.529370 0.662949
vt 0.511906 0.663876
vt 0.543773 0.662245
vt 0.561156 0.680247
vt 0.556904 0.680469
vt 0.575264 0.679499
vt 0.592573 0.678618
vt 0.612159 0.677452
vt 0.631865 0.676424
vt 0.472430 0.685042
vt 0.452833 0.686133
vt 0.492891 0.683942
vt 0.512750 0.682896
vt 0.530327 0.681880
vt 0.544716 0.681123
vt 0.557843 0.699269
vt 0.562103 0.699043
vt 0.593750 0.697201
vt 0.576295 0.698237
vt 0.613107 0.695955
vt 0.639588 0.694482
vt 0.632967 0.694847
vt 0.453744 0.705169
vt 0.493771 0.702997
vt 0.473245 0.704119
vt 0.513861 0.701883
vt 0.545766 0.700031
vt 0.531363 0.700832
vt 0.558910 0.718145
vt 0.563176 0.717879
vt 0.577548 0.716954
vt 0.594819 0.715788
vt 0.614277 0.714397
vt 0.633897 0.713174
vt 0.454737 0.724277
vt 0.474514 0.723213
vt 0.514811 0.720897
vt 0.494981 0.722059
vt 0.532396 0.719766
vt 0.546930 0.718880
vt 0.560276 0.737001
vt 0.564473 0.736693
vt 0.578780 0.735656
vt 0.615479 0.732827
vt 0.596030 0.734369
vt 0.635199 0.731438
vt 0.640504 0.712764
vt 0.455771 0.743360
vt 0.475411 0.742399
vt 0.495974 0.741181
vt 0.533713 0.738716
vt 0.516008 0.739902
vt 0.548059 0.737767
vt 0.561713 0.755828
vt 0.565988 0.755499
vt 0.580212 0.754407
vt 0.597378 0.753010
vt 0.636708 0.749597
vt 0.616873 0.751259
vt 0.641762 0.730937
vt 0.476337 0.761619
vt 0.456529 0.762577
vt 0.517170 0.759006
vt 0.497027 0.760359
vt 0.534927 0.757777
vt 0.549424 0.756758
vt 0.567431 0.774461
vt 0.563057 0.774805
vt 0.581786 0.773246
vt 0.599224 0.771665
vt 0.618608 0.769702
vt 0.638233 0.767794
vt 0.643195 0.749051
vt 0.457316 0.782009
vt 0.477318 0.780977
vt 0.498141 0.779649
vt 0.518338 0.778228
vt 0.536257 0.776959
vt 0.550918 0.775857
vt 0.569015 0.793577
vt 0.564665 0.793970
vt 0.583505 0.792174
vt 0.620363 0.788218
vt 0.600951 0.790377
vt 0.644811 0.767154
vt 0.640214 0.786054
vt 0.478359 0.800416
vt 0.458440 0.801515
vt 0.499360 0.799052
vt 0.537676 0.796222
vt 0.519946 0.797560
vt 0.552411 0.795025
vt 0.570944 0.812755
vt 0.566583 0.813184
vt 0.585474 0.811211
vt 0.603006 0.809177
vt 0.622401 0.806818
vt 0.648792 0.803440
vt 0.642285 0.804252
vt 0.459432 0.821088
vt 0.479383 0.819885
vt 0.500537 0.818557
vt 0.521353 0.817112
vt 0.539342 0.815651
vt 0.554093 0.814367
vt 0.568483 0.832639
vt 0.572922 0.832161
vt 0.587655 0.830403
vt 0.625006 0.825429
vt 0.605206 0.828116
vt 0.651330 0.821448
vt 0.644744 0.822432
vt 0.460642 0.840669
vt 0.501923 0.838184
vt 0.480751 0.839419
vt 0.541097 0.835262
vt 0.522715 0.836822
vt 0.555918 0.833907
vt 0.575194 0.851791
vt 0.570782 0.852337
vt 0.590221 0.849822
vt 0.608056 0.847231
vt 0.628015 0.844069
vt 0.654208 0.839459
vt 0.647670 0.840632
vt 0.461772 0.860134
vt 0.503230 0.858002
vt 0.482013 0.859112
vt 0.524014 0.856704
vt 0.542823 0.855138
vt 0.557988 0.853678
vt 0.577852 0.871801
vt 0.573255 0.872417
vt 0.593027 0.869564
vt 0.611231 0.866569
vt 0.651249 0.858777
vt 0.631468 0.862786
vt 0.482699 0.878973
vt 0.462479 0.879587
vt 0.525725 0.876867
vt 0.504119 0.878078
vt 0.544516 0.875445
vt 0.560138 0.873885
vt 0.580765 0.892353
vt 0.576022 0.893060
vt 0.596511 0.889813
vt 0.615103 0.886249
vt 0.655218 0.876901
vt 0.635418 0.881683
vt 0.657747 0.857414
vt 0.483134 0.898967
vt 0.462789 0.899139
vt 0.526776 0.897682
vt 0.505023 0.898456
vt 0.546412 0.896275
vt 0.562476 0.894698
vt 0.584239 0.913709
vt 0.579201 0.914495
vt 0.619702 0.906327
vt 0.600424 0.910652
vt 0.640155 0.900775
vt 0.660139 0.894927
vt 0.661699 0.875300
vt 0.483067 0.919156
vt 0.462632 0.918741
vt 0.505527 0.919339
vt 0.527870 0.919076
vt 0.564953 0.916465
vt 0.548053 0.918056
vt 0.582770 0.937106
vt 0.605282 0.932498
vt 0.587989 0.936171
vt 0.625326 0.926982
vt 0.666027 0.912812
vt 0.646328 0.920037
vt 0.666516 0.892998
vt 0.461870 0.938318
vt 0.482456 0.939577
vt 0.528238 0.941406
vt 0.504920 0.940831
vt 0.549679 0.940858
vt 0.567716 0.939305
vt 0.586957 0.961940
vt 0.592842 0.960760
vt 0.611504 0.955655
vt 0.632468 0.948335
vt 0.653738 0.939358
vt 0.679409 0.927518
vt 0.673257 0.930400
vt 0.460147 0.957762
vt 0.503617 0.962687
vt 0.480597 0.960149
vt 0.527826 0.964820
vt 0.550768 0.965401
vt 0.570396 0.964277
vt 0.599285 0.987823
vt 0.593037 0.989678
vt 0.620231 0.980900
vt 0.642152 0.970303
vt 0.663242 0.958474
vt 0.688052 0.943883
vt 0.682200 0.947430
vt 0.457346 0.977128
vt 0.500331 0.985172
vt 0.477578 0.980496
vt 0.525431 0.989949
vt 0.550663 0.992813
vt 0.573409 0.992672
vt 0.590169 0.010551
vt 0.579002 0.038544
vt 0.583322 0.009033
vt 0.612560 0.016509
vt 0.585138 0.039448
vt 0.636779 0.025922
vt 0.605154 0.043609
vt 0.660412 0.037229
vt 0.627847 0.050152
vt 0.672809 0.067020
vt 0.651177 0.058502
vt 0.681539 0.048142
vt 0.679591 0.069807
vt 0.445117 0.029688
vt 0.469550 0.046165
vt 0.448676 0.049404
vt 0.488489 0.019868
vt 0.465699 0.025519
vt 0.517416 0.039109
vt 0.492809 0.042470
vt 0.513696 0.013897
vt 0.540939 0.037203
vt 0.538938 0.009174
vt 0.561437 0.037264
vt 0.562429 0.007187
vt 0.581629 0.065530
vt 0.575916 0.064845
vt 0.599889 0.068562
vt 0.621489 0.073312
vt 0.644327 0.079604
vt 0.665936 0.086324
vt 0.672824 0.088534
vt 0.472019 0.067054
vt 0.451168 0.069209
vt 0.495131 0.064887
vt 0.519106 0.063283
vt 0.541130 0.062692
vt 0.559980 0.063383
vt 0.573233 0.088795
vt 0.595898 0.091873
vt 0.578501 0.089416
vt 0.638678 0.100540
vt 0.616564 0.095569
vt 0.667438 0.107623
vt 0.660425 0.105840
vt 0.452723 0.089122
vt 0.496472 0.086907
vt 0.473658 0.087940
vt 0.519486 0.086331
vt 0.540673 0.086619
vt 0.558221 0.087510
vt 0.570847 0.111523
vt 0.575868 0.112069
vt 0.592642 0.114126
vt 0.634409 0.121232
vt 0.612535 0.117168
vt 0.655970 0.125520
vt 0.474110 0.108678
vt 0.453343 0.109052
vt 0.496739 0.108474
vt 0.539649 0.109261
vt 0.519183 0.108519
vt 0.556623 0.110379
vt 0.568688 0.133360
vt 0.573558 0.133856
vt 0.589674 0.135720
vt 0.630960 0.141616
vt 0.609159 0.138275
vt 0.659290 0.146426
vt 0.652279 0.145189
vt 0.453434 0.129044
vt 0.496433 0.129633
vt 0.474296 0.129297
vt 0.538390 0.131077
vt 0.518738 0.130166
vt 0.554834 0.132236
vt 0.566685 0.154607
vt 0.587265 0.156759
vt 0.571366 0.155062
vt 0.606422 0.158973
vt 0.627838 0.161771
vt 0.656197 0.165889
vt 0.649057 0.164845
vt 0.452819 0.149086
vt 0.495764 0.150478
vt 0.473645 0.149800
vt 0.517704 0.151326
vt 0.537180 0.152391
vt 0.553100 0.153529
vt 0.569437 0.175881
vt 0.564738 0.175472
vt 0.585140 0.177427
vt 0.625045 0.181853
vt 0.604029 0.179377
vt 0.646485 0.184587
vt 0.472718 0.170254
vt 0.451823 0.169285
vt 0.494807 0.171156
vt 0.535697 0.173275
vt 0.516508 0.172149
vt 0.551568 0.174428
vt 0.567724 0.196499
vt 0.563011 0.196122
vt 0.583311 0.197850
vt 0.601665 0.199652
vt 0.622916 0.201870
vt 0.644272 0.204280
vt 0.653592 0.185452
vt 0.471627 0.190715
vt 0.450651 0.189671
vt 0.493733 0.191732
vt 0.515238 0.192761
vt 0.549908 0.195019
vt 0.534471 0.193958
vt 0.561492 0.216507
vt 0.581392 0.218078
vt 0.566075 0.216862
vt 0.599882 0.219776
vt 0.620796 0.221700
vt 0.651358 0.205084
vt 0.641994 0.223905
vt 0.470465 0.211154
vt 0.449505 0.210232
vt 0.514268 0.213291
vt 0.492696 0.212258
vt 0.532919 0.214392
vt 0.548545 0.215452
vt 0.559999 0.236657
vt 0.564536 0.236990
vt 0.598230 0.239646
vt 0.579655 0.238116
vt 0.618852 0.241402
vt 0.646874 0.244184
vt 0.639855 0.243438
vt 0.448652 0.230881
vt 0.491513 0.232614
vt 0.469705 0.231592
vt 0.513028 0.233670
vt 0.547136 0.235666
vt 0.531837 0.234728
vt 0.563131 0.256966
vt 0.558630 0.256664
vt 0.578177 0.257986
vt 0.596472 0.259341
vt 0.617023 0.260945
vt 0.637862 0.262812
vt 0.469077 0.251917
vt 0.448313 0.251343
vt 0.490789 0.252848
vt 0.512112 0.253905
vt 0.530578 0.254859
vt 0.545826 0.255747
vt 0.557442 0.276486
vt 0.561852 0.276754
vt 0.594921 0.278906
vt 0.576766 0.277709
vt 0.615364 0.280339
vt 0.644818 0.263502
vt 0.636048 0.282011
vt 0.447749 0.271482
vt 0.468528 0.272144
vt 0.490027 0.272979
vt 0.510904 0.273923
vt 0.544640 0.275659
vt 0.529651 0.274854
vt 0.560755 0.296472
vt 0.556237 0.296227
vt 0.575721 0.297315
vt 0.593533 0.298388
vt 0.613917 0.299597
vt 0.641261 0.301545
vt 0.634481 0.301017
vt 0.446962 0.291526
vt 0.489017 0.292994
vt 0.467603 0.292280
vt 0.510309 0.293915
vt 0.528448 0.294709
vt 0.543647 0.295458
vt 0.559685 0.316080
vt 0.555319 0.315869
vt 0.574429 0.316814
vt 0.592577 0.317757
vt 0.633139 0.319942
vt 0.612712 0.318771
vt 0.639970 0.320388
vt 0.446119 0.311671
vt 0.466840 0.312373
vt 0.509327 0.313841
vt 0.488387 0.312947
vt 0.527731 0.314536
vt 0.542646 0.315182
vt 0.558830 0.335599
vt 0.554421 0.335422
vt 0.573660 0.336241
vt 0.611672 0.337892
vt 0.591527 0.337024
vt 0.631967 0.338940
vt 0.466179 0.332422
vt 0.445614 0.331837
vt 0.487861 0.332935
vt 0.526895 0.334261
vt 0.508397 0.333610
vt 0.541929 0.334820
vt 0.553687 0.354931
vt 0.558094 0.355081
vt 0.572821 0.355601
vt 0.610651 0.356991
vt 0.590620 0.356252
vt 0.631159 0.357918
vt 0.637971 0.358224
vt 0.444965 0.352007
vt 0.465537 0.352401
vt 0.487149 0.352888
vt 0.526241 0.353938
vt 0.508069 0.353394
vt 0.541164 0.354402
vt 0.557481 0.374500
vt 0.553079 0.374373
vt 0.572152 0.374923
vt 0.589869 0.375455
vt 0.609877 0.376070
vt 0.630285 0.376775
vt 0.465353 0.372314
vt 0.444922 0.372130
vt 0.486959 0.372788
vt 0.507635 0.373155
vt 0.525633 0.373547
vt 0.540543 0.373930
vt 0.556913 0.393872
vt 0.552529 0.393778
vt 0.571623 0.394203
vt 0.589413 0.394622
vt 0.609523 0.395095
vt 0.629909 0.395590
vt 0.636621 0.395748
vt 0.444728 0.392071
vt 0.465139 0.392173
vt 0.486455 0.392595
vt 0.507198 0.392845
vt 0.525319 0.393105
vt 0.540025 0.393410
vt 0.556597 0.413223
vt 0.552212 0.413158
vt 0.571295 0.413453
vt 0.588866 0.413805
vt 0.629409 0.414397
vt 0.609033 0.414077
vt 0.465014 0.411999
vt 0.444619 0.411979
vt 0.486029 0.412256
vt 0.506900 0.412479
vt 0.524884 0.412645
vt 0.539801 0.412861
vt 0.556347 0.432566
vt 0.551899 0.432515
vt 0.588699 0.432979
vt 0.570946 0.432709
vt 0.608749 0.433102
vt 0.635901 0.433391
vt 0.629053 0.433320
vt 0.444812 0.431751
vt 0.485986 0.431835
vt 0.465110 0.431774
vt 0.506595 0.432057
vt 0.539485 0.432276
vt 0.524699 0.432139
vt 0.556127 0.451865
vt 0.551775 0.451818
vt 0.570657 0.451944
vt 0.588644 0.452084
vt 0.608394 0.452191
vt 0.635917 0.452334
vt 0.629049 0.452301
vt 0.444635 0.451436
vt 0.486114 0.451442
vt 0.464944 0.451516
vt 0.506334 0.451517
vt 0.524613 0.451600
vt 0.539299 0.451694
vt 0.551596 0.471068
vt 0.555906 0.471087
vt 0.570478 0.471144
vt 0.588279 0.471180
vt 0.608562 0.471284
vt 0.635825 0.471450
vt 0.628851 0.471407
vt 0.444663 0.471164
vt 0.485955 0.471065
vt 0.464847 0.471195
vt 0.506591 0.470983
vt 0.524520 0.470992
vt 0.539179 0.471032
vt 0.551562 0.490379
vt 0.570599 0.490353
vt 0.555986 0.490362
vt 0.588205 0.490324
vt 0.608251 0.490320
vt 0.628827 0.490496
vt 0.635675 0.490563
vt 0.444515 0.490974
vt 0.464843 0.490874
vt 0.485839 0.490602
vt 0.506519 0.490483
vt 0.524546 0.490391
vt 0.539288 0.490322
vt 0.359311 0.401402
vt 0.354274 0.393323
vt 0.358428 0.390736
vt 0.348925 0.385510
vt 0.358289 0.390572
vt 0.342992 0.378746
vt 0.358714 0.389360
vt 0.337211 0.373663
vt 0.358746 0.386612
vt 0.332352 0.370012
vt 0.357464 0.383766
vt 0.328645 0.367415
vt 0.355573 0.381650
vt 0.326073 0.365662
vt 0.353801 0.380089
vt 0.324573 0.364636
vt 0.352550 0.378779
vt 0.327270 0.353195
vt 0.359867 0.375366
vt 0.327997 0.352200
vt 0.360666 0.366450
vt 0.330039 0.351038
vt 0.362872 0.365193
vt 0.333521 0.349701
vt 0.366156 0.364237
vt 0.338632 0.347987
vt 0.370558 0.363461
vt 0.345555 0.345515
vt 0.376190 0.362319
vt 0.354181 0.341541
vt 0.382762 0.359673
vt 0.363571 0.335310
vt 0.388780 0.355007
vt 0.372330 0.327328
vt 0.392383 0.350107
vt 0.380824 0.318968
vt 0.394109 0.348711
vt 0.387930 0.309931
vt 0.398786 0.346216
vt 0.393260 0.301409
vt 0.403130 0.342369
vt 0.397355 0.294212
vt 0.405912 0.338677
vt 0.400658 0.288582
vt 0.407746 0.335900
vt 0.403364 0.284583
vt 0.409434 0.333985
vt 0.405574 0.282257
vt 0.411350 0.332761
vt 0.422831 0.284067
vt 0.414852 0.333628
vt 0.372372 0.435498
vt 0.372108 0.434735
vt 0.365550 0.394261
vt 0.371354 0.432463
vt 0.364350 0.394164
vt 0.370147 0.428731
vt 0.363747 0.393814
vt 0.368479 0.423610
vt 0.363304 0.393139
vt 0.366296 0.417186
vt 0.362622 0.392191
vt 0.363372 0.409619
vt 0.361325 0.391174
vt 0.359492 0.390688
vt 0.342901 0.400710
vt 0.351036 0.415320
vt 0.357061 0.429956
vt 0.326431 0.410796
vt 0.336026 0.430031
vt 0.343578 0.449731
vt 0.333480 0.387606
vt 0.315565 0.393989
vt 0.323492 0.377577
vt 0.304559 0.380907
vt 0.314619 0.370232
vt 0.294897 0.371122
vt 0.307378 0.364761
vt 0.287108 0.363889
vt 0.301779 0.360722
vt 0.281262 0.358732
vt 0.297789 0.357913
vt 0.277285 0.355315
vt 0.295393 0.356240
vt 0.275033 0.353380
vt 0.294537 0.355754
vt 0.296325 0.348014
vt 0.275993 0.345571
vt 0.274259 0.352693
vt 0.299043 0.346302
vt 0.278695 0.343330
vt 0.303645 0.344281
vt 0.283376 0.340317
vt 0.310310 0.341774
vt 0.290278 0.336283
vt 0.319331 0.338438
vt 0.299697 0.330896
vt 0.331003 0.333526
vt 0.311942 0.323458
vt 0.344974 0.325600
vt 0.326783 0.312657
vt 0.359134 0.313492
vt 0.342515 0.297309
vt 0.372034 0.298899
vt 0.357292 0.278513
vt 0.382080 0.283487
vt 0.369581 0.258446
vt 0.390057 0.269287
vt 0.379920 0.239189
vt 0.396749 0.257085
vt 0.388896 0.221880
vt 0.402469 0.247196
vt 0.396637 0.207302
vt 0.407316 0.239877
vt 0.403091 0.196169
vt 0.411351 0.235403
vt 0.408379 0.189023
vt 0.430142 0.234687
vt 0.372368 0.475785
vt 0.372844 0.477271
vt 0.364053 0.515998
vt 0.364731 0.518225
vt 0.370928 0.471411
vt 0.362102 0.509457
vt 0.368651 0.464351
vt 0.358992 0.498948
vt 0.365586 0.454885
vt 0.354831 0.485026
vt 0.361756 0.443315
vt 0.349710 0.468371
vt 0.323621 0.468597
vt 0.330199 0.492110
vt 0.335731 0.513633
vt 0.315725 0.444480
vt 0.290864 0.457241
vt 0.297677 0.485094
vt 0.303410 0.512821
vt 0.306217 0.421484
vt 0.282901 0.431116
vt 0.295772 0.401537
vt 0.274295 0.408486
vt 0.285491 0.385623
vt 0.266003 0.390156
vt 0.276578 0.373520
vt 0.258890 0.376037
vt 0.269550 0.364597
vt 0.253323 0.365537
vt 0.264411 0.358251
vt 0.249263 0.357992
vt 0.260937 0.353974
vt 0.246531 0.352894
vt 0.258913 0.351457
vt 0.244965 0.349940
vt 0.258257 0.350606
vt 0.259751 0.344019
vt 0.245707 0.342746
vt 0.244459 0.348943
vt 0.262255 0.341209
vt 0.247824 0.339458
vt 0.266575 0.337159
vt 0.251477 0.334493
vt 0.272990 0.331525
vt 0.256932 0.327418
vt 0.281862 0.323884
vt 0.264517 0.317728
vt 0.293455 0.313564
vt 0.274468 0.304740
vt 0.307525 0.299523
vt 0.286596 0.287635
vt 0.322795 0.280931
vt 0.300002 0.265906
vt 0.337637 0.258453
vt 0.313356 0.240050
vt 0.350769 0.234115
vt 0.325690 0.211846
vt 0.362257 0.209980
vt 0.336756 0.183341
vt 0.372327 0.187623
vt 0.346499 0.156461
vt 0.380955 0.168356
vt 0.354810 0.132929
vt 0.388074 0.153278
vt 0.361610 0.114205
vt 0.393882 0.143155
vt 0.428569 0.183346
vt 0.367106 0.101260
vt 0.413992 0.131347
vt 0.345738 0.554736
vt 0.346492 0.557759
vt 0.316788 0.589060
vt 0.317439 0.592832
vt 0.343612 0.545930
vt 0.314974 0.578150
vt 0.340237 0.531938
vt 0.312085 0.560935
vt 0.308206 0.538655
vt 0.270343 0.528468
vt 0.273313 0.557641
vt 0.275640 0.583020
vt 0.266691 0.497523
vt 0.232164 0.504418
vt 0.232845 0.537282
vt 0.233217 0.568465
vt 0.262269 0.466853
vt 0.231068 0.472118
vt 0.257072 0.438383
vt 0.229479 0.442351
vt 0.251382 0.413677
vt 0.227452 0.416343
vt 0.245955 0.393503
vt 0.225464 0.395057
vt 0.241313 0.377819
vt 0.223723 0.378453
vt 0.237681 0.366078
vt 0.222349 0.366002
vt 0.235043 0.357633
vt 0.221352 0.357058
vt 0.233281 0.351959
vt 0.220690 0.351065
vt 0.232274 0.348687
vt 0.220313 0.347618
vt 0.231951 0.347586
vt 0.232963 0.341618
vt 0.220954 0.340602
vt 0.220192 0.346459
vt 0.234563 0.337945
vt 0.221942 0.336658
vt 0.237308 0.332249
vt 0.223610 0.330458
vt 0.241419 0.324022
vt 0.226107 0.321445
vt 0.247154 0.312683
vt 0.229596 0.308983
vt 0.254702 0.297532
vt 0.234209 0.292346
vt 0.263968 0.277882
vt 0.239936 0.270895
vt 0.274403 0.253450
vt 0.246564 0.244458
vt 0.284960 0.224778
vt 0.253359 0.213890
vt 0.295012 0.193419
vt 0.260033 0.180409
vt 0.304217 0.161418
vt 0.266326 0.146080
vt 0.312378 0.130937
vt 0.271998 0.113241
vt 0.319317 0.104028
vt 0.276841 0.084169
vt 0.324929 0.082442
vt 0.280715 0.060798
vt 0.329378 0.067269
vt 0.384898 0.083330
vt 0.283668 0.044264
vt 0.342815 0.044398
vt 0.278365 0.615295
vt 0.278745 0.619652
vt 0.233391 0.630412
vt 0.233395 0.635110
vt 0.277326 0.602744
vt 0.233405 0.616906
vt 0.233375 0.595699
vt 0.190819 0.569883
vt 0.188603 0.597593
vt 0.186878 0.619162
vt 0.193355 0.538184
vt 0.149186 0.561744
vt 0.144701 0.588607
vt 0.196021 0.504854
vt 0.154510 0.531017
vt 0.198629 0.472247
vt 0.160406 0.498678
vt 0.201004 0.442548
vt 0.166622 0.466964
vt 0.179057 0.412472
vt 0.172922 0.437827
vt 0.203125 0.416033
vt 0.184404 0.391772
vt 0.204846 0.394517
vt 0.188761 0.375657
vt 0.206186 0.377752
vt 0.192097 0.363582
vt 0.207191 0.365186
vt 0.194502 0.354911
vt 0.207913 0.356171
vt 0.196109 0.349099
vt 0.208395 0.350139
vt 0.197029 0.345755
vt 0.208672 0.346672
vt 0.197333 0.344631
vt 0.209231 0.339691
vt 0.208767 0.345487
vt 0.209559 0.335588
vt 0.197512 0.338727
vt 0.210074 0.329148
vt 0.197163 0.334676
vt 0.210824 0.319769
vt 0.196501 0.328289
vt 0.211863 0.306784
vt 0.195469 0.318995
vt 0.213249 0.289449
vt 0.194005 0.306136
vt 0.215036 0.267111
vt 0.192095 0.288978
vt 0.217250 0.239420
vt 0.189850 0.266889
vt 0.185659 0.208476
vt 0.187509 0.239734
vt 0.219740 0.208288
vt 0.184392 0.174359
vt 0.222490 0.173912
vt 0.183635 0.139466
vt 0.225314 0.138598
vt 0.183254 0.106144
vt 0.228018 0.104790
vt 0.183094 0.076671
vt 0.230413 0.074848
vt 0.182984 0.052982
vt 0.232339 0.050769
vt 0.182697 0.036188
vt 0.233712 0.033609
vt 0.291480 0.018419
vt 0.179092 0.009430
vt 0.185780 0.632889
vt 0.185398 0.637665
vt 0.138418 0.627513
vt 0.139168 0.622875
vt 0.141301 0.609539
vt 0.100190 0.588577
vt 0.097168 0.600802
vt 0.104989 0.569371
vt 0.072518 0.541774
vt 0.111321 0.544685
vt 0.066929 0.558311
vt 0.079888 0.520394
vt 0.118890 0.516354
vt 0.088731 0.495650
vt 0.127414 0.486383
vt 0.098798 0.469187
vt 0.136654 0.456806
vt 0.109951 0.442771
vt 0.146310 0.429524
vt 0.155855 0.406037
vt 0.134059 0.397269
vt 0.121965 0.418244
vt 0.164420 0.386981
vt 0.145158 0.380491
vt 0.171496 0.372235
vt 0.154425 0.367681
vt 0.176948 0.361220
vt 0.161591 0.358200
vt 0.180894 0.353302
vt 0.166798 0.351396
vt 0.183536 0.347980
vt 0.170305 0.346798
vt 0.185050 0.344910
vt 0.172322 0.344130
vt 0.185544 0.343875
vt 0.172980 0.343226
vt 0.185494 0.337822
vt 0.172732 0.336909
vt 0.184498 0.333941
vt 0.171165 0.333327
vt 0.182693 0.327881
vt 0.168348 0.327845
vt 0.179942 0.319105
vt 0.164087 0.319992
vt 0.176082 0.306998
vt 0.158138 0.309219
vt 0.171038 0.290841
vt 0.150378 0.294815
vt 0.165013 0.269968
vt 0.141123 0.275999
vt 0.158595 0.244187
vt 0.152729 0.214202
vt 0.122267 0.224766
vt 0.131341 0.252416
vt 0.147789 0.181644
vt 0.114572 0.194960
vt 0.143788 0.148586
vt 0.108178 0.165059
vt 0.140576 0.117196
vt 0.102831 0.136972
vt 0.138002 0.089526
vt 0.098366 0.112418
vt 0.135892 0.067322
vt 0.094629 0.092851
vt 0.133911 0.051636
vt 0.091260 0.079198
vt 0.124280 0.026919
vt 0.076544 0.058668
vt 0.096101 0.605044
vt 0.062162 0.572414
vt 0.063404 0.568794
vt 0.040278 0.530305
vt 0.039053 0.533170
vt 0.043776 0.521949
vt 0.031319 0.483000
vt 0.049333 0.508671
vt 0.028353 0.489148
vt 0.036059 0.473119
vt 0.056691 0.491315
vt 0.042381 0.460036
vt 0.065573 0.470944
vt 0.050084 0.444406
vt 0.075805 0.448776
vt 0.059101 0.426978
vt 0.087434 0.426221
vt 0.069688 0.408729
vt 0.100477 0.405029
vt 0.095618 0.376397
vt 0.082218 0.391264
vt 0.113960 0.386995
vt 0.126639 0.372918
vt 0.108563 0.365231
vt 0.137363 0.362385
vt 0.119658 0.357106
vt 0.145719 0.354693
vt 0.128498 0.351203
vt 0.151802 0.349244
vt 0.135089 0.347041
vt 0.155911 0.345574
vt 0.139558 0.344299
vt 0.158309 0.343411
vt 0.142089 0.342747
vt 0.159093 0.342675
vt 0.142962 0.342192
vt 0.158664 0.335934
vt 0.142383 0.334885
vt 0.156639 0.332762
vt 0.140071 0.332243
vt 0.153018 0.328076
vt 0.135928 0.328524
vt 0.147580 0.321495
vt 0.129756 0.323444
vt 0.140035 0.312540
vt 0.121312 0.316628
vt 0.130230 0.300509
vt 0.110405 0.307339
vt 0.118570 0.284410
vt 0.097470 0.294316
vt 0.106450 0.263627
vt 0.095369 0.239076
vt 0.072775 0.255757
vt 0.084377 0.276663
vt 0.086273 0.212961
vt 0.063833 0.233992
vt 0.078766 0.187306
vt 0.056685 0.213337
vt 0.072378 0.163633
vt 0.050575 0.194821
vt 0.066923 0.143239
vt 0.045249 0.179198
vt 0.062291 0.127221
vt 0.040647 0.167180
vt 0.058165 0.116304
vt 0.036563 0.159284
vt 0.040188 0.101450
vt 0.017531 0.150470
vt 0.027329 0.491239
vt 0.025830 0.449516
vt 0.007818 0.200909
vt 0.026256 0.204602
vt 0.026536 0.448125
vt 0.033317 0.407638
vt 0.028652 0.444035
vt 0.032935 0.408349
vt 0.034422 0.405515
vt 0.032023 0.437427
vt 0.036208 0.402022
vt 0.036553 0.428568
vt 0.038668 0.397231
vt 0.042173 0.417754
vt 0.041845 0.391236
vt 0.048932 0.405311
vt 0.045934 0.384229
vt 0.057207 0.391819
vt 0.051250 0.376762
vt 0.067561 0.378688
vt 0.078945 0.367248
vt 0.064029 0.362724
vt 0.057506 0.369587
vt 0.090400 0.358934
vt 0.070962 0.356989
vt 0.100328 0.353093
vt 0.077478 0.352889
vt 0.108346 0.348843
vt 0.082855 0.350057
vt 0.114516 0.345745
vt 0.086928 0.348082
vt 0.118902 0.343605
vt 0.089746 0.346760
vt 0.121533 0.342335
vt 0.091390 0.345986
vt 0.122455 0.341991
vt 0.090546 0.334261
vt 0.121921 0.334065
vt 0.089986 0.333163
vt 0.119510 0.331943
vt 0.088155 0.331692
vt 0.115286 0.329216
vt 0.084929 0.329818
vt 0.109105 0.325681
vt 0.080156 0.327314
vt 0.100729 0.320954
vt 0.073714 0.323773
vt 0.089986 0.314249
vt 0.065829 0.318478
vt 0.077453 0.304203
vt 0.057549 0.310834
vt 0.065397 0.289999
vt 0.054981 0.273540
vt 0.043113 0.291957
vt 0.050170 0.301561
vt 0.047512 0.256728
vt 0.037534 0.281905
vt 0.041894 0.241441
vt 0.033626 0.272644
vt 0.037226 0.228330
vt 0.030727 0.264889
vt 0.033150 0.217657
vt 0.028360 0.258805
vt 0.029529 0.209661
vt 0.026325 0.254426
vt 0.024512 0.251779
vt 0.007187 0.250823
vt 0.010783 0.300723
vt 0.007187 0.301022
vt 0.053816 0.366373
vt 0.053980 0.366233
vt 0.053752 0.364969
vt 0.054158 0.362250
vt 0.055876 0.359644
vt 0.058080 0.357856
vt 0.060077 0.356597
vt 0.061520 0.355502
vt 0.054839 0.350969
vt 0.055467 0.342039
vt 0.053488 0.340448
vt 0.050399 0.338983
vt 0.046176 0.337516
vt 0.040797 0.335494
vt 0.034729 0.331837
vt 0.029530 0.326274
vt 0.026751 0.320863
vt 0.025269 0.319211
vt 0.021048 0.316004
vt 0.017370 0.311515
vt 0.015211 0.307428
vt 0.013842 0.304395
vt 0.012479 0.302236
vt 0.046225 0.368722
vt 0.047425 0.368816
vt 0.048076 0.368567
vt 0.048620 0.367970
vt 0.049444 0.367142
vt 0.050886 0.366345
vt 0.052774 0.366156
vt 0.372019 0.670988
vt 0.353069 0.686541
vt 0.337517 0.667590
vt 0.304837 0.702738
vt 0.299843 0.703731
vt 0.297298 0.677885
vt 0.309540 0.700789
vt 0.313774 0.697961
vt 0.317374 0.694361
vt 0.320202 0.690127
vt 0.322151 0.685424
vt 0.323144 0.680430
vt 0.323144 0.675339
vt 0.322151 0.670345
vt 0.320202 0.665642
vt 0.317374 0.661408
vt 0.313774 0.657808
vt 0.309540 0.654980
vt 0.304837 0.653031
vt 0.299843 0.652038
vt 0.294752 0.652038
vt 0.289758 0.653031
vt 0.285055 0.654980
vt 0.280821 0.657808
vt 0.277221 0.661408
vt 0.274393 0.665642
vt 0.272444 0.670345
vt 0.271451 0.675339
vt 0.271451 0.680430
vt 0.272444 0.685424
vt 0.274393 0.690127
vt 0.277221 0.694361
vt 0.280821 0.697961
vt 0.285055 0.700789
vt 0.289758 0.702738
vt 0.294752 0.703731
vt 0.356467 0.735416
vt 0.337517 0.719864
vt 0.353069 0.700914
vt 0.053109 0.661408
vt 0.055938 0.665642
vt 0.033033 0.677885
vt 0.049509 0.657808
vt 0.045276 0.654980
vt 0.040572 0.653031
vt 0.035579 0.652038
vt 0.030487 0.652038
vt 0.025494 0.653031
vt 0.020790 0.654980
vt 0.016557 0.657808
vt 0.012957 0.661408
vt 0.010128 0.665642
vt 0.008180 0.670345
vt 0.007187 0.675339
vt 0.007187 0.680430
vt 0.008180 0.685424
vt 0.010128 0.690127
vt 0.012957 0.694361
vt 0.016557 0.697961
vt 0.020790 0.700789
vt 0.025494 0.702738
vt 0.030487 0.703731
vt 0.035579 0.703731
vt 0.040572 0.702738
vt 0.045276 0.700789
vt 0.049509 0.697961
vt 0.053109 0.694361
vt 0.055938 0.690127
vt 0.057886 0.685424
vt 0.058880 0.680430
vt 0.058880 0.675339
vt 0.057886 0.670345
vt 0.711505 0.039726
vt 0.704389 0.016266
vt 0.727848 0.009150
vt 0.096554 0.703731
vt 0.091560 0.702738
vt 0.099099 0.677885
vt 0.101645 0.703731
vt 0.106638 0.702738
vt 0.111342 0.700789
vt 0.115575 0.697961
vt 0.119176 0.694361
vt 0.122004 0.690127
vt 0.123952 0.685424
vt 0.124946 0.680430
vt 0.124946 0.675339
vt 0.123952 0.670345
vt 0.122004 0.665642
vt 0.119176 0.661408
vt 0.115575 0.657808
vt 0.111342 0.654980
vt 0.106638 0.653031
vt 0.101645 0.652038
vt 0.096553 0.652038
vt 0.091560 0.653031
vt 0.086856 0.654980
vt 0.082623 0.657808
vt 0.079023 0.661408
vt 0.076194 0.665642
vt 0.074246 0.670345
vt 0.073253 0.675339
vt 0.073253 0.680430
vt 0.074246 0.685424
vt 0.076194 0.690127
vt 0.079023 0.694361
vt 0.082623 0.697961
vt 0.086856 0.700789
vt 0.390244 0.729162
vt 0.386393 0.716466
vt 0.405343 0.700914
vt 0.218988 0.700789
vt 0.214755 0.697961
vt 0.231231 0.677885
vt 0.223692 0.702738
vt 0.228686 0.703731
vt 0.233777 0.703731
vt 0.238771 0.702738
vt 0.243474 0.700789
vt 0.247708 0.697961
vt 0.251308 0.694361
vt 0.254136 0.690127
vt 0.256085 0.685424
vt 0.257078 0.680430
vt 0.257078 0.675339
vt 0.256085 0.670345
vt 0.254136 0.665642
vt 0.251308 0.661408
vt 0.247708 0.657808
vt 0.243474 0.654980
vt 0.238771 0.653031
vt 0.233777 0.652038
vt 0.228686 0.652038
vt 0.223692 0.653031
vt 0.218988 0.654980
vt 0.214755 0.657808
vt 0.211155 0.661408
vt 0.208327 0.665642
vt 0.206378 0.670345
vt 0.205385 0.675339
vt 0.205385 0.680430
vt 0.206378 0.685424
vt 0.208326 0.690127
vt 0.211155 0.694361
vt 0.420895 0.670988
vt 0.401945 0.686541
vt 0.386393 0.667590
vt 0.145089 0.661408
vt 0.148689 0.657808
vt 0.165165 0.677885
vt 0.142260 0.665642
vt 0.140312 0.670345
vt 0.139319 0.675339
vt 0.139319 0.680430
vt 0.140312 0.685424
vt 0.142260 0.690127
vt 0.145089 0.694361
vt 0.148689 0.697961
vt 0.152922 0.700789
vt 0.157626 0.702738
vt 0.162620 0.703731
vt 0.167711 0.703731
vt 0.172704 0.702738
vt 0.177408 0.700789
vt 0.181641 0.697961
vt 0.185242 0.694361
vt 0.188070 0.690127
vt 0.190019 0.685424
vt 0.191012 0.680430
vt 0.191012 0.675339
vt 0.190019 0.670345
vt 0.188070 0.665642
vt 0.185242 0.661408
vt 0.181641 0.657808
vt 0.177408 0.654980
vt 0.172704 0.653031
vt 0.167711 0.652038
vt 0.162620 0.652038
vt 0.157626 0.653031
vt 0.152922 0.654980
vt 0.635319 0.509445
vt 0.636028 0.602648
vt 0.638574 0.676072
vt 0.646831 0.785324
vt 0.672348 0.910462
vt 0.688052 0.051659
vt 0.663073 0.127001
vt 0.649064 0.224696
vt 0.642932 0.282630
vt 0.638879 0.339303
vt 0.637090 0.377002
vt 0.636213 0.414544
vt 0.235825 0.007187
vt 0.338180 0.664257
vt 0.343771 0.655889
vt 0.339480 0.661118
vt 0.341368 0.658292
vt 0.346597 0.654001
vt 0.349736 0.652701
vt 0.353069 0.652038
vt 0.356467 0.652038
vt 0.359800 0.652701
vt 0.368168 0.658292
vt 0.362940 0.654001
vt 0.365765 0.655889
vt 0.370056 0.661118
vt 0.371357 0.664257
vt 0.372019 0.667590
vt 0.371357 0.674321
vt 0.370056 0.677461
vt 0.368168 0.680286
vt 0.365765 0.682689
vt 0.362940 0.684577
vt 0.359800 0.685878
vt 0.356467 0.686541
vt 0.349736 0.685878
vt 0.346597 0.684577
vt 0.343771 0.682689
vt 0.341368 0.680286
vt 0.339480 0.677461
vt 0.338180 0.674321
vt 0.337517 0.670988
vt 0.353069 0.735416
vt 0.343771 0.731565
vt 0.349736 0.734753
vt 0.346597 0.733453
vt 0.341368 0.729162
vt 0.339480 0.726336
vt 0.338180 0.723197
vt 0.337517 0.716466
vt 0.338180 0.713133
vt 0.339480 0.709993
vt 0.341368 0.707168
vt 0.343771 0.704765
vt 0.346597 0.702877
vt 0.349736 0.701577
vt 0.356467 0.700914
vt 0.365765 0.704765
vt 0.359800 0.701577
vt 0.362940 0.702877
vt 0.368168 0.707168
vt 0.372019 0.716466
vt 0.370056 0.709993
vt 0.371357 0.713133
vt 0.372019 0.719864
vt 0.368168 0.729162
vt 0.371357 0.723197
vt 0.370056 0.726336
vt 0.365765 0.731565
vt 0.362940 0.733453
vt 0.359800 0.734753
vt 0.708680 0.037838
vt 0.703089 0.029470
vt 0.706277 0.035435
vt 0.704389 0.032609
vt 0.702426 0.026137
vt 0.702426 0.022739
vt 0.703089 0.019406
vt 0.706277 0.013441
vt 0.708680 0.011038
vt 0.711505 0.009150
vt 0.714645 0.007849
vt 0.717978 0.007187
vt 0.721376 0.007187
vt 0.724709 0.007849
vt 0.730674 0.011038
vt 0.733077 0.013441
vt 0.734965 0.016266
vt 0.736265 0.019406
vt 0.736928 0.022739
vt 0.734965 0.032609
vt 0.736928 0.026137
vt 0.736265 0.029470
vt 0.733077 0.035435
vt 0.730674 0.037838
vt 0.727848 0.039726
vt 0.724709 0.041026
vt 0.721376 0.041689
vt 0.717978 0.041689
vt 0.714645 0.041026
vt 0.408676 0.701577
vt 0.411815 0.702877
vt 0.414641 0.704765
vt 0.417044 0.707168
vt 0.418932 0.709993
vt 0.420895 0.719864
vt 0.420232 0.713133
vt 0.420895 0.716466
vt 0.420232 0.723197
vt 0.414641 0.731565
vt 0.418932 0.726336
vt 0.417044 0.729162
vt 0.411815 0.733453
vt 0.408676 0.734753
vt 0.405343 0.735416
vt 0.401945 0.735416
vt 0.398612 0.734753
vt 0.395472 0.733453
vt 0.392647 0.731565
vt 0.388356 0.726336
vt 0.387056 0.723197
vt 0.386393 0.719864
vt 0.387056 0.713133
vt 0.388356 0.709993
vt 0.390244 0.707168
vt 0.392647 0.704765
vt 0.395472 0.702877
vt 0.398612 0.701577
vt 0.401945 0.700914
vt 0.387056 0.664257
vt 0.388356 0.661118
vt 0.390244 0.658292
vt 0.392647 0.655889
vt 0.395472 0.654001
vt 0.398612 0.652701
vt 0.401945 0.652038
vt 0.405343 0.652038
vt 0.408676 0.652701
vt 0.411815 0.654001
vt 0.414641 0.655889
vt 0.417044 0.658292
vt 0.418932 0.661118
vt 0.420232 0.664257
vt 0.420895 0.667590
vt 0.420232 0.674321
vt 0.414641 0.682689
vt 0.418932 0.677461
vt 0.417044 0.680286
vt 0.411815 0.684577
vt 0.408676 0.685878
vt 0.405343 0.686541
vt 0.398612 0.685878
vt 0.395472 0.684577
vt 0.392647 0.682689
vt 0.390244 0.680286
vt 0.388356 0.677461
vt 0.387056 0.674321
vt 0.386393 0.670988
s 0
usemtl マテリアル.001
f 1/1/1 14/2/1 13/3/1
f 2/4/2 15/5/2 14/2/2
f 3/6/3 16/7/3 15/5/3
f 4/8/4 17/9/4 16/7/4
f 6/10/5 17/9/5 5/11/5
f 6/10/6 19/12/6 18/13/6
f 8/14/7 19/15/7 7/16/7
f 9/17/8 20/18/8 8/14/8
f 10/19/9 21/20/9 9/17/9
f 11/21/10 22/22/10 10/19/10
f 12/23/11 23/24/11 11/21/11
f 1/1/12 24/25/12 12/23/12
f 13/3/13 26/26/13 25/27/13
f 15/5/14 26/26/14 14/2/14
f 15/5/15 28/28/15 27/29/15
f 17/9/16 28/28/16 16/7/16
f 18/13/17 29/30/17 17/9/17
f 18/13/18 31/31/18 30/32/18
f 20/18/19 31/33/19 19/15/19
f 20/18/20 33/34/20 32/35/20
f 21/20/21 34/36/21 33/34/21
f 22/22/22 35/37/22 34/36/22
f 23/24/23 36/38/23 35/37/23
f 13/3/24 36/38/24 24/25/24
f 25/27/25 38/39/25 37/40/25
f 27/29/26 38/39/26 26/26/26
f 28/28/27 39/41/27 27/29/27
f 29/30/28 40/42/28 28/28/28
f 29/30/29 42/43/29 41/44/29
f 30/32/30 43/45/30 42/43/30
f 32/35/31 43/46/31 31/33/31
f 33/34/32 44/47/32 32/35/32
f 34/36/33 45/48/33 33/34/33
f 34/36/34 47/49/34 46/50/34
f 36/38/35 47/49/35 35/37/35
f 25/27/36 48/51/36 36/38/36
f 37/40/37 50/52/37 49/53/37
f 39/41/38 50/52/38 38/39/38
f 39/41/39 52/54/39 51/55/39
f 41/44/40 52/54/40 40/42/40
f 42/43/41 53/56/41 41/44/41
f 43/45/42 54/57/42 42/43/42
f 44/47/43 55/58/43 43/46/43
f 44/47/44 57/59/44 56/60/44
f 45/48/45 58/61/45 57/59/45
f 47/49/46 58/61/46 46/50/46
f 47/49/47 60/62/47 59/63/47
f 37/40/48 60/62/48 48/51/48
f 50/52/49 61/64/49 49/53/49
f 50/52/50 63/65/50 62/66/50
f 52/54/51 63/65/51 51/55/51
f 52/54/52 65/67/52 64/68/52
f 53/56/53 66/69/53 65/67/53
f 55/70/54 66/69/54 54/57/54
f 55/58/55 68/71/55 67/72/55
f 57/59/56 68/71/56 56/60/56
f 58/61/57 69/73/57 57/59/57
f 58/61/58 71/74/58 70/75/58
f 60/62/59 71/74/59 59/63/59
f 60/62/60 61/64/60 72/76/60
f 62/66/61 73/77/61 61/64/61
f 62/66/62 75/78/62 74/79/62
f 64/68/63 75/78/63 63/65/63
f 64/68/64 77/80/64 76/81/64
f 66/69/65 77/80/65 65/67/65
f 66/69/66 79/82/66 78/83/66
f 68/71/67 79/84/67 67/72/67
f 68/71/68 81/85/68 80/86/68
f 70/75/69 81/85/69 69/73/69
f 70/75/70 83/87/70 82/88/70
f 72/76/71 83/87/71 71/74/71
f 72/76/72 73/77/72 84/89/72
f 74/79/73 85/90/73 73/77/73
f 74/79/74 87/91/74 86/92/74
f 76/81/75 87/91/75 75/78/75
f 77/80/76 88/93/76 76/81/76
f 78/83/77 89/94/77 77/80/77
f 78/83/78 91/95/78 90/96/78
f 80/86/79 91/97/79 79/84/79
f 80/86/80 93/98/80 92/99/80
f 81/85/81 94/100/81 93/98/81
f 82/88/82 95/101/82 94/100/82
f 84/89/83 95/101/83 83/87/83
f 84/89/84 85/90/84 96/102/84
f 85/90/85 98/103/85 97/104/85
f 86/92/86 99/105/86 98/103/86
f 88/93/87 99/105/87 87/91/87
f 88/93/88 101/106/88 100/107/88
f 89/94/89 102/108/89 101/106/89
f 90/96/90 103/109/90 102/108/90
f 92/99/91 103/110/91 91/97/91
f 93/98/92 104/111/92 92/99/92
f 94/100/93 105/112/93 93/98/93
f 94/100/94 107/113/94 106/114/94
f 96/102/95 107/113/95 95/101/95
f 85/90/96 108/115/96 96/102/96
f 97/104/97 110/116/97 109/117/97
f 98/103/98 111/118/98 110/116/98
f 99/105/99 112/119/99 111/118/99
f 101/106/100 112/119/100 100/107/100
f 102/108/101 113/120/101 101/106/101
f 103/109/102 114/121/102 102/108/102
f 103/110/103 116/122/103 115/123/103
f 104/111/104 117/124/104 116/122/104
f 105/112/105 118/125/105 117/124/105
f 107/113/106 118/125/106 106/114/106
f 108/115/107 119/126/107 107/113/107
f 97/104/108 120/127/108 108/115/108
f 110/116/109 121/128/109 109/117/109
f 111/118/110 122/129/110 110/116/110
f 111/118/111 124/130/111 123/131/111
f 112/119/112 125/132/112 124/130/112
f 114/121/113 125/132/113 113/120/113
f 114/121/114 127/133/114 126/134/114
f 116/122/115 127/135/115 115/123/115
f 116/122/116 129/136/116 128/137/116
f 118/125/117 129/136/117 117/124/117
f 119/126/118 130/138/118 118/125/118
f 119/126/119 132/139/119 131/140/119
f 120/127/120 121/128/120 132/139/120
f 122/129/121 133/141/121 121/128/121
f 123/131/122 134/142/122 122/129/122
f 124/130/123 135/143/123 123/131/123
f 125/132/124 136/144/124 124/130/124
f 126/134/125 137/145/125 125/132/125
f 127/133/126 138/146/126 126/134/126
f 128/137/127 139/147/127 127/135/127
f 129/136/128 140/148/128 128/137/128
f 129/136/129 142/149/129 141/150/129
f 130/138/130 143/151/130 142/149/130
f 131/140/131 144/152/131 143/151/131
f 132/139/132 133/141/132 144/152/132
f 134/142/133 145/153/133 133/141/133
f 135/143/134 146/154/134 134/142/134
f 136/144/135 147/155/135 135/143/135
f 136/144/136 149/156/136 148/157/136
f 137/145/137 150/158/137 149/156/137
f 139/159/138 150/158/138 138/146/138
f 140/148/139 151/160/139 139/147/139
f 141/150/140 152/161/140 140/148/140
f 142/149/141 153/162/141 141/150/141
f 142/149/142 155/163/142 154/164/142
f 143/151/143 156/165/143 155/163/143
f 133/141/144 156/165/144 144/152/144
f 146/154/145 157/166/145 145/153/145
f 147/155/146 158/167/146 146/154/146
f 148/157/147 159/168/147 147/155/147
f 149/156/148 160/169/148 148/157/148
f 149/156/149 162/170/149 161/171/149
f 151/172/150 162/170/150 150/158/150
f 151/160/151 164/173/151 163/174/151
f 153/162/152 164/173/152 152/161/152
f 153/162/153 166/175/153 165/176/153
f 154/164/154 167/177/154 166/175/154
f 155/163/155 168/178/155 167/177/155
f 156/165/156 157/166/156 168/178/156
f 157/166/157 170/179/157 169/180/157
f 158/167/158 171/181/158 170/179/158
f 159/168/159 172/182/159 171/181/159
f 160/169/160 173/183/160 172/182/160
f 161/171/161 174/184/161 173/183/161
f 163/185/162 174/184/162 162/170/162
f 164/173/163 175/186/163 163/174/163
f 165/176/164 176/187/164 164/173/164
f 166/175/165 177/188/165 165/176/165
f 167/177/166 178/189/166 166/175/166
f 168/178/167 179/190/167 167/177/167
f 157/166/168 180/191/168 168/178/168
f 169/180/169 182/192/169 181/193/169
f 171/181/170 182/192/170 170/179/170
f 172/182/171 183/194/171 171/181/171
f 172/182/172 185/195/172 184/196/172
f 174/184/173 185/195/173 173/183/173
f 175/197/174 186/198/174 174/184/174
f 175/186/175 188/199/175 187/200/175
f 176/187/176 189/201/176 188/199/176
f 178/189/177 189/201/177 177/188/177
f 178/189/178 191/202/178 190/203/178
f 179/190/179 192/204/179 191/202/179
f 169/180/180 192/204/180 180/191/180
f 181/193/181 194/205/181 193/206/181
f 182/192/182 195/207/182 194/205/182
f 183/194/183 196/208/183 195/207/183
f 184/196/184 197/209/184 196/208/184
f 186/198/185 197/209/185 185/195/185
f 186/198/186 199/210/186 198/211/186
f 188/199/187 199/212/187 187/200/187
f 189/201/188 200/213/188 188/199/188
f 190/203/189 201/214/189 189/201/189
f 191/202/190 202/215/190 190/203/190
f 192/204/191 203/216/191 191/202/191
f 181/193/192 204/217/192 192/204/192
f 194/205/193 205/218/193 193/206/193
f 195/207/194 206/219/194 194/205/194
f 196/208/195 207/220/195 195/207/195
f 196/208/196 209/221/196 208/222/196
f 198/211/197 209/221/197 197/209/197
f 198/211/198 211/223/198 210/224/198
f 200/213/199 211/225/199 199/212/199
f 200/213/200 213/226/200 212/227/200
f 202/215/201 213/226/201 201/214/201
f 202/215/202 215/228/202 214/229/202
f 203/216/203 216/230/203 215/228/203
f 204/217/204 205/218/204 216/230/204
f 205/218/205 218/231/205 217/232/205
f 206/219/206 219/233/206 218/231/206
f 207/220/207 220/234/207 219/233/207
f 209/221/208 220/234/208 208/222/208
f 210/224/209 221/235/209 209/221/209
f 210/224/210 223/236/210 222/237/210
f 212/227/211 223/238/211 211/225/211
f 212/227/212 225/239/212 224/240/212
f 213/226/213 226/241/213 225/239/213
f 215/228/214 226/241/214 214/229/214
f 216/230/215 227/242/215 215/228/215
f 205/218/216 228/243/216 216/230/216
f 217/232/217 230/244/217 229/245/217
f 219/233/218 230/244/218 218/231/218
f 220/234/219 231/246/219 219/233/219
f 221/235/220 232/247/220 220/234/220
f 221/235/221 234/248/221 233/249/221
f 223/236/222 234/248/222 222/237/222
f 223/238/223 236/250/223 235/251/223
f 225/239/224 236/250/224 224/240/224
f 225/239/225 238/252/225 237/253/225
f 226/241/226 239/254/226 238/252/226
f 227/242/227 240/255/227 239/254/227
f 217/232/228 240/255/228 228/243/228
f 229/245/229 242/256/229 241/257/229
f 230/244/230 243/258/230 242/256/230
f 231/246/231 244/259/231 243/258/231
f 233/249/232 244/259/232 232/247/232
f 233/249/233 246/260/233 245/261/233
f 235/262/234 246/260/234 234/248/234
f 235/251/235 248/263/235 247/264/235
f 237/253/236 248/263/236 236/250/236
f 237/253/237 250/265/237 249/266/237
f 239/254/238 250/265/238 238/252/238
f 240/255/239 251/267/239 239/254/239
f 229/245/240 252/268/240 240/255/240
f 241/257/241 254/269/241 253/270/241
f 243/258/242 254/269/242 242/256/242
f 243/258/243 256/271/243 255/272/243
f 244/259/244 257/273/244 256/271/244
f 245/261/245 258/274/245 257/273/245
f 247/275/246 258/274/246 246/260/246
f 247/264/247 260/276/247 259/277/247
f 249/266/248 260/276/248 248/263/248
f 250/265/249 261/278/249 249/266/249
f 251/267/250 262/279/250 250/265/250
f 251/267/251 264/280/251 263/281/251
f 241/257/252 264/280/252 252/268/252
f 254/269/253 265/282/253 253/270/253
f 254/269/254 267/283/254 266/284/254
f 255/272/255 268/285/255 267/283/255
f 257/273/256 268/285/256 256/271/256
f 257/273/257 270/286/257 269/287/257
f 259/288/258 270/286/258 258/274/258
f 260/276/259 271/289/259 259/277/259
f 261/278/260 272/290/260 260/276/260
f 261/278/261 274/291/261 273/292/261
f 263/281/262 274/291/262 262/279/262
f 264/280/263 275/293/263 263/281/263
f 264/280/264 265/282/264 276/294/264
f 266/284/265 277/295/265 265/282/265
f 267/283/266 278/296/266 266/284/266
f 268/285/267 279/297/267 267/283/267
f 269/287/268 280/298/268 268/285/268
f 270/286/269 281/299/269 269/287/269
f 270/286/270 283/300/270 282/301/270
f 272/290/271 283/302/271 271/289/271
f 272/290/272 285/303/272 284/304/272
f 273/292/273 286/305/273 285/303/273
f 274/291/274 287/306/274 286/305/274
f 275/293/275 288/307/275 287/306/275
f 276/294/276 277/295/276 288/307/276
f 277/295/277 290/308/277 289/309/277
f 278/296/278 291/310/278 290/308/278
f 279/297/279 292/311/279 291/310/279
f 280/298/280 293/312/280 292/311/280
f 282/301/281 293/312/281 281/299/281
f 282/301/282 295/313/282 294/314/282
f 284/304/283 295/315/283 283/302/283
f 284/304/284 297/316/284 296/317/284
f 286/305/285 297/316/285 285/303/285
f 287/306/286 298/318/286 286/305/286
f 288/307/287 299/319/287 287/306/287
f 277/295/288 300/320/288 288/307/288
f 290/321/6 301/322/6 289/323/6
f 291/324/5 302/325/5 290/321/5
f 292/326/4 303/327/4 291/324/4
f 293/328/3 304/329/3 292/326/3
f 293/328/2 306/330/2 305/331/2
f 294/332/1 307/333/1 306/330/1
f 295/334/289 308/335/289 307/336/289
f 297/337/11 308/335/11 296/338/11
f 297/337/10 310/339/10 309/340/10
f 298/341/9 311/342/9 310/339/9
f 299/343/8 312/344/8 311/342/8
f 300/345/7 301/322/7 312/344/7
f 301/322/18 314/346/18 313/347/18
f 302/325/17 315/348/17 314/346/17
f 303/327/16 316/349/16 315/348/16
f 304/329/15 317/350/15 316/349/15
f 305/331/14 318/351/14 317/350/14
f 306/330/13 319/352/13 318/351/13
f 307/336/24 320/353/24 319/354/24
f 309/340/23 320/353/23 308/335/23
f 310/339/22 321/355/22 309/340/22
f 311/342/21 322/356/21 310/339/21
f 312/344/20 323/357/20 311/342/20
f 301/322/19 324/358/19 312/344/19
f 314/346/30 325/359/30 313/347/30
f 314/346/29 327/360/29 326/361/29
f 316/349/28 327/360/28 315/348/28
f 316/349/27 329/362/27 328/363/27
f 318/351/26 329/362/26 317/350/26
f 318/351/25 331/364/25 330/365/25
f 320/353/36 331/366/36 319/354/36
f 320/353/35 333/367/35 332/368/35
f 322/356/34 333/367/34 321/355/34
f 323/357/33 334/369/33 322/356/33
f 324/358/32 335/370/32 323/357/32
f 324/358/31 325/359/31 336/371/31
f 326/361/42 337/372/42 325/359/42
f 327/360/41 338/373/41 326/361/41
f 328/363/40 339/374/40 327/360/40
f 328/363/39 341/375/39 340/376/39
f 329/362/38 342/377/38 341/375/38
f 331/364/37 342/377/37 330/365/37
f 331/366/48 344/378/48 343/379/48
f 333/367/47 344/378/47 332/368/47
f 334/369/46 345/380/46 333/367/46
f 334/369/45 347/381/45 346/382/45
f 335/370/44 348/383/44 347/381/44
f 336/371/43 337/372/43 348/383/43
f 338/373/54 349/384/54 337/372/54
f 339/374/53 350/385/53 338/373/53
f 340/376/52 351/386/52 339/374/52
f 340/376/51 353/387/51 352/388/51
f 342/377/50 353/387/50 341/375/50
f 342/377/49 355/389/49 354/390/49
f 344/378/60 355/391/60 343/379/60
f 344/378/59 357/392/59 356/393/59
f 346/382/58 357/392/58 345/380/58
f 346/382/57 359/394/57 358/395/57
f 347/381/56 360/396/56 359/394/56
f 348/383/55 349/384/55 360/396/55
f 350/385/66 361/397/66 349/384/66
f 350/385/65 363/398/65 362/399/65
f 351/386/64 364/400/64 363/398/64
f 353/387/63 364/400/63 352/388/63
f 354/390/62 365/401/62 353/387/62
f 354/390/61 367/402/61 366/403/61
f 356/393/72 367/404/72 355/391/72
f 356/393/71 369/405/71 368/406/71
f 358/395/70 369/405/70 357/392/70
f 359/394/69 370/407/69 358/395/69
f 360/396/68 371/408/68 359/394/68
f 360/396/67 361/397/67 372/409/67
f 361/397/78 374/410/78 373/411/78
f 363/398/77 374/410/77 362/399/77
f 364/400/76 375/412/76 363/398/76
f 364/400/75 377/413/75 376/414/75
f 365/401/74 378/415/74 377/413/74
f 367/402/73 378/415/73 366/403/73
f 367/404/84 380/416/84 379/417/84
f 369/405/83 380/416/83 368/406/83
f 370/407/82 381/418/82 369/405/82
f 370/407/81 383/419/81 382/420/81
f 371/408/80 384/421/80 383/419/80
f 361/397/79 384/421/79 372/409/79
f 373/411/90 386/422/90 385/423/90
f 374/410/89 387/424/89 386/422/89
f 375/412/88 388/425/88 387/424/88
f 376/414/87 389/426/87 388/425/87
f 377/413/86 390/427/86 389/426/86
f 379/428/85 390/427/85 378/415/85
f 379/417/96 392/429/96 391/430/96
f 381/418/95 392/429/95 380/416/95
f 382/420/94 393/431/94 381/418/94
f 383/419/93 394/432/93 382/420/93
f 383/419/92 396/433/92 395/434/92
f 373/411/91 396/433/91 384/421/91
f 386/422/102 397/435/102 385/423/102
f 386/422/101 399/436/101 398/437/101
f 388/425/100 399/436/100 387/424/100
f 389/426/99 400/438/99 388/425/99
f 390/427/98 401/439/98 389/426/98
f 391/440/97 402/441/97 390/427/97
f 391/430/108 404/442/108 403/443/108
f 393/431/107 404/442/107 392/429/107
f 393/431/106 406/444/106 405/445/106
f 394/432/105 407/446/105 406/444/105
f 396/433/104 407/446/104 395/434/104
f 396/433/103 397/435/103 408/447/103
f 398/437/114 409/448/114 397/435/114
f 399/436/113 410/449/113 398/437/113
f 399/436/112 412/450/112 411/451/112
f 401/439/111 412/450/111 400/438/111
f 402/441/110 413/452/110 401/439/110
f 402/441/109 415/453/109 414/454/109
f 404/442/120 415/455/120 403/443/120
f 404/442/119 417/456/119 416/457/119
f 406/444/118 417/456/118 405/445/118
f 407/446/117 418/458/117 406/444/117
f 407/446/116 420/459/116 419/460/116
f 397/435/115 420/459/115 408/447/115
f 409/448/126 422/461/126 421/462/126
f 410/449/125 423/463/125 422/461/125
f 412/450/124 423/463/124 411/451/124
f 413/452/123 424/464/123 412/450/123
f 414/454/122 425/465/122 413/452/122
f 415/453/121 426/466/121 414/454/121
f 415/455/132 428/467/132 427/468/132
f 416/457/131 429/469/131 428/467/131
f 417/456/130 430/470/130 429/469/130
f 418/458/129 431/471/129 430/470/129
f 420/459/128 431/471/128 419/460/128
f 409/448/127 432/472/127 420/459/127
f 422/461/138 433/473/138 421/462/138
f 423/463/137 434/474/137 422/461/137
f 423/463/136 436/475/136 435/476/136
f 424/464/135 437/477/135 436/475/135
f 426/466/134 437/477/134 425/465/134
f 427/478/133 438/479/133 426/466/133
f 428/467/144 439/480/144 427/468/144
f 429/469/143 440/481/143 428/467/143
f 430/470/142 441/482/142 429/469/142
f 431/471/141 442/483/141 430/470/141
f 431/471/140 444/484/140 443/485/140
f 432/472/290 433/473/290 444/484/290
f 433/473/150 446/486/150 445/487/150
f 434/474/149 447/488/149 446/486/149
f 435/476/148 448/489/148 447/488/148
f 437/477/147 448/489/147 436/475/147
f 438/479/146 449/490/146 437/477/146
f 438/479/145 451/491/145 450/492/145
f 440/481/156 451/493/156 439/480/156
f 440/481/155 453/494/155 452/495/155
f 441/482/154 454/496/154 453/494/154
f 443/485/153 454/496/153 442/483/153
f 444/484/152 455/497/152 443/485/152
f 433/473/291 456/498/291 444/484/291
f 445/487/162 458/499/162 457/500/162
f 447/488/161 458/499/161 446/486/161
f 448/489/160 459/501/160 447/488/160
f 449/490/159 460/502/159 448/489/159
f 449/490/158 462/503/158 461/504/158
f 450/492/157 463/505/157 462/503/157
f 452/495/168 463/506/168 451/493/168
f 453/494/167 464/507/167 452/495/167
f 453/494/166 466/508/166 465/509/166
f 454/496/165 467/510/165 466/508/165
f 455/497/164 468/511/164 467/510/164
f 445/487/163 468/511/163 456/498/163
f 457/500/174 470/512/174 469/513/174
f 458/499/173 471/514/173 470/512/173
f 460/502/172 471/514/172 459/501/172
f 460/502/171 473/515/171 472/516/171
f 461/504/170 474/517/170 473/515/170
f 463/505/169 474/517/169 462/503/169
f 463/506/180 476/518/180 475/519/180
f 465/509/179 476/518/179 464/507/179
f 466/508/178 477/520/178 465/509/178
f 466/508/177 479/521/177 478/522/177
f 468/511/176 479/521/176 467/510/176
f 457/500/175 480/523/175 468/511/175
f 470/512/186 481/524/186 469/513/186
f 471/514/185 482/525/185 470/512/185
f 472/516/184 483/526/184 471/514/184
f 472/516/183 485/527/183 484/528/183
f 473/515/182 486/529/182 485/527/182
f 474/517/181 487/530/181 486/529/181
f 476/518/192 487/531/192 475/519/192
f 477/520/191 488/532/191 476/518/191
f 478/522/190 489/533/190 477/520/190
f 478/522/189 491/534/189 490/535/189
f 479/521/188 492/536/188 491/534/188
f 480/523/187 481/524/187 492/536/187
f 481/524/198 494/537/198 493/538/198
f 483/526/197 494/537/197 482/525/197
f 484/528/196 495/539/196 483/526/196
f 485/527/195 496/540/195 484/528/195
f 486/529/194 497/541/194 485/527/194
f 487/530/193 498/542/193 486/529/193
f 487/531/204 500/543/204 499/544/204
f 488/532/203 501/545/203 500/543/203
f 489/533/202 502/546/202 501/545/202
f 490/535/201 503/547/201 502/546/201
f 492/536/200 503/547/200 491/534/200
f 481/524/199 504/548/199 492/536/199
f 493/538/210 506/549/210 505/550/210
f 494/537/209 507/551/209 506/549/209
f 495/539/208 508/552/208 507/551/208
f 496/540/207 509/553/207 508/552/207
f 497/541/206 510/554/206 509/553/206
f 498/542/205 511/555/205 510/554/205
f 500/543/216 511/556/216 499/544/216
f 501/545/215 512/557/215 500/543/215
f 502/546/214 513/558/214 501/545/214
f 503/547/213 514/559/213 502/546/213
f 504/548/212 515/560/212 503/547/212
f 493/538/211 516/561/211 504/548/211
f 505/550/222 518/562/222 517/563/222
f 507/551/221 518/562/221 506/549/221
f 508/552/220 519/564/220 507/551/220
f 509/553/219 520/565/219 508/552/219
f 509/553/218 522/566/218 521/567/218
f 511/555/217 522/566/217 510/554/217
f 511/556/228 524/568/228 523/569/228
f 512/557/227 525/570/227 524/568/227
f 513/558/226 526/571/226 525/570/226
f 514/559/225 527/572/225 526/571/225
f 515/560/224 528/573/224 527/572/224
f 505/550/223 528/573/223 516/561/223
f 517/563/234 530/574/234 529/575/234
f 519/564/233 530/574/233 518/562/233
f 519/564/232 532/576/232 531/577/232
f 521/567/231 532/576/231 520/565/231
f 522/566/230 533/578/230 521/567/230
f 522/566/229 535/579/229 534/580/229
f 524/568/240 535/581/240 523/569/240
f 524/568/239 537/582/239 536/583/239
f 525/570/238 538/584/238 537/582/238
f 527/572/237 538/584/237 526/571/237
f 527/572/236 540/585/236 539/586/236
f 517/563/235 540/585/235 528/573/235
f 529/575/246 542/587/246 541/588/246
f 530/574/245 543/589/245 542/587/245
f 531/577/244 544/590/244 543/589/244
f 532/576/243 545/591/243 544/590/243
f 534/580/242 545/591/242 533/578/242
f 534/580/241 547/592/241 546/593/241
f 536/583/252 547/594/252 535/581/252
f 536/583/251 549/595/251 548/596/251
f 538/584/250 549/595/250 537/582/250
f 539/586/249 550/597/249 538/584/249
f 540/585/248 551/598/248 539/586/248
f 529/575/247 552/599/247 540/585/247
f 542/587/258 553/600/258 541/588/258
f 543/589/257 554/601/257 542/587/257
f 544/590/256 555/602/256 543/589/256
f 545/591/255 556/603/255 544/590/255
f 546/593/254 557/604/254 545/591/254
f 546/593/253 559/605/253 558/606/253
f 548/596/264 559/607/264 547/594/264
f 548/596/263 561/608/263 560/609/263
f 549/595/262 562/610/262 561/608/262
f 550/597/261 563/611/261 562/610/261
f 551/598/260 564/612/260 563/611/260
f 552/599/259 553/600/259 564/612/259
f 554/601/270 565/613/270 553/600/270
f 554/601/269 567/614/269 566/615/269
f 555/602/268 568/616/268 567/614/268
f 556/603/267 569/617/267 568/616/267
f 557/604/266 570/618/266 569/617/266
f 558/606/265 571/619/265 570/618/265
f 560/609/276 571/620/276 559/607/276
f 561/608/275 572/621/275 560/609/275
f 562/610/274 573/622/274 561/608/274
f 563/611/273 574/623/273 562/610/273
f 564/612/272 575/624/272 563/611/272
f 564/612/271 565/613/271 576/625/271
f 566/615/282 1/1/282 565/613/282
f 567/614/281 2/4/281 566/615/281
f 568/616/280 3/6/280 567/614/280
f 569/617/279 4/8/279 568/616/279
f 570/618/278 5/11/278 569/617/278
f 571/619/277 6/10/277 570/618/277
f 571/620/288 8/14/288 7/16/288
f 573/622/287 8/14/287 572/621/287
f 574/623/286 9/17/286 573/622/286
f 574/623/285 11/21/285 10/19/285
f 575/624/284 12/23/284 11/21/284
f 576/625/292 1/1/292 12/23/292
f 609/626/293 578/627/293 577/628/293
f 578/627/294 579/629/294 577/630/294
f 579/629/295 580/631/295 577/632/295
f 580/631/296 581/633/296 577/634/296
f 581/633/297 582/635/297 577/636/297
f 582/635/298 583/637/298 577/638/298
f 583/637/299 584/639/299 577/640/299
f 584/639/300 585/641/300 577/642/300
f 585/641/301 586/643/301 577/644/301
f 586/643/302 587/645/302 577/646/302
f 587/645/303 588/647/303 577/648/303
f 588/647/304 589/649/304 577/650/304
f 589/649/305 590/651/305 577/652/305
f 590/651/306 591/653/306 577/654/306
f 591/653/307 592/655/307 577/656/307
f 592/655/308 593/657/308 577/658/308
f 593/657/309 594/659/309 577/660/309
f 594/659/310 595/661/310 577/662/310
f 595/661/311 596/663/311 577/664/311
f 596/663/312 597/665/312 577/666/312
f 597/665/313 598/667/313 577/668/313
f 598/667/314 599/669/314 577/670/314
f 599/669/315 600/671/315 577/672/315
f 600/671/316 601/673/316 577/674/316
f 601/673/317 602/675/317 577/676/317
f 602/677/318 603/678/318 577/679/318
f 603/678/319 604/680/319 577/681/319
f 604/680/320 605/682/320 577/683/320
f 605/682/321 606/684/321 577/685/321
f 606/684/322 607/686/322 577/687/322
f 607/686/323 608/688/323 577/689/323
f 608/688/324 609/626/324 577/690/324
f 613/691/325 609/626/325 610/692/325
f 610/692/326 608/688/326 612/693/326
f 614/694/327 610/692/327 611/695/327
f 611/695/328 612/693/328 674/696/328
f 613/691/329 579/629/329 578/627/329
f 614/694/330 615/697/330 613/691/330
f 615/697/331 580/631/331 579/629/331
f 616/698/332 617/699/332 615/697/332
f 617/699/333 581/633/333 580/631/333
f 618/700/334 619/701/334 617/699/334
f 619/701/335 582/635/335 581/633/335
f 620/702/336 621/703/336 619/701/336
f 621/703/337 583/637/337 582/635/337
f 622/704/338 623/705/338 621/703/338
f 623/705/339 584/639/339 583/637/339
f 624/706/340 625/707/340 623/705/340
f 625/707/341 585/641/341 584/639/341
f 626/708/342 627/709/342 625/707/342
f 627/709/343 586/643/343 585/641/343
f 628/710/344 629/711/344 627/709/344
f 631/712/345 586/643/345 629/711/345
f 632/713/346 629/711/346 630/714/346
f 633/715/347 587/645/347 631/712/347
f 634/716/348 631/712/348 632/713/348
f 635/717/349 588/647/349 633/715/349
f 636/718/350 633/715/350 634/716/350
f 637/719/351 589/649/351 635/717/351
f 638/720/352 635/717/352 636/718/352
f 639/721/353 590/651/353 637/719/353
f 640/722/354 637/719/354 638/720/354
f 641/723/355 591/653/355 639/721/355
f 642/724/356 639/721/356 640/722/356
f 643/725/357 592/655/357 641/723/357
f 644/726/358 641/723/358 642/724/358
f 645/727/359 593/657/359 643/725/359
f 646/728/360 643/725/360 644/726/360
f 645/727/361 595/661/361 594/659/361
f 646/728/362 647/729/362 645/727/362
f 647/729/363 596/663/363 595/661/363
f 648/730/364 649/731/364 647/729/364
f 649/731/365 597/665/365 596/663/365
f 650/732/366 651/733/366 649/731/366
f 651/733/367 598/667/367 597/665/367
f 652/734/368 653/735/368 651/733/368
f 653/735/369 599/669/369 598/667/369
f 654/736/370 655/737/370 653/735/370
f 655/737/371 600/671/371 599/669/371
f 656/738/372 657/739/372 655/737/372
f 657/739/373 601/673/373 600/671/373
f 658/740/374 659/741/374 657/739/374
f 659/741/375 602/675/375 601/673/375
f 660/742/376 661/743/376 659/741/376
f 663/744/377 602/677/377 661/745/377
f 664/746/378 661/745/378 662/747/378
f 665/748/379 603/678/379 663/744/379
f 666/749/380 663/744/380 664/746/380
f 667/750/381 604/680/381 665/748/381
f 668/751/382 665/748/382 666/749/382
f 669/752/383 605/682/383 667/750/383
f 670/753/384 667/750/384 668/751/384
f 671/754/385 606/684/385 669/752/385
f 672/755/386 669/752/386 670/753/386
f 612/693/387 607/686/387 671/754/387
f 674/696/388 671/754/388 672/755/388
f 675/756/389 672/755/389 673/757/389
f 673/757/390 670/753/390 735/758/390
f 677/759/391 674/696/391 675/756/391
f 678/760/392 675/756/392 676/761/392
f 676/761/393 673/757/393 738/762/393
f 679/763/394 611/695/394 677/759/394
f 680/764/395 677/759/395 678/760/395
f 679/763/396 616/698/396 614/694/396
f 680/764/397 681/765/397 679/763/397
f 681/765/398 618/700/398 616/698/398
f 682/766/399 683/767/399 681/765/399
f 683/767/400 620/702/400 618/700/400
f 684/768/401 685/769/401 683/767/401
f 685/769/402 622/704/402 620/702/402
f 686/770/403 687/771/403 685/769/403
f 687/771/404 624/706/404 622/704/404
f 688/772/405 689/773/405 687/771/405
f 689/773/406 626/708/406 624/706/406
f 690/774/407 691/775/407 689/773/407
f 691/775/408 628/710/408 626/708/408
f 692/776/409 693/777/409 691/775/409
f 693/777/410 630/714/410 628/710/410
f 694/778/411 695/779/411 693/777/411
f 697/780/412 630/714/412 695/779/412
f 698/781/413 695/779/413 696/782/413
f 699/783/414 632/713/414 697/780/414
f 700/784/415 697/780/415 698/781/415
f 701/785/416 634/716/416 699/783/416
f 702/786/417 699/783/417 700/784/417
f 703/787/418 636/718/418 701/785/418
f 704/788/419 701/785/419 702/786/419
f 705/789/420 638/720/420 703/787/420
f 706/790/421 703/787/421 704/788/421
f 707/791/422 640/722/422 705/789/422
f 708/792/423 705/789/423 706/790/423
f 709/793/424 642/724/424 707/791/424
f 710/794/425 707/791/425 708/792/425
f 711/795/426 644/726/426 709/793/426
f 712/796/427 709/793/427 710/794/427
f 711/795/428 648/730/428 646/728/428
f 712/796/429 713/797/429 711/795/429
f 713/797/430 650/732/430 648/730/430
f 714/798/431 715/799/431 713/797/431
f 715/799/432 652/734/432 650/732/432
f 716/800/433 717/801/433 715/799/433
f 717/801/434 654/736/434 652/734/434
f 718/802/435 719/803/435 717/801/435
f 719/803/436 656/738/436 654/736/436
f 720/804/437 721/805/437 719/803/437
f 721/805/438 658/740/438 656/738/438
f 722/806/439 723/807/439 721/805/439
f 723/807/440 660/742/440 658/740/440
f 724/808/441 725/809/441 723/807/441
f 725/809/442 662/810/442 660/742/442
f 726/811/443 727/812/443 725/809/443
f 729/813/444 662/747/444 727/814/444
f 730/815/445 727/814/445 728/816/445
f 731/817/446 664/746/446 729/813/446
f 732/818/447 729/813/447 730/815/447
f 733/819/448 666/749/448 731/817/448
f 734/820/449 731/817/449 732/818/449
f 735/758/450 668/751/450 733/819/450
f 736/821/451 733/819/451 734/820/451
f 738/762/452 735/758/452 736/821/452
f 739/822/453 736/821/453 737/823/453
f 737/823/454 734/820/454 799/824/454
f 741/825/455 738/762/455 739/822/455
f 742/826/456 739/822/456 740/827/456
f 740/827/457 737/823/457 802/828/457
f 743/829/458 676/761/458 741/825/458
f 744/830/459 741/825/459 742/826/459
f 745/831/460 678/760/460 743/829/460
f 746/832/461 743/829/461 744/830/461
f 745/831/462 682/766/462 680/764/462
f 746/832/463 747/833/463 745/831/463
f 747/833/464 684/768/464 682/766/464
f 748/834/465 749/835/465 747/833/465
f 749/835/466 686/770/466 684/768/466
f 750/836/467 751/837/467 749/835/467
f 751/837/468 688/772/468 686/770/468
f 752/838/469 753/839/469 751/837/469
f 753/839/470 690/774/470 688/772/470
f 754/840/471 755/841/471 753/839/471
f 755/841/472 692/776/472 690/774/472
f 756/842/473 757/843/473 755/841/473
f 757/843/474 694/778/474 692/776/474
f 758/844/475 759/845/475 757/843/475
f 759/845/476 696/782/476 694/778/476
f 760/846/477 761/847/477 759/845/477
f 763/848/478 696/782/478 761/847/478
f 764/849/479 761/847/479 762/850/479
f 765/851/480 698/781/480 763/848/480
f 766/852/481 763/848/481 764/849/481
f 767/853/482 700/784/482 765/851/482
f 768/854/483 765/851/483 766/852/483
f 769/855/484 702/786/484 767/853/484
f 770/856/485 767/853/485 768/854/485
f 771/857/486 704/788/486 769/855/486
f 772/858/487 769/855/487 770/856/487
f 773/859/488 706/790/488 771/857/488
f 774/860/489 771/857/489 772/858/489
f 775/861/490 708/792/490 773/859/490
f 776/862/491 773/859/491 774/860/491
f 777/863/492 710/794/492 775/861/492
f 778/864/493 775/861/493 776/862/493
f 777/863/494 714/798/494 712/796/494
f 778/864/495 779/865/495 777/863/495
f 779/865/496 716/800/496 714/798/496
f 780/866/497 781/867/497 779/865/497
f 781/867/498 718/802/498 716/800/498
f 782/868/499 783/869/499 781/867/499
f 783/869/500 720/804/500 718/802/500
f 784/870/501 785/871/501 783/869/501
f 785/871/502 722/806/502 720/804/502
f 786/872/503 787/873/503 785/871/503
f 787/873/504 724/808/504 722/806/504
f 788/874/505 789/875/505 787/873/505
f 789/875/506 726/811/506 724/808/506
f 790/876/507 791/877/507 789/875/507
f 791/877/508 728/878/508 726/811/508
f 792/879/509 793/880/509 791/877/509
f 795/881/510 728/816/510 793/882/510
f 796/883/511 793/882/511 794/884/511
f 797/885/512 730/815/512 795/881/512
f 798/886/513 795/881/513 796/883/513
f 799/824/514 732/818/514 797/885/514
f 800/887/515 797/885/515 798/886/515
f 802/828/516 799/824/516 800/887/516
f 803/888/517 800/887/517 801/889/517
f 801/889/518 798/886/518 863/890/518
f 805/891/519 802/828/519 803/888/519
f 804/892/520 805/891/520 803/888/520
f 866/893/521 803/888/521 801/889/521
f 807/894/522 740/827/522 805/891/522
f 806/895/523 807/894/523 805/891/523
f 809/896/524 742/826/524 807/894/524
f 808/897/525 809/896/525 807/894/525
f 811/898/526 744/830/526 809/896/526
f 810/899/527 811/898/527 809/896/527
f 811/898/528 748/834/528 746/832/528
f 814/900/529 811/898/529 812/901/529
f 813/902/530 750/836/530 748/834/530
f 816/903/531 813/902/531 814/900/531
f 815/904/532 752/838/532 750/836/532
f 818/905/533 815/904/533 816/903/533
f 817/906/534 754/840/534 752/838/534
f 820/907/535 817/906/535 818/905/535
f 819/908/536 756/842/536 754/840/536
f 822/909/537 819/908/537 820/907/537
f 821/910/538 758/844/538 756/842/538
f 824/911/539 821/910/539 822/909/539
f 823/912/540 760/846/540 758/844/540
f 826/913/541 823/912/541 824/911/541
f 825/914/542 762/850/542 760/846/542
f 828/915/543 825/914/543 826/913/543
f 829/916/544 762/850/544 827/917/544
f 828/915/545 829/916/545 827/917/545
f 831/918/546 764/849/546 829/916/546
f 830/919/547 831/918/547 829/916/547
f 833/920/548 766/852/548 831/918/548
f 832/921/549 833/920/549 831/918/549
f 835/922/550 768/854/550 833/920/550
f 834/923/551 835/922/551 833/920/551
f 837/924/552 770/856/552 835/922/552
f 836/925/553 837/924/553 835/922/553
f 839/926/554 772/858/554 837/924/554
f 838/927/555 839/926/555 837/924/555
f 841/928/556 774/860/556 839/926/556
f 840/929/557 841/928/557 839/926/557
f 843/930/558 776/862/558 841/928/558
f 842/931/559 843/930/559 841/928/559
f 843/930/560 780/866/560 778/864/560
f 846/932/561 843/930/561 844/933/561
f 845/934/562 782/868/562 780/866/562
f 848/935/563 845/934/563 846/932/563
f 847/936/564 784/870/564 782/868/564
f 850/937/565 847/936/565 848/935/565
f 849/938/566 786/872/566 784/870/566
f 852/939/567 849/938/567 850/937/567
f 851/940/568 788/874/568 786/872/568
f 854/941/569 851/940/569 852/939/569
f 853/942/570 790/876/570 788/874/570
f 856/943/571 853/942/571 854/941/571
f 855/944/572 792/879/572 790/876/572
f 858/945/573 855/944/573 856/943/573
f 857/946/574 794/947/574 792/879/574
f 860/948/575 857/946/575 858/945/575
f 861/949/576 794/884/576 859/950/576
f 860/951/577 861/949/577 859/950/577
f 863/890/578 796/883/578 861/949/578
f 862/952/579 863/890/579 861/949/579
f 864/953/580 801/889/580 863/890/580
f 865/954/581 866/893/581 864/953/581
f 927/955/582 864/953/582 862/952/582
f 867/956/583 804/892/583 866/893/583
f 868/957/584 869/958/584 867/956/584
f 930/959/585 867/956/585 865/954/585
f 869/958/586 806/895/586 804/892/586
f 870/960/587 871/961/587 869/958/587
f 871/961/588 808/897/588 806/895/588
f 872/962/589 873/963/589 871/961/589
f 873/963/590 810/899/590 808/897/590
f 874/964/591 875/965/591 873/963/591
f 875/965/592 812/901/592 810/899/592
f 876/966/593 877/967/593 875/965/593
f 879/968/594 812/901/594 877/967/594
f 880/969/595 877/967/595 878/970/595
f 881/971/596 814/900/596 879/968/596
f 882/972/597 879/968/597 880/969/597
f 883/973/598 816/903/598 881/971/598
f 884/974/599 881/971/599 882/972/599
f 885/975/600 818/905/600 883/973/600
f 886/976/601 883/973/601 884/974/601
f 887/977/602 820/907/602 885/975/602
f 888/978/603 885/975/603 886/976/603
f 889/979/604 822/909/604 887/977/604
f 890/980/605 887/977/605 888/978/605
f 891/981/606 824/911/606 889/979/606
f 892/982/607 889/979/607 890/980/607
f 893/983/608 826/913/608 891/981/608
f 894/984/609 891/981/609 892/982/609
f 893/983/610 830/919/610 828/915/610
f 894/984/611 895/985/611 893/983/611
f 895/985/612 832/921/612 830/919/612
f 896/986/613 897/987/613 895/985/613
f 897/987/614 834/923/614 832/921/614
f 898/988/615 899/989/615 897/987/615
f 899/989/616 836/925/616 834/923/616
f 900/990/617 901/991/617 899/989/617
f 901/991/618 838/927/618 836/925/618
f 902/992/619 903/993/619 901/991/619
f 903/993/620 840/929/620 838/927/620
f 904/994/621 905/995/621 903/993/621
f 905/995/622 842/931/622 840/929/622
f 906/996/623 907/997/623 905/995/623
f 907/997/624 844/933/624 842/931/624
f 908/998/625 909/999/625 907/997/625
f 911/1000/626 844/933/626 909/999/626
f 912/1001/627 909/999/627 910/1002/627
f 913/1003/628 846/932/628 911/1000/628
f 914/1004/629 911/1000/629 912/1001/629
f 915/1005/630 848/935/630 913/1003/630
f 916/1006/631 913/1003/631 914/1004/631
f 917/1007/632 850/937/632 915/1005/632
f 918/1008/633 915/1005/633 916/1006/633
f 919/1009/634 852/939/634 917/1007/634
f 920/1010/635 917/1007/635 918/1008/635
f 921/1011/636 854/941/636 919/1009/636
f 922/1012/637 919/1009/637 920/1010/637
f 923/1013/638 856/943/638 921/1011/638
f 924/1014/639 921/1011/639 922/1012/639
f 925/1015/640 858/945/640 923/1013/640
f 926/1016/641 923/1013/641 924/1014/641
f 925/1017/642 862/952/642 860/951/642
f 926/1018/643 927/955/643 925/1017/643
f 928/1019/644 865/954/644 927/955/644
f 929/1020/645 930/959/645 928/1019/645
f 991/1021/646 928/1019/646 926/1018/646
f 931/1022/647 868/957/647 930/959/647
f 932/1023/648 933/1024/648 931/1022/648
f 994/1025/649 931/1022/649 929/1020/649
f 933/1024/650 870/960/650 868/957/650
f 934/1026/651 935/1027/651 933/1024/651
f 935/1027/652 872/962/652 870/960/652
f 936/1028/653 937/1029/653 935/1027/653
f 937/1029/654 874/964/654 872/962/654
f 938/1030/655 939/1031/655 937/1029/655
f 939/1031/656 876/966/656 874/964/656
f 940/1032/657 941/1033/657 939/1031/657
f 941/1033/658 878/970/658 876/966/658
f 942/1034/659 943/1035/659 941/1033/659
f 946/1036/660 943/1035/660 944/1037/660
f 945/1038/661 878/970/661 943/1035/661
f 947/1039/662 880/969/662 945/1038/662
f 948/1040/663 945/1038/663 946/1036/663
f 949/1041/664 882/972/664 947/1039/664
f 950/1042/665 947/1039/665 948/1040/665
f 951/1043/666 884/974/666 949/1041/666
f 952/1044/667 949/1041/667 950/1042/667
f 953/1045/668 886/976/668 951/1043/668
f 954/1046/669 951/1043/669 952/1044/669
f 955/1047/670 888/978/670 953/1045/670
f 956/1048/671 953/1045/671 954/1046/671
f 957/1049/672 890/980/672 955/1047/672
f 958/1050/673 955/1047/673 956/1048/673
f 959/1051/674 892/982/674 957/1049/674
f 960/1052/675 957/1049/675 958/1050/675
f 959/1051/676 896/986/676 894/984/676
f 960/1052/677 961/1053/677 959/1051/677
f 961/1053/678 898/988/678 896/986/678
f 962/1054/679 963/1055/679 961/1053/679
f 963/1055/680 900/990/680 898/988/680
f 964/1056/681 965/1057/681 963/1055/681
f 965/1057/682 902/992/682 900/990/682
f 966/1058/683 967/1059/683 965/1057/683
f 967/1059/684 904/994/684 902/992/684
f 968/1060/685 969/1061/685 967/1059/685
f 969/1061/686 906/996/686 904/994/686
f 970/1062/687 971/1063/687 969/1061/687
f 971/1063/688 908/998/688 906/996/688
f 972/1064/689 973/1065/689 971/1063/689
f 973/1065/690 910/1002/690 908/998/690
f 974/1066/691 975/1067/691 973/1065/691
f 977/1068/692 910/1002/692 975/1067/692
f 978/1069/693 975/1067/693 976/1070/693
f 979/1071/694 912/1001/694 977/1068/694
f 980/1072/695 977/1068/695 978/1069/695
f 981/1073/696 914/1004/696 979/1071/696
f 982/1074/697 979/1071/697 980/1072/697
f 983/1075/698 916/1006/698 981/1073/698
f 984/1076/699 981/1073/699 982/1074/699
f 985/1077/700 918/1008/700 983/1075/700
f 986/1078/701 983/1075/701 984/1076/701
f 987/1079/702 920/1010/702 985/1077/702
f 988/1080/703 985/1077/703 986/1078/703
f 989/1081/704 922/1012/704 987/1079/704
f 990/1082/705 987/1079/705 988/1080/705
f 991/1083/706 924/1014/706 989/1081/706
f 992/1084/707 989/1081/707 990/1082/707
f 992/1085/708 929/1020/708 991/1021/708
f 993/1086/709 994/1025/709 992/1085/709
f 993/1087/710 990/1082/710 1055/1088/710
f 995/1089/711 932/1023/711 994/1025/711
f 996/1090/712 997/1091/712 995/1089/712
f 1057/1092/713 995/1089/713 993/1086/713
f 997/1091/714 934/1026/714 932/1023/714
f 998/1093/715 999/1094/715 997/1091/715
f 999/1094/716 936/1028/716 934/1026/716
f 1000/1095/717 1001/1096/717 999/1094/717
f 1001/1096/718 938/1030/718 936/1028/718
f 1002/1097/719 1003/1098/719 1001/1096/719
f 1003/1098/720 940/1032/720 938/1030/720
f 1004/1099/721 1005/1100/721 1003/1098/721
f 1005/1100/722 942/1034/722 940/1032/722
f 1006/1101/723 1007/1102/723 1005/1100/723
f 1007/1102/724 944/1037/724 942/1034/724
f 1008/1103/725 1009/1104/725 1007/1102/725
f 1011/1105/726 944/1037/726 1009/1104/726
f 1012/1106/727 1009/1104/727 1010/1107/727
f 1013/1108/728 946/1036/728 1011/1105/728
f 1014/1109/729 1011/1105/729 1012/1106/729
f 1015/1110/730 948/1040/730 1013/1108/730
f 1016/1111/731 1013/1108/731 1014/1109/731
f 1017/1112/732 950/1042/732 1015/1110/732
f 1018/1113/733 1015/1110/733 1016/1111/733
f 1019/1114/734 952/1044/734 1017/1112/734
f 1020/1115/735 1017/1112/735 1018/1113/735
f 1021/1116/736 954/1046/736 1019/1114/736
f 1022/1117/737 1019/1114/737 1020/1115/737
f 1023/1118/738 956/1048/738 1021/1116/738
f 1024/1119/739 1021/1116/739 1022/1117/739
f 1025/1120/740 958/1050/740 1023/1118/740
f 1026/1121/741 1023/1118/741 1024/1119/741
f 1025/1120/742 962/1054/742 960/1052/742
f 1026/1121/743 1027/1122/743 1025/1120/743
f 1027/1122/744 964/1056/744 962/1054/744
f 1028/1123/745 1029/1124/745 1027/1122/745
f 1029/1124/746 966/1058/746 964/1056/746
f 1030/1125/747 1031/1126/747 1029/1124/747
f 1031/1126/748 968/1060/748 966/1058/748
f 1032/1127/749 1033/1128/749 1031/1126/749
f 1033/1128/750 970/1062/750 968/1060/750
f 1034/1129/751 1035/1130/751 1033/1128/751
f 1035/1130/752 972/1064/752 970/1062/752
f 1036/1131/753 1037/1132/753 1035/1130/753
f 1037/1132/754 974/1066/754 972/1064/754
f 1038/1133/755 1039/1134/755 1037/1132/755
f 1039/1134/756 976/1070/756 974/1066/756
f 1040/1135/757 1041/1136/757 1039/1134/757
f 1043/1137/758 976/1070/758 1041/1136/758
f 1044/1138/759 1041/1136/759 1042/1139/759
f 1045/1140/760 978/1069/760 1043/1137/760
f 1046/1141/761 1043/1137/761 1044/1138/761
f 1047/1142/762 980/1072/762 1045/1140/762
f 1048/1143/763 1045/1140/763 1046/1141/763
f 1049/1144/764 982/1074/764 1047/1142/764
f 1050/1145/765 1047/1142/765 1048/1143/765
f 1051/1146/766 984/1076/766 1049/1144/766
f 1052/1147/767 1049/1144/767 1050/1145/767
f 1053/1148/768 986/1078/768 1051/1146/768
f 1054/1149/769 1051/1146/769 1052/1147/769
f 1055/1088/770 988/1080/770 1053/1148/770
f 1056/1150/771 1053/1148/771 1054/1149/771
f 1057/1151/772 1055/1088/772 1056/1150/772
f 1058/1152/773 1056/1150/773 1054/1149/773
f 1058/1153/774 1057/1151/774 1056/1150/774
f 1058/1154/775 1010/1107/775 1008/1103/775
f 1058/1155/776 1012/1106/776 1010/1107/776
f 1058/1156/777 1014/1109/777 1012/1106/777
f 1058/1157/778 1016/1111/778 1014/1109/778
f 1058/1158/779 1018/1113/779 1016/1111/779
f 1058/1159/780 1020/1115/780 1018/1113/780
f 1058/1160/781 1022/1117/781 1020/1115/781
f 1058/1161/782 1024/1119/782 1022/1117/782
f 1058/1162/783 1026/1121/783 1024/1119/783
f 1058/1163/784 1028/1123/784 1026/1121/784
f 1058/1164/785 1030/1125/785 1028/1123/785
f 1058/1165/786 1032/1127/786 1030/1125/786
f 1058/1166/787 1034/1129/787 1032/1127/787
f 1058/1167/788 1036/1131/788 1034/1129/788
f 1058/1168/789 1038/1133/789 1036/1131/789
f 1058/1169/790 1040/1135/790 1038/1133/790
f 1058/1170/791 1042/1139/791 1040/1135/791
f 1058/1171/792 1044/1138/792 1042/1139/792
f 1058/1172/793 1046/1141/793 1044/1138/793
f 1058/1173/794 1048/1143/794 1046/1141/794
f 1058/1174/795 1050/1145/795 1048/1143/795
f 1058/1175/796 1052/1147/796 1050/1145/796
f 1058/1176/797 1054/1149/797 1052/1147/797
f 1058/1177/798 996/1090/798 1057/1092/798
f 1058/1178/799 998/1093/799 996/1090/799
f 1058/1179/800 1000/1095/800 998/1093/800
f 1058/1180/801 1002/1097/801 1000/1095/801
f 1058/1181/802 1004/1099/802 1002/1097/802
f 1058/1182/803 1006/1101/803 1004/1099/803
f 1058/1183/804 1008/1103/804 1006/1101/804
f 1076/1184/805 1084/1185/805 1060/1186/805
f 1059/1187/806 1060/1188/806 1061/1189/806
f 1062/1190/807 1059/1187/807 1061/1189/807
f 1063/1191/808 1062/1190/808 1061/1189/808
f 1064/1192/809 1063/1191/809 1061/1189/809
f 1065/1193/810 1064/1192/810 1061/1189/810
f 1066/1194/811 1065/1193/811 1061/1189/811
f 1067/1195/812 1066/1194/812 1061/1189/812
f 1068/1196/813 1067/1195/813 1061/1189/813
f 1069/1197/814 1068/1196/814 1061/1189/814
f 1070/1198/815 1069/1197/815 1061/1189/815
f 1071/1199/816 1070/1198/816 1061/1189/816
f 1072/1200/817 1071/1199/817 1061/1189/817
f 1073/1201/818 1072/1200/818 1061/1189/818
f 1074/1202/819 1073/1201/819 1061/1189/819
f 1075/1203/820 1074/1202/820 1061/1189/820
f 1076/1204/821 1075/1203/821 1061/1189/821
f 1077/1205/822 1076/1204/822 1061/1189/822
f 1078/1206/823 1077/1205/823 1061/1189/823
f 1079/1207/824 1078/1206/824 1061/1189/824
f 1080/1208/825 1079/1207/825 1061/1189/825
f 1081/1209/826 1080/1208/826 1061/1189/826
f 1082/1210/827 1081/1209/827 1061/1189/827
f 1083/1211/828 1082/1210/828 1061/1189/828
f 1084/1212/829 1083/1211/829 1061/1189/829
f 1085/1213/830 1084/1212/830 1061/1189/830
f 1086/1214/831 1085/1213/831 1061/1189/831
f 1087/1215/832 1086/1214/832 1061/1189/832
f 1088/1216/833 1087/1215/833 1061/1189/833
f 1089/1217/834 1088/1216/834 1061/1189/834
f 1090/1218/835 1089/1217/835 1061/1189/835
f 1091/1219/836 1090/1218/836 1061/1189/836
f 1060/1188/837 1091/1219/837 1061/1189/837
f 1093/1220/838 1101/1221/838 1109/1222/838
f 1092/1223/839 1093/1224/839 1094/1225/839
f 1095/1226/840 1092/1223/840 1094/1225/840
f 1096/1227/841 1095/1226/841 1094/1225/841
f 1097/1228/842 1096/1227/842 1094/1225/842
f 1098/1229/843 1097/1228/843 1094/1225/843
f 1099/1230/844 1098/1229/844 1094/1225/844
f 1100/1231/845 1099/1230/845 1094/1225/845
f 1101/1232/846 1100/1231/846 1094/1225/846
f 1102/1233/847 1101/1232/847 1094/1225/847
f 1103/1234/848 1102/1233/848 1094/1225/848
f 1104/1235/849 1103/1234/849 1094/1225/849
f 1105/1236/850 1104/1235/850 1094/1225/850
f 1106/1237/851 1105/1236/851 1094/1225/851
f 1107/1238/852 1106/1237/852 1094/1225/852
f 1108/1239/853 1107/1238/853 1094/1225/853
f 1109/1240/854 1108/1239/854 1094/1225/854
f 1110/1241/855 1109/1240/855 1094/1225/855
f 1111/1242/856 1110/1241/856 1094/1225/856
f 1112/1243/857 1111/1242/857 1094/1225/857
f 1113/1244/858 1112/1243/858 1094/1225/858
f 1114/1245/859 1113/1244/859 1094/1225/859
f 1115/1246/860 1114/1245/860 1094/1225/860
f 1116/1247/861 1115/1246/861 1094/1225/861
f 1117/1248/862 1116/1247/862 1094/1225/862
f 1118/1249/863 1117/1248/863 1094/1225/863
f 1119/1250/864 1118/1249/864 1094/1225/864
f 1120/1251/865 1119/1250/865 1094/1225/865
f 1121/1252/866 1120/1251/866 1094/1225/866
f 1122/1253/867 1121/1252/867 1094/1225/867
f 1123/1254/868 1122/1253/868 1094/1225/868
f 1124/1255/869 1123/1254/869 1094/1225/869
f 1093/1224/870 1124/1255/870 1094/1225/870
f 1126/1256/871 1134/1257/871 1142/1258/871
f 1125/1259/872 1126/1260/872 1127/1261/872
f 1128/1262/873 1125/1259/873 1127/1261/873
f 1129/1263/874 1128/1262/874 1127/1261/874
f 1130/1264/875 1129/1263/875 1127/1261/875
f 1131/1265/876 1130/1264/876 1127/1261/876
f 1132/1266/877 1131/1265/877 1127/1261/877
f 1133/1267/878 1132/1266/878 1127/1261/878
f 1134/1268/879 1133/1267/879 1127/1261/879
f 1135/1269/880 1134/1268/880 1127/1261/880
f 1136/1270/881 1135/1269/881 1127/1261/881
f 1137/1271/882 1136/1270/882 1127/1261/882
f 1138/1272/883 1137/1271/883 1127/1261/883
f 1139/1273/884 1138/1272/884 1127/1261/884
f 1140/1274/885 1139/1273/885 1127/1261/885
f 1141/1275/886 1140/1274/886 1127/1261/886
f 1142/1276/887 1141/1275/887 1127/1261/887
f 1143/1277/888 1142/1276/888 1127/1261/888
f 1144/1278/889 1143/1277/889 1127/1261/889
f 1145/1279/890 1144/1278/890 1127/1261/890
f 1146/1280/891 1145/1279/891 1127/1261/891
f 1147/1281/892 1146/1280/892 1127/1261/892
f 1148/1282/893 1147/1281/893 1127/1261/893
f 1149/1283/894 1148/1282/894 1127/1261/894
f 1150/1284/895 1149/1283/895 1127/1261/895
f 1151/1285/896 1150/1284/896 1127/1261/896
f 1152/1286/897 1151/1285/897 1127/1261/897
f 1153/1287/898 1152/1286/898 1127/1261/898
f 1154/1288/899 1153/1287/899 1127/1261/899
f 1155/1289/900 1154/1288/900 1127/1261/900
f 1156/1290/901 1155/1289/901 1127/1261/901
f 1157/1291/902 1156/1290/902 1127/1261/902
f 1126/1260/903 1157/1291/903 1127/1261/903
f 1179/1292/904 1183/1293/904 1159/1294/904
f 1158/1295/905 1159/1296/905 1160/1297/905
f 1161/1298/906 1158/1295/906 1160/1297/906
f 1162/1299/907 1161/1298/907 1160/1297/907
f 1163/1300/908 1162/1299/908 1160/1297/908
f 1164/1301/909 1163/1300/909 1160/1297/909
f 1165/1302/910 1164/1301/910 1160/1297/910
f 1166/1303/911 1165/1302/911 1160/1297/911
f 1167/1304/912 1166/1303/912 1160/1297/912
f 1168/1305/913 1167/1304/913 1160/1297/913
f 1169/1306/914 1168/1305/914 1160/1297/914
f 1170/1307/915 1169/1306/915 1160/1297/915
f 1171/1308/916 1170/1307/916 1160/1297/916
f 1172/1309/917 1171/1308/917 1160/1297/917
f 1173/1310/918 1172/1309/918 1160/1297/918
f 1174/1311/919 1173/1310/919 1160/1297/919
f 1175/1312/920 1174/1311/920 1160/1297/920
f 1176/1313/921 1175/1312/921 1160/1297/921
f 1177/1314/922 1176/1313/922 1160/1297/922
f 1178/1315/923 1177/1314/923 1160/1297/923
f 1179/1316/924 1178/1315/924 1160/1297/924
f 1180/1317/925 1179/1316/925 1160/1297/925
f 1181/1318/926 1180/1317/926 1160/1297/926
f 1182/1319/927 1181/1318/927 1160/1297/927
f 1183/1320/928 1182/1319/928 1160/1297/928
f 1184/1321/929 1183/1320/929 1160/1297/929
f 1185/1322/930 1184/1321/930 1160/1297/930
f 1186/1323/931 1185/1322/931 1160/1297/931
f 1187/1324/932 1186/1323/932 1160/1297/932
f 1188/1325/933 1187/1324/933 1160/1297/933
f 1189/1326/934 1188/1325/934 1160/1297/934
f 1190/1327/935 1189/1326/935 1160/1297/935
f 1159/1296/936 1190/1327/936 1160/1297/936
f 1208/1328/937 1216/1329/937 1192/1330/937
f 1191/1331/938 1192/1332/938 1193/1333/938
f 1194/1334/939 1191/1331/939 1193/1333/939
f 1195/1335/940 1194/1334/940 1193/1333/940
f 1196/1336/941 1195/1335/941 1193/1333/941
f 1197/1337/942 1196/1336/942 1193/1333/942
f 1198/1338/943 1197/1337/943 1193/1333/943
f 1199/1339/944 1198/1338/944 1193/1333/944
f 1200/1340/945 1199/1339/945 1193/1333/945
f 1201/1341/946 1200/1340/946 1193/1333/946
f 1202/1342/947 1201/1341/947 1193/1333/947
f 1203/1343/948 1202/1342/948 1193/1333/948
f 1204/1344/949 1203/1343/949 1193/1333/949
f 1205/1345/950 1204/1344/950 1193/1333/950
f 1206/1346/951 1205/1345/951 1193/1333/951
f 1207/1347/952 1206/1346/952 1193/1333/952
f 1208/1348/953 1207/1347/953 1193/1333/953
f 1209/1349/954 1208/1348/954 1193/1333/954
f 1210/1350/955 1209/1349/955 1193/1333/955
f 1211/1351/956 1210/1350/956 1193/1333/956
f 1212/1352/957 1211/1351/957 1193/1333/957
f 1213/1353/958 1212/1352/958 1193/1333/958
f 1214/1354/959 1213/1353/959 1193/1333/959
f 1215/1355/960 1214/1354/960 1193/1333/960
f 1216/1356/961 1215/1355/961 1193/1333/961
f 1217/1357/962 1216/1356/962 1193/1333/962
f 1218/1358/963 1217/1357/963 1193/1333/963
f 1219/1359/964 1218/1358/964 1193/1333/964
f 1220/1360/965 1219/1359/965 1193/1333/965
f 1221/1361/966 1220/1360/966 1193/1333/966
f 1222/1362/967 1221/1361/967 1193/1333/967
f 1223/1363/968 1222/1362/968 1193/1333/968
f 1192/1332/969 1223/1363/969 1193/1333/969
f 1/1/1 2/4/1 14/2/1
f 2/4/2 3/6/2 15/5/2
f 3/6/3 4/8/3 16/7/3
f 4/8/4 5/11/4 17/9/4
f 6/10/5 18/13/5 17/9/5
f 6/10/6 7/1364/6 19/12/6
f 8/14/7 20/18/7 19/15/7
f 9/17/8 21/20/8 20/18/8
f 10/19/9 22/22/9 21/20/9
f 11/21/10 23/24/10 22/22/10
f 12/23/11 24/25/11 23/24/11
f 1/1/289 13/3/289 24/25/289
f 13/3/13 14/2/13 26/26/13
f 15/5/14 27/29/14 26/26/14
f 15/5/15 16/7/15 28/28/15
f 17/9/16 29/30/16 28/28/16
f 18/13/17 30/32/17 29/30/17
f 18/13/18 19/12/18 31/31/18
f 20/18/19 32/35/19 31/33/19
f 20/18/20 21/20/20 33/34/20
f 21/20/21 22/22/21 34/36/21
f 22/22/22 23/24/22 35/37/22
f 23/24/23 24/25/23 36/38/23
f 13/3/24 25/27/24 36/38/24
f 25/27/25 26/26/25 38/39/25
f 27/29/26 39/41/26 38/39/26
f 28/28/27 40/42/27 39/41/27
f 29/30/28 41/44/28 40/42/28
f 29/30/29 30/32/29 42/43/29
f 30/32/30 31/31/30 43/45/30
f 32/35/31 44/47/31 43/46/31
f 33/34/32 45/48/32 44/47/32
f 34/36/33 46/50/33 45/48/33
f 34/36/34 35/37/34 47/49/34
f 36/38/35 48/51/35 47/49/35
f 25/27/36 37/40/36 48/51/36
f 37/40/37 38/39/37 50/52/37
f 39/41/38 51/55/38 50/52/38
f 39/41/39 40/42/39 52/54/39
f 41/44/40 53/56/40 52/54/40
f 42/43/41 54/57/41 53/56/41
f 43/45/42 55/70/42 54/57/42
f 44/47/43 56/60/43 55/58/43
f 44/47/44 45/48/44 57/59/44
f 45/48/45 46/50/45 58/61/45
f 47/49/46 59/63/46 58/61/46
f 47/49/47 48/51/47 60/62/47
f 37/40/48 49/53/48 60/62/48
f 50/52/49 62/66/49 61/64/49
f 50/52/50 51/55/50 63/65/50
f 52/54/51 64/68/51 63/65/51
f 52/54/52 53/56/52 65/67/52
f 53/56/53 54/57/53 66/69/53
f 55/70/54 67/1365/54 66/69/54
f 55/58/55 56/60/55 68/71/55
f 57/59/56 69/73/56 68/71/56
f 58/61/57 70/75/57 69/73/57
f 58/61/58 59/63/58 71/74/58
f 60/62/59 72/76/59 71/74/59
f 60/62/60 49/53/60 61/64/60
f 62/66/61 74/79/61 73/77/61
f 62/66/62 63/65/62 75/78/62
f 64/68/63 76/81/63 75/78/63
f 64/68/64 65/67/64 77/80/64
f 66/69/65 78/83/65 77/80/65
f 66/69/66 67/1365/66 79/82/66
f 68/71/67 80/86/67 79/84/67
f 68/71/68 69/73/68 81/85/68
f 70/75/69 82/88/69 81/85/69
f 70/75/70 71/74/70 83/87/70
f 72/76/71 84/89/71 83/87/71
f 72/76/72 61/64/72 73/77/72
f 74/79/73 86/92/73 85/90/73
f 74/79/74 75/78/74 87/91/74
f 76/81/75 88/93/75 87/91/75
f 77/80/76 89/94/76 88/93/76
f 78/83/77 90/96/77 89/94/77
f 78/83/78 79/82/78 91/95/78
f 80/86/79 92/99/79 91/97/79
f 80/86/80 81/85/80 93/98/80
f 81/85/81 82/88/81 94/100/81
f 82/88/82 83/87/82 95/101/82
f 84/89/83 96/102/83 95/101/83
f 84/89/84 73/77/84 85/90/84
f 85/90/85 86/92/85 98/103/85
f 86/92/86 87/91/86 99/105/86
f 88/93/87 100/107/87 99/105/87
f 88/93/88 89/94/88 101/106/88
f 89/94/89 90/96/89 102/108/89
f 90/96/90 91/95/90 103/109/90
f 92/99/91 104/111/91 103/110/91
f 93/98/92 105/112/92 104/111/92
f 94/100/93 106/114/93 105/112/93
f 94/100/94 95/101/94 107/113/94
f 96/102/95 108/115/95 107/113/95
f 85/90/96 97/104/96 108/115/96
f 97/104/97 98/103/97 110/116/97
f 98/103/98 99/105/98 111/118/98
f 99/105/99 100/107/99 112/119/99
f 101/106/100 113/120/100 112/119/100
f 102/108/101 114/121/101 113/120/101
f 103/109/102 115/1366/102 114/121/102
f 103/110/103 104/111/103 116/122/103
f 104/111/104 105/112/104 117/124/104
f 105/112/105 106/114/105 118/125/105
f 107/113/106 119/126/106 118/125/106
f 108/115/107 120/127/107 119/126/107
f 97/104/108 109/117/108 120/127/108
f 110/116/970 122/129/970 121/128/970
f 111/118/110 123/131/110 122/129/110
f 111/118/111 112/119/111 124/130/111
f 112/119/112 113/120/112 125/132/112
f 114/121/113 126/134/113 125/132/113
f 114/121/971 115/1366/971 127/133/971
f 116/122/115 128/137/115 127/135/115
f 116/122/116 117/124/116 129/136/116
f 118/125/117 130/138/117 129/136/117
f 119/126/118 131/140/118 130/138/118
f 119/126/119 120/127/119 132/139/119
f 120/127/120 109/117/120 121/128/120
f 122/129/121 134/142/121 133/141/121
f 123/131/122 135/143/122 134/142/122
f 124/130/123 136/144/123 135/143/123
f 125/132/124 137/145/124 136/144/124
f 126/134/125 138/146/125 137/145/125
f 127/133/126 139/159/126 138/146/126
f 128/137/127 140/148/127 139/147/127
f 129/136/128 141/150/128 140/148/128
f 129/136/129 130/138/129 142/149/129
f 130/138/130 131/140/130 143/151/130
f 131/140/131 132/139/131 144/152/131
f 132/139/132 121/128/132 133/141/132
f 134/142/133 146/154/133 145/153/133
f 135/143/134 147/155/134 146/154/134
f 136/144/135 148/157/135 147/155/135
f 136/144/136 137/145/136 149/156/136
f 137/145/137 138/146/137 150/158/137
f 139/159/138 151/172/138 150/158/138
f 140/148/290 152/161/290 151/160/290
f 141/150/140 153/162/140 152/161/140
f 142/149/141 154/164/141 153/162/141
f 142/149/142 143/151/142 155/163/142
f 143/151/143 144/152/143 156/165/143
f 133/141/972 145/153/972 156/165/972
f 146/154/145 158/167/145 157/166/145
f 147/155/146 159/168/146 158/167/146
f 148/157/147 160/169/147 159/168/147
f 149/156/148 161/171/148 160/169/148
f 149/156/149 150/158/149 162/170/149
f 151/172/150 163/185/150 162/170/150
f 151/160/151 152/161/151 164/173/151
f 153/162/152 165/176/152 164/173/152
f 153/162/153 154/164/153 166/175/153
f 154/164/154 155/163/154 167/177/154
f 155/163/155 156/165/155 168/178/155
f 156/165/973 145/153/973 157/166/973
f 157/166/157 158/167/157 170/179/157
f 158/167/158 159/168/158 171/181/158
f 159/168/159 160/169/159 172/182/159
f 160/169/160 161/171/160 173/183/160
f 161/171/161 162/170/161 174/184/161
f 163/185/162 175/197/162 174/184/162
f 164/173/163 176/187/163 175/186/163
f 165/176/164 177/188/164 176/187/164
f 166/175/165 178/189/165 177/188/165
f 167/177/166 179/190/166 178/189/166
f 168/178/167 180/191/167 179/190/167
f 157/166/168 169/180/168 180/191/168
f 169/180/169 170/179/169 182/192/169
f 171/181/170 183/194/170 182/192/170
f 172/182/171 184/196/171 183/194/171
f 172/182/172 173/183/172 185/195/172
f 174/184/173 186/198/173 185/195/173
f 175/197/174 187/1367/174 186/198/174
f 175/186/175 176/187/175 188/199/175
f 176/187/176 177/188/176 189/201/176
f 178/189/177 190/203/177 189/201/177
f 178/189/178 179/190/178 191/202/178
f 179/190/179 180/191/179 192/204/179
f 169/180/180 181/193/180 192/204/180
f 181/193/181 182/192/181 194/205/181
f 182/192/182 183/194/182 195/207/182
f 183/194/183 184/196/183 196/208/183
f 184/196/184 185/195/184 197/209/184
f 186/198/185 198/211/185 197/209/185
f 186/198/186 187/1367/186 199/210/186
f 188/199/187 200/213/187 199/212/187
f 189/201/188 201/214/188 200/213/188
f 190/203/189 202/215/189 201/214/189
f 191/202/190 203/216/190 202/215/190
f 192/204/191 204/217/191 203/216/191
f 181/193/192 193/206/192 204/217/192
f 194/205/193 206/219/193 205/218/193
f 195/207/194 207/220/194 206/219/194
f 196/208/195 208/222/195 207/220/195
f 196/208/196 197/209/196 209/221/196
f 198/211/197 210/224/197 209/221/197
f 198/211/198 199/210/198 211/223/198
f 200/213/199 212/227/199 211/225/199
f 200/213/200 201/214/200 213/226/200
f 202/215/201 214/229/201 213/226/201
f 202/215/202 203/216/202 215/228/202
f 203/216/203 204/217/203 216/230/203
f 204/217/204 193/206/204 205/218/204
f 205/218/205 206/219/205 218/231/205
f 206/219/206 207/220/206 219/233/206
f 207/220/207 208/222/207 220/234/207
f 209/221/208 221/235/208 220/234/208
f 210/224/209 222/237/209 221/235/209
f 210/224/210 211/223/210 223/236/210
f 212/227/211 224/240/211 223/238/211
f 212/227/212 213/226/212 225/239/212
f 213/226/213 214/229/213 226/241/213
f 215/228/214 227/242/214 226/241/214
f 216/230/215 228/243/215 227/242/215
f 205/218/216 217/232/216 228/243/216
f 217/232/217 218/231/217 230/244/217
f 219/233/218 231/246/218 230/244/218
f 220/234/219 232/247/219 231/246/219
f 221/235/220 233/249/220 232/247/220
f 221/235/221 222/237/221 234/248/221
f 223/236/222 235/262/222 234/248/222
f 223/238/223 224/240/223 236/250/223
f 225/239/224 237/253/224 236/250/224
f 225/239/225 226/241/225 238/252/225
f 226/241/226 227/242/226 239/254/226
f 227/242/227 228/243/227 240/255/227
f 217/232/228 229/245/228 240/255/228
f 229/245/229 230/244/229 242/256/229
f 230/244/230 231/246/230 243/258/230
f 231/246/231 232/247/231 244/259/231
f 233/249/232 245/261/232 244/259/232
f 233/249/233 234/248/233 246/260/233
f 235/262/234 247/275/234 246/260/234
f 235/251/235 236/250/235 248/263/235
f 237/253/236 249/266/236 248/263/236
f 237/253/237 238/252/237 250/265/237
f 239/254/238 251/267/238 250/265/238
f 240/255/239 252/268/239 251/267/239
f 229/245/240 241/257/240 252/268/240
f 241/257/241 242/256/241 254/269/241
f 243/258/242 255/272/242 254/269/242
f 243/258/243 244/259/243 256/271/243
f 244/259/244 245/261/244 257/273/244
f 245/261/245 246/260/245 258/274/245
f 247/275/246 259/288/246 258/274/246
f 247/264/247 248/263/247 260/276/247
f 249/266/248 261/278/248 260/276/248
f 250/265/249 262/279/249 261/278/249
f 251/267/250 263/281/250 262/279/250
f 251/267/251 252/268/251 264/280/251
f 241/257/252 253/270/252 264/280/252
f 254/269/253 266/284/253 265/282/253
f 254/269/254 255/272/254 267/283/254
f 255/272/255 256/271/255 268/285/255
f 257/273/256 269/287/256 268/285/256
f 257/273/257 258/274/257 270/286/257
f 259/288/258 271/1368/258 270/286/258
f 260/276/259 272/290/259 271/289/259
f 261/278/260 273/292/260 272/290/260
f 261/278/261 262/279/261 274/291/261
f 263/281/262 275/293/262 274/291/262
f 264/280/263 276/294/263 275/293/263
f 264/280/264 253/270/264 265/282/264
f 266/284/265 278/296/265 277/295/265
f 267/283/266 279/297/266 278/296/266
f 268/285/267 280/298/267 279/297/267
f 269/287/268 281/299/268 280/298/268
f 270/286/269 282/301/269 281/299/269
f 270/286/270 271/1368/270 283/300/270
f 272/290/271 284/304/271 283/302/271
f 272/290/272 273/292/272 285/303/272
f 273/292/273 274/291/273 286/305/273
f 274/291/274 275/293/274 287/306/274
f 275/293/275 276/294/275 288/307/275
f 276/294/276 265/282/276 277/295/276
f 277/295/277 278/296/277 290/308/277
f 278/296/278 279/297/278 291/310/278
f 279/297/279 280/298/279 292/311/279
f 280/298/280 281/299/280 293/312/280
f 282/301/281 294/314/281 293/312/281
f 282/301/282 283/300/282 295/313/282
f 284/304/283 296/317/283 295/315/283
f 284/304/284 285/303/284 297/316/284
f 286/305/285 298/318/285 297/316/285
f 287/306/286 299/319/286 298/318/286
f 288/307/287 300/320/287 299/319/287
f 277/295/288 289/309/288 300/320/288
f 290/321/6 302/325/6 301/322/6
f 291/324/5 303/327/5 302/325/5
f 292/326/4 304/329/4 303/327/4
f 293/328/3 305/331/3 304/329/3
f 293/328/2 294/332/2 306/330/2
f 294/332/1 295/1369/1 307/333/1
f 295/334/289 296/338/289 308/335/289
f 297/337/11 309/340/11 308/335/11
f 297/337/10 298/341/10 310/339/10
f 298/341/9 299/343/9 311/342/9
f 299/343/8 300/345/8 312/344/8
f 300/345/7 289/323/7 301/322/7
f 301/322/18 302/325/18 314/346/18
f 302/325/17 303/327/17 315/348/17
f 303/327/16 304/329/16 316/349/16
f 304/329/15 305/331/15 317/350/15
f 305/331/14 306/330/14 318/351/14
f 306/330/13 307/333/13 319/352/13
f 307/336/24 308/335/24 320/353/24
f 309/340/23 321/355/23 320/353/23
f 310/339/22 322/356/22 321/355/22
f 311/342/21 323/357/21 322/356/21
f 312/344/20 324/358/20 323/357/20
f 301/322/19 313/347/19 324/358/19
f 314/346/30 326/361/30 325/359/30
f 314/346/29 315/348/29 327/360/29
f 316/349/28 328/363/28 327/360/28
f 316/349/27 317/350/27 329/362/27
f 318/351/26 330/365/26 329/362/26
f 318/351/25 319/352/25 331/364/25
f 320/353/36 332/368/36 331/366/36
f 320/353/35 321/355/35 333/367/35
f 322/356/34 334/369/34 333/367/34
f 323/357/33 335/370/33 334/369/33
f 324/358/32 336/371/32 335/370/32
f 324/358/31 313/347/31 325/359/31
f 326/361/42 338/373/42 337/372/42
f 327/360/41 339/374/41 338/373/41
f 328/363/40 340/376/40 339/374/40
f 328/363/39 329/362/39 341/375/39
f 329/362/38 330/365/38 342/377/38
f 331/364/37 343/1370/37 342/377/37
f 331/366/48 332/368/48 344/378/48
f 333/367/47 345/380/47 344/378/47
f 334/369/46 346/382/46 345/380/46
f 334/369/45 335/370/45 347/381/45
f 335/370/44 336/371/44 348/383/44
f 336/371/43 325/359/43 337/372/43
f 338/373/54 350/385/54 349/384/54
f 339/374/53 351/386/53 350/385/53
f 340/376/52 352/388/52 351/386/52
f 340/376/51 341/375/51 353/387/51
f 342/377/50 354/390/50 353/387/50
f 342/377/49 343/1370/49 355/389/49
f 344/378/60 356/393/60 355/391/60
f 344/378/59 345/380/59 357/392/59
f 346/382/58 358/395/58 357/392/58
f 346/382/57 347/381/57 359/394/57
f 347/381/56 348/383/56 360/396/56
f 348/383/55 337/372/55 349/384/55
f 350/385/66 362/399/66 361/397/66
f 350/385/65 351/386/65 363/398/65
f 351/386/64 352/388/64 364/400/64
f 353/387/63 365/401/63 364/400/63
f 354/390/62 366/403/62 365/401/62
f 354/390/61 355/389/61 367/402/61
f 356/393/72 368/406/72 367/404/72
f 356/393/71 357/392/71 369/405/71
f 358/395/70 370/407/70 369/405/70
f 359/394/69 371/408/69 370/407/69
f 360/396/68 372/409/68 371/408/68
f 360/396/67 349/384/67 361/397/67
f 361/397/78 362/399/78 374/410/78
f 363/398/77 375/412/77 374/410/77
f 364/400/76 376/414/76 375/412/76
f 364/400/75 365/401/75 377/413/75
f 365/401/74 366/403/74 378/415/74
f 367/402/73 379/428/73 378/415/73
f 367/404/84 368/406/84 380/416/84
f 369/405/83 381/418/83 380/416/83
f 370/407/82 382/420/82 381/418/82
f 370/407/81 371/408/81 383/419/81
f 371/408/80 372/409/80 384/421/80
f 361/397/79 373/411/79 384/421/79
f 373/411/90 374/410/90 386/422/90
f 374/410/89 375/412/89 387/424/89
f 375/412/88 376/414/88 388/425/88
f 376/414/87 377/413/87 389/426/87
f 377/413/86 378/415/86 390/427/86
f 379/428/85 391/440/85 390/427/85
f 379/417/96 380/416/96 392/429/96
f 381/418/95 393/431/95 392/429/95
f 382/420/94 394/432/94 393/431/94
f 383/419/93 395/434/93 394/432/93
f 383/419/92 384/421/92 396/433/92
f 373/411/91 385/423/91 396/433/91
f 386/422/102 398/437/102 397/435/102
f 386/422/101 387/424/101 399/436/101
f 388/425/100 400/438/100 399/436/100
f 389/426/99 401/439/99 400/438/99
f 390/427/98 402/441/98 401/439/98
f 391/440/97 403/1371/97 402/441/97
f 391/430/108 392/429/108 404/442/108
f 393/431/107 405/445/107 404/442/107
f 393/431/106 394/432/106 406/444/106
f 394/432/105 395/434/105 407/446/105
f 396/433/104 408/447/104 407/446/104
f 396/433/103 385/423/103 397/435/103
f 398/437/114 410/449/114 409/448/114
f 399/436/113 411/451/113 410/449/113
f 399/436/112 400/438/112 412/450/112
f 401/439/111 413/452/111 412/450/111
f 402/441/110 414/454/110 413/452/110
f 402/441/970 403/1371/970 415/453/970
f 404/442/120 416/457/120 415/455/120
f 404/442/119 405/445/119 417/456/119
f 406/444/118 418/458/118 417/456/118
f 407/446/117 419/460/117 418/458/117
f 407/446/116 408/447/116 420/459/116
f 397/435/115 409/448/115 420/459/115
f 409/448/126 410/449/126 422/461/126
f 410/449/125 411/451/125 423/463/125
f 412/450/124 424/464/124 423/463/124
f 413/452/123 425/465/123 424/464/123
f 414/454/122 426/466/122 425/465/122
f 415/453/121 427/478/121 426/466/121
f 415/455/132 416/457/132 428/467/132
f 416/457/131 417/456/131 429/469/131
f 417/456/130 418/458/130 430/470/130
f 418/458/129 419/460/129 431/471/129
f 420/459/128 432/472/128 431/471/128
f 409/448/127 421/462/127 432/472/127
f 422/461/138 434/474/138 433/473/138
f 423/463/137 435/476/137 434/474/137
f 423/463/136 424/464/136 436/475/136
f 424/464/135 425/465/135 437/477/135
f 426/466/134 438/479/134 437/477/134
f 427/478/133 439/1372/133 438/479/133
f 428/467/144 440/481/144 439/480/144
f 429/469/143 441/482/143 440/481/143
f 430/470/142 442/483/142 441/482/142
f 431/471/141 443/485/141 442/483/141
f 431/471/140 432/472/140 444/484/140
f 432/472/139 421/462/139 433/473/139
f 433/473/150 434/474/150 446/486/150
f 434/474/149 435/476/149 447/488/149
f 435/476/148 436/475/148 448/489/148
f 437/477/147 449/490/147 448/489/147
f 438/479/146 450/492/146 449/490/146
f 438/479/145 439/1372/145 451/491/145
f 440/481/156 452/495/156 451/493/156
f 440/481/155 441/482/155 453/494/155
f 441/482/154 442/483/154 454/496/154
f 443/485/153 455/497/153 454/496/153
f 444/484/152 456/498/152 455/497/152
f 433/473/151 445/487/151 456/498/151
f 445/487/162 446/486/162 458/499/162
f 447/488/161 459/501/161 458/499/161
f 448/489/160 460/502/160 459/501/160
f 449/490/159 461/504/159 460/502/159
f 449/490/158 450/492/158 462/503/158
f 450/492/157 451/491/157 463/505/157
f 452/495/168 464/507/168 463/506/168
f 453/494/167 465/509/167 464/507/167
f 453/494/166 454/496/166 466/508/166
f 454/496/165 455/497/165 467/510/165
f 455/497/164 456/498/164 468/511/164
f 445/487/163 457/500/163 468/511/163
f 457/500/174 458/499/174 470/512/174
f 458/499/173 459/501/173 471/514/173
f 460/502/172 472/516/172 471/514/172
f 460/502/171 461/504/171 473/515/171
f 461/504/170 462/503/170 474/517/170
f 463/505/169 475/1373/169 474/517/169
f 463/506/180 464/507/180 476/518/180
f 465/509/179 477/520/179 476/518/179
f 466/508/178 478/522/178 477/520/178
f 466/508/177 467/510/177 479/521/177
f 468/511/176 480/523/176 479/521/176
f 457/500/175 469/513/175 480/523/175
f 470/512/186 482/525/186 481/524/186
f 471/514/185 483/526/185 482/525/185
f 472/516/184 484/528/184 483/526/184
f 472/516/183 473/515/183 485/527/183
f 473/515/182 474/517/182 486/529/182
f 474/517/181 475/1373/181 487/530/181
f 476/518/192 488/532/192 487/531/192
f 477/520/191 489/533/191 488/532/191
f 478/522/190 490/535/190 489/533/190
f 478/522/189 479/521/189 491/534/189
f 479/521/188 480/523/188 492/536/188
f 480/523/187 469/513/187 481/524/187
f 481/524/198 482/525/198 494/537/198
f 483/526/197 495/539/197 494/537/197
f 484/528/196 496/540/196 495/539/196
f 485/527/195 497/541/195 496/540/195
f 486/529/194 498/542/194 497/541/194
f 487/530/193 499/1374/193 498/542/193
f 487/531/204 488/532/204 500/543/204
f 488/532/203 489/533/203 501/545/203
f 489/533/202 490/535/202 502/546/202
f 490/535/201 491/534/201 503/547/201
f 492/536/200 504/548/200 503/547/200
f 481/524/199 493/538/199 504/548/199
f 493/538/210 494/537/210 506/549/210
f 494/537/209 495/539/209 507/551/209
f 495/539/208 496/540/208 508/552/208
f 496/540/207 497/541/207 509/553/207
f 497/541/206 498/542/206 510/554/206
f 498/542/205 499/1374/205 511/555/205
f 500/543/216 512/557/216 511/556/216
f 501/545/215 513/558/215 512/557/215
f 502/546/214 514/559/214 513/558/214
f 503/547/213 515/560/213 514/559/213
f 504/548/212 516/561/212 515/560/212
f 493/538/211 505/550/211 516/561/211
f 505/550/222 506/549/222 518/562/222
f 507/551/221 519/564/221 518/562/221
f 508/552/220 520/565/220 519/564/220
f 509/553/219 521/567/219 520/565/219
f 509/553/218 510/554/218 522/566/218
f 511/555/217 523/1375/217 522/566/217
f 511/556/228 512/557/228 524/568/228
f 512/557/227 513/558/227 525/570/227
f 513/558/226 514/559/226 526/571/226
f 514/559/225 515/560/225 527/572/225
f 515/560/224 516/561/224 528/573/224
f 505/550/223 517/563/223 528/573/223
f 517/563/234 518/562/234 530/574/234
f 519/564/233 531/577/233 530/574/233
f 519/564/232 520/565/232 532/576/232
f 521/567/231 533/578/231 532/576/231
f 522/566/230 534/580/230 533/578/230
f 522/566/229 523/1375/229 535/579/229
f 524/568/240 536/583/240 535/581/240
f 524/568/239 525/570/239 537/582/239
f 525/570/238 526/571/238 538/584/238
f 527/572/237 539/586/237 538/584/237
f 527/572/236 528/573/236 540/585/236
f 517/563/235 529/575/235 540/585/235
f 529/575/246 530/574/246 542/587/246
f 530/574/245 531/577/245 543/589/245
f 531/577/244 532/576/244 544/590/244
f 532/576/243 533/578/243 545/591/243
f 534/580/242 546/593/242 545/591/242
f 534/580/241 535/579/241 547/592/241
f 536/583/252 548/596/252 547/594/252
f 536/583/251 537/582/251 549/595/251
f 538/584/250 550/597/250 549/595/250
f 539/586/249 551/598/249 550/597/249
f 540/585/248 552/599/248 551/598/248
f 529/575/247 541/588/247 552/599/247
f 542/587/258 554/601/258 553/600/258
f 543/589/257 555/602/257 554/601/257
f 544/590/256 556/603/256 555/602/256
f 545/591/255 557/604/255 556/603/255
f 546/593/254 558/606/254 557/604/254
f 546/593/253 547/592/253 559/605/253
f 548/596/264 560/609/264 559/607/264
f 548/596/263 549/595/263 561/608/263
f 549/595/262 550/597/262 562/610/262
f 550/597/261 551/598/261 563/611/261
f 551/598/260 552/599/260 564/612/260
f 552/599/259 541/588/259 553/600/259
f 554/601/270 566/615/270 565/613/270
f 554/601/269 555/602/269 567/614/269
f 555/602/268 556/603/268 568/616/268
f 556/603/267 557/604/267 569/617/267
f 557/604/266 558/606/266 570/618/266
f 558/606/265 559/605/265 571/619/265
f 560/609/276 572/621/276 571/620/276
f 561/608/275 573/622/275 572/621/275
f 562/610/274 574/623/274 573/622/274
f 563/611/273 575/624/273 574/623/273
f 564/612/272 576/625/272 575/624/272
f 564/612/271 553/600/271 565/613/271
f 566/615/282 2/4/282 1/1/282
f 567/614/281 3/6/281 2/4/281
f 568/616/280 4/8/280 3/6/280
f 569/617/279 5/11/279 4/8/279
f 570/618/278 6/10/278 5/11/278
f 571/619/277 7/1364/277 6/10/277
f 571/620/288 572/621/288 8/14/288
f 573/622/287 9/17/287 8/14/287
f 574/623/286 10/19/286 9/17/286
f 574/623/285 575/624/285 11/21/285
f 575/624/284 576/625/284 12/23/284
f 576/625/283 565/613/283 1/1/283
f 613/691/325 578/627/325 609/626/325
f 610/692/326 609/626/326 608/688/326
f 614/694/327 613/691/327 610/692/327
f 611/695/328 610/692/328 612/693/328
f 613/691/329 615/697/329 579/629/329
f 614/694/330 616/698/330 615/697/330
f 615/697/331 617/699/331 580/631/331
f 616/698/332 618/700/332 617/699/332
f 617/699/333 619/701/333 581/633/333
f 618/700/334 620/702/334 619/701/334
f 619/701/335 621/703/335 582/635/335
f 620/702/336 622/704/336 621/703/336
f 621/703/337 623/705/337 583/637/337
f 622/704/338 624/706/338 623/705/338
f 623/705/339 625/707/339 584/639/339
f 624/706/340 626/708/340 625/707/340
f 625/707/341 627/709/341 585/641/341
f 626/708/974 628/710/974 627/709/974
f 627/709/975 629/711/975 586/643/975
f 628/710/976 630/714/976 629/711/976
f 631/712/977 587/645/977 586/643/977
f 632/713/978 631/712/978 629/711/978
f 633/715/347 588/647/347 587/645/347
f 634/716/348 633/715/348 631/712/348
f 635/717/349 589/649/349 588/647/349
f 636/718/350 635/717/350 633/715/350
f 637/719/351 590/651/351 589/649/351
f 638/720/352 637/719/352 635/717/352
f 639/721/353 591/653/353 590/651/353
f 640/722/354 639/721/354 637/719/354
f 641/723/355 592/655/355 591/653/355
f 642/724/356 641/723/356 639/721/356
f 643/725/357 593/657/357 592/655/357
f 644/726/358 643/725/358 641/723/358
f 645/727/359 594/659/359 593/657/359
f 646/728/360 645/727/360 643/725/360
f 645/727/361 647/729/361 595/661/361
f 646/728/362 648/730/362 647/729/362
f 647/729/363 649/731/363 596/663/363
f 648/730/364 650/732/364 649/731/364
f 649/731/365 651/733/365 597/665/365
f 650/732/366 652/734/366 651/733/366
f 651/733/367 653/735/367 598/667/367
f 652/734/368 654/736/368 653/735/368
f 653/735/369 655/737/369 599/669/369
f 654/736/370 656/738/370 655/737/370
f 655/737/371 657/739/371 600/671/371
f 656/738/372 658/740/372 657/739/372
f 657/739/373 659/741/373 601/673/373
f 658/740/374 660/742/374 659/741/374
f 659/741/979 661/743/979 602/675/979
f 660/742/980 662/810/980 661/743/980
f 663/744/981 603/678/981 602/677/981
f 664/746/982 663/744/982 661/745/982
f 665/748/379 604/680/379 603/678/379
f 666/749/380 665/748/380 663/744/380
f 667/750/381 605/682/381 604/680/381
f 668/751/382 667/750/382 665/748/382
f 669/752/383 606/684/383 605/682/383
f 670/753/384 669/752/384 667/750/384
f 671/754/983 607/686/983 606/684/983
f 672/755/386 671/754/386 669/752/386
f 612/693/387 608/688/387 607/686/387
f 674/696/388 612/693/388 671/754/388
f 675/756/389 674/696/389 672/755/389
f 673/757/390 672/755/390 670/753/390
f 677/759/391 611/695/391 674/696/391
f 678/760/392 677/759/392 675/756/392
f 676/761/393 675/756/393 673/757/393
f 679/763/394 614/694/394 611/695/394
f 680/764/395 679/763/395 677/759/395
f 679/763/396 681/765/396 616/698/396
f 680/764/397 682/766/397 681/765/397
f 681/765/398 683/767/398 618/700/398
f 682/766/399 684/768/399 683/767/399
f 683/767/400 685/769/400 620/702/400
f 684/768/401 686/770/401 685/769/401
f 685/769/402 687/771/402 622/704/402
f 686/770/403 688/772/403 687/771/403
f 687/771/404 689/773/404 624/706/404
f 688/772/405 690/774/405 689/773/405
f 689/773/406 691/775/406 626/708/406
f 690/774/407 692/776/407 691/775/407
f 691/775/408 693/777/408 628/710/408
f 692/776/409 694/778/409 693/777/409
f 693/777/984 695/779/984 630/714/984
f 694/778/985 696/782/985 695/779/985
f 697/780/986 632/713/986 630/714/986
f 698/781/987 697/780/987 695/779/987
f 699/783/414 634/716/414 632/713/414
f 700/784/415 699/783/415 697/780/415
f 701/785/416 636/718/416 634/716/416
f 702/786/417 701/785/417 699/783/417
f 703/787/418 638/720/418 636/718/418
f 704/788/419 703/787/419 701/785/419
f 705/789/420 640/722/420 638/720/420
f 706/790/421 705/789/421 703/787/421
f 707/791/422 642/724/422 640/722/422
f 708/792/423 707/791/423 705/789/423
f 709/793/424 644/726/424 642/724/424
f 710/794/425 709/793/425 707/791/425
f 711/795/426 646/728/426 644/726/426
f 712/796/427 711/795/427 709/793/427
f 711/795/428 713/797/428 648/730/428
f 712/796/429 714/798/429 713/797/429
f 713/797/430 715/799/430 650/732/430
f 714/798/431 716/800/431 715/799/431
f 715/799/432 717/801/432 652/734/432
f 716/800/433 718/802/433 717/801/433
f 717/801/434 719/803/434 654/736/434
f 718/802/435 720/804/435 719/803/435
f 719/803/436 721/805/436 656/738/436
f 720/804/437 722/806/437 721/805/437
f 721/805/438 723/807/438 658/740/438
f 722/806/439 724/808/439 723/807/439
f 723/807/440 725/809/440 660/742/440
f 724/808/441 726/811/441 725/809/441
f 725/809/988 727/812/988 662/810/988
f 726/811/989 728/878/989 727/812/989
f 729/813/990 664/746/990 662/747/990
f 730/815/991 729/813/991 727/814/991
f 731/817/446 666/749/446 664/746/446
f 732/818/447 731/817/447 729/813/447
f 733/819/448 668/751/448 666/749/448
f 734/820/449 733/819/449 731/817/449
f 735/758/450 670/753/450 668/751/450
f 736/821/451 735/758/451 733/819/451
f 738/762/452 673/757/452 735/758/452
f 739/822/453 738/762/453 736/821/453
f 737/823/454 736/821/454 734/820/454
f 741/825/455 676/761/455 738/762/455
f 742/826/456 741/825/456 739/822/456
f 740/827/457 739/822/457 737/823/457
f 743/829/458 678/760/458 676/761/458
f 744/830/459 743/829/459 741/825/459
f 745/831/460 680/764/460 678/760/460
f 746/832/461 745/831/461 743/829/461
f 745/831/462 747/833/462 682/766/462
f 746/832/463 748/834/463 747/833/463
f 747/833/464 749/835/464 684/768/464
f 748/834/465 750/836/465 749/835/465
f 749/835/466 751/837/466 686/770/466
f 750/836/467 752/838/467 751/837/467
f 751/837/468 753/839/468 688/772/468
f 752/838/469 754/840/469 753/839/469
f 753/839/470 755/841/470 690/774/470
f 754/840/992 756/842/992 755/841/992
f 755/841/472 757/843/472 692/776/472
f 756/842/473 758/844/473 757/843/473
f 757/843/474 759/845/474 694/778/474
f 758/844/475 760/846/475 759/845/475
f 759/845/993 761/847/993 696/782/993
f 760/846/994 762/850/994 761/847/994
f 763/848/995 698/781/995 696/782/995
f 764/849/996 763/848/996 761/847/996
f 765/851/480 700/784/480 698/781/480
f 766/852/481 765/851/481 763/848/481
f 767/853/482 702/786/482 700/784/482
f 768/854/483 767/853/483 765/851/483
f 769/855/484 704/788/484 702/786/484
f 770/856/485 769/855/485 767/853/485
f 771/857/486 706/790/486 704/788/486
f 772/858/487 771/857/487 769/855/487
f 773/859/488 708/792/488 706/790/488
f 774/860/489 773/859/489 771/857/489
f 775/861/490 710/794/490 708/792/490
f 776/862/491 775/861/491 773/859/491
f 777/863/492 712/796/492 710/794/492
f 778/864/493 777/863/493 775/861/493
f 777/863/494 779/865/494 714/798/494
f 778/864/495 780/866/495 779/865/495
f 779/865/496 781/867/496 716/800/496
f 780/866/497 782/868/497 781/867/497
f 781/867/498 783/869/498 718/802/498
f 782/868/499 784/870/499 783/869/499
f 783/869/500 785/871/500 720/804/500
f 784/870/501 786/872/501 785/871/501
f 785/871/502 787/873/502 722/806/502
f 786/872/503 788/874/503 787/873/503
f 787/873/504 789/875/504 724/808/504
f 788/874/505 790/876/505 789/875/505
f 789/875/506 791/877/506 726/811/506
f 790/876/507 792/879/507 791/877/507
f 791/877/997 793/880/997 728/878/997
f 792/879/998 794/947/998 793/880/998
f 795/881/999 730/815/999 728/816/999
f 796/883/1000 795/881/1000 793/882/1000
f 797/885/512 732/818/512 730/815/512
f 798/886/513 797/885/513 795/881/513
f 799/824/514 734/820/514 732/818/514
f 800/887/515 799/824/515 797/885/515
f 802/828/1001 737/823/1001 799/824/1001
f 803/888/517 802/828/517 800/887/517
f 801/889/518 800/887/518 798/886/518
f 805/891/519 740/827/519 802/828/519
f 804/892/520 806/895/520 805/891/520
f 866/893/521 804/892/521 803/888/521
f 807/894/522 742/826/522 740/827/522
f 806/895/523 808/897/523 807/894/523
f 809/896/524 744/830/524 742/826/524
f 808/897/525 810/899/525 809/896/525
f 811/898/526 746/832/526 744/830/526
f 810/899/527 812/901/527 811/898/527
f 811/898/528 813/902/528 748/834/528
f 814/900/529 813/902/529 811/898/529
f 813/902/530 815/904/530 750/836/530
f 816/903/531 815/904/531 813/902/531
f 815/904/532 817/906/532 752/838/532
f 818/905/533 817/906/533 815/904/533
f 817/906/534 819/908/534 754/840/534
f 820/907/535 819/908/535 817/906/535
f 819/908/536 821/910/536 756/842/536
f 822/909/537 821/910/537 819/908/537
f 821/910/538 823/912/538 758/844/538
f 824/911/539 823/912/539 821/910/539
f 823/912/540 825/914/540 760/846/540
f 826/913/541 825/914/541 823/912/541
f 825/914/1002 827/917/1002 762/850/1002
f 828/915/1003 827/917/1003 825/914/1003
f 829/916/1004 764/849/1004 762/850/1004
f 828/915/1005 830/919/1005 829/916/1005
f 831/918/546 766/852/546 764/849/546
f 830/919/547 832/921/547 831/918/547
f 833/920/548 768/854/548 766/852/548
f 832/921/549 834/923/549 833/920/549
f 835/922/550 770/856/550 768/854/550
f 834/923/551 836/925/551 835/922/551
f 837/924/552 772/858/552 770/856/552
f 836/925/553 838/927/553 837/924/553
f 839/926/554 774/860/554 772/858/554
f 838/927/555 840/929/555 839/926/555
f 841/928/556 776/862/556 774/860/556
f 840/929/557 842/931/557 841/928/557
f 843/930/558 778/864/558 776/862/558
f 842/931/559 844/933/559 843/930/559
f 843/930/560 845/934/560 780/866/560
f 846/932/561 845/934/561 843/930/561
f 845/934/562 847/936/562 782/868/562
f 848/935/563 847/936/563 845/934/563
f 847/936/564 849/938/564 784/870/564
f 850/937/565 849/938/565 847/936/565
f 849/938/566 851/940/566 786/872/566
f 852/939/567 851/940/567 849/938/567
f 851/940/568 853/942/568 788/874/568
f 854/941/569 853/942/569 851/940/569
f 853/942/570 855/944/570 790/876/570
f 856/943/571 855/944/571 853/942/571
f 855/944/572 857/946/572 792/879/572
f 858/945/573 857/946/573 855/944/573
f 857/946/1006 859/1376/1006 794/947/1006
f 860/948/1007 859/1376/1007 857/946/1007
f 861/949/1008 796/883/1008 794/884/1008
f 860/951/1009 862/952/1009 861/949/1009
f 863/890/578 798/886/578 796/883/578
f 862/952/579 864/953/579 863/890/579
f 864/953/580 866/893/580 801/889/580
f 865/954/581 867/956/581 866/893/581
f 927/955/582 865/954/582 864/953/582
f 867/956/1010 869/958/1010 804/892/1010
f 868/957/584 870/960/584 869/958/584
f 930/959/585 868/957/585 867/956/585
f 869/958/586 871/961/586 806/895/586
f 870/960/587 872/962/587 871/961/587
f 871/961/588 873/963/588 808/897/588
f 872/962/589 874/964/589 873/963/589
f 873/963/590 875/965/590 810/899/590
f 874/964/591 876/966/591 875/965/591
f 875/965/592 877/967/592 812/901/592
f 876/966/593 878/970/593 877/967/593
f 879/968/594 814/900/594 812/901/594
f 880/969/595 879/968/595 877/967/595
f 881/971/596 816/903/596 814/900/596
f 882/972/597 881/971/597 879/968/597
f 883/973/598 818/905/598 816/903/598
f 884/974/599 883/973/599 881/971/599
f 885/975/600 820/907/600 818/905/600
f 886/976/601 885/975/601 883/973/601
f 887/977/1011 822/909/1011 820/907/1011
f 888/978/603 887/977/603 885/975/603
f 889/979/604 824/911/604 822/909/604
f 890/980/605 889/979/605 887/977/605
f 891/981/606 826/913/606 824/911/606
f 892/982/607 891/981/607 889/979/607
f 893/983/1012 828/915/1012 826/913/1012
f 894/984/1013 893/983/1013 891/981/1013
f 893/983/1014 895/985/1014 830/919/1014
f 894/984/1015 896/986/1015 895/985/1015
f 895/985/612 897/987/612 832/921/612
f 896/986/613 898/988/613 897/987/613
f 897/987/614 899/989/614 834/923/614
f 898/988/615 900/990/615 899/989/615
f 899/989/616 901/991/616 836/925/616
f 900/990/617 902/992/617 901/991/617
f 901/991/618 903/993/618 838/927/618
f 902/992/619 904/994/619 903/993/619
f 903/993/620 905/995/620 840/929/620
f 904/994/621 906/996/621 905/995/621
f 905/995/622 907/997/622 842/931/622
f 906/996/623 908/998/623 907/997/623
f 907/997/624 909/999/624 844/933/624
f 908/998/625 910/1002/625 909/999/625
f 911/1000/626 846/932/626 844/933/626
f 912/1001/627 911/1000/627 909/999/627
f 913/1003/628 848/935/628 846/932/628
f 914/1004/629 913/1003/629 911/1000/629
f 915/1005/630 850/937/630 848/935/630
f 916/1006/631 915/1005/631 913/1003/631
f 917/1007/632 852/939/632 850/937/632
f 918/1008/633 917/1007/633 915/1005/633
f 919/1009/634 854/941/634 852/939/634
f 920/1010/635 919/1009/635 917/1007/635
f 921/1011/636 856/943/636 854/941/636
f 922/1012/637 921/1011/637 919/1009/637
f 923/1013/638 858/945/638 856/943/638
f 924/1014/639 923/1013/639 921/1011/639
f 925/1015/1016 860/948/1016 858/945/1016
f 926/1016/1017 925/1015/1017 923/1013/1017
f 925/1017/1018 927/955/1018 862/952/1018
f 926/1018/1019 928/1019/1019 927/955/1019
f 928/1019/644 930/959/644 865/954/644
f 929/1020/645 931/1022/645 930/959/645
f 991/1021/1020 929/1020/1020 928/1019/1020
f 931/1022/647 933/1024/647 868/957/647
f 932/1023/648 934/1026/648 933/1024/648
f 994/1025/649 932/1023/649 931/1022/649
f 933/1024/650 935/1027/650 870/960/650
f 934/1026/651 936/1028/651 935/1027/651
f 935/1027/652 937/1029/652 872/962/652
f 936/1028/653 938/1030/653 937/1029/653
f 937/1029/654 939/1031/654 874/964/654
f 938/1030/655 940/1032/655 939/1031/655
f 939/1031/656 941/1033/656 876/966/656
f 940/1032/657 942/1034/657 941/1033/657
f 941/1033/658 943/1035/658 878/970/658
f 942/1034/659 944/1037/659 943/1035/659
f 946/1036/660 945/1038/660 943/1035/660
f 945/1038/661 880/969/661 878/970/661
f 947/1039/662 882/972/662 880/969/662
f 948/1040/663 947/1039/663 945/1038/663
f 949/1041/664 884/974/664 882/972/664
f 950/1042/665 949/1041/665 947/1039/665
f 951/1043/666 886/976/666 884/974/666
f 952/1044/667 951/1043/667 949/1041/667
f 953/1045/668 888/978/668 886/976/668
f 954/1046/669 953/1045/669 951/1043/669
f 955/1047/670 890/980/670 888/978/670
f 956/1048/671 955/1047/671 953/1045/671
f 957/1049/672 892/982/672 890/980/672
f 958/1050/673 957/1049/673 955/1047/673
f 959/1051/1021 894/984/1021 892/982/1021
f 960/1052/1022 959/1051/1022 957/1049/1022
f 959/1051/1023 961/1053/1023 896/986/1023
f 960/1052/1024 962/1054/1024 961/1053/1024
f 961/1053/678 963/1055/678 898/988/678
f 962/1054/679 964/1056/679 963/1055/679
f 963/1055/680 965/1057/680 900/990/680
f 964/1056/681 966/1058/681 965/1057/681
f 965/1057/682 967/1059/682 902/992/682
f 966/1058/683 968/1060/683 967/1059/683
f 967/1059/684 969/1061/684 904/994/684
f 968/1060/685 970/1062/685 969/1061/685
f 969/1061/686 971/1063/686 906/996/686
f 970/1062/687 972/1064/687 971/1063/687
f 971/1063/688 973/1065/688 908/998/688
f 972/1064/689 974/1066/689 973/1065/689
f 973/1065/690 975/1067/690 910/1002/690
f 974/1066/691 976/1070/691 975/1067/691
f 977/1068/692 912/1001/692 910/1002/692
f 978/1069/693 977/1068/693 975/1067/693
f 979/1071/694 914/1004/694 912/1001/694
f 980/1072/695 979/1071/695 977/1068/695
f 981/1073/696 916/1006/696 914/1004/696
f 982/1074/697 981/1073/697 979/1071/697
f 983/1075/698 918/1008/698 916/1006/698
f 984/1076/699 983/1075/699 981/1073/699
f 985/1077/700 920/1010/700 918/1008/700
f 986/1078/701 985/1077/701 983/1075/701
f 987/1079/702 922/1012/702 920/1010/702
f 988/1080/703 987/1079/703 985/1077/703
f 989/1081/704 924/1014/704 922/1012/704
f 990/1082/705 989/1081/705 987/1079/705
f 991/1083/1025 926/1016/1025 924/1014/1025
f 992/1084/1026 991/1083/1026 989/1081/1026
f 992/1085/1027 994/1025/1027 929/1020/1027
f 993/1086/1028 995/1089/1028 994/1025/1028
f 993/1087/1029 992/1084/1029 990/1082/1029
f 995/1089/711 997/1091/711 932/1023/711
f 996/1090/712 998/1093/712 997/1091/712
f 1057/1092/1030 996/1090/1030 995/1089/1030
f 997/1091/714 999/1094/714 934/1026/714
f 998/1093/715 1000/1095/715 999/1094/715
f 999/1094/716 1001/1096/716 936/1028/716
f 1000/1095/717 1002/1097/717 1001/1096/717
f 1001/1096/718 1003/1098/718 938/1030/718
f 1002/1097/1031 1004/1099/1031 1003/1098/1031
f 1003/1098/720 1005/1100/720 940/1032/720
f 1004/1099/721 1006/1101/721 1005/1100/721
f 1005/1100/722 1007/1102/722 942/1034/722
f 1006/1101/723 1008/1103/723 1007/1102/723
f 1007/1102/724 1009/1104/724 944/1037/724
f 1008/1103/725 1010/1107/725 1009/1104/725
f 1011/1105/726 946/1036/726 944/1037/726
f 1012/1106/727 1011/1105/727 1009/1104/727
f 1013/1108/728 948/1040/728 946/1036/728
f 1014/1109/729 1013/1108/729 1011/1105/729
f 1015/1110/730 950/1042/730 948/1040/730
f 1016/1111/731 1015/1110/731 1013/1108/731
f 1017/1112/732 952/1044/732 950/1042/732
f 1018/1113/733 1017/1112/733 1015/1110/733
f 1019/1114/734 954/1046/734 952/1044/734
f 1020/1115/735 1019/1114/735 1017/1112/735
f 1021/1116/736 956/1048/736 954/1046/736
f 1022/1117/737 1021/1116/737 1019/1114/737
f 1023/1118/1032 958/1050/1032 956/1048/1032
f 1024/1119/739 1023/1118/739 1021/1116/739
f 1025/1120/1033 960/1052/1033 958/1050/1033
f 1026/1121/1034 1025/1120/1034 1023/1118/1034
f 1025/1120/1035 1027/1122/1035 962/1054/1035
f 1026/1121/1036 1028/1123/1036 1027/1122/1036
f 1027/1122/744 1029/1124/744 964/1056/744
f 1028/1123/745 1030/1125/745 1029/1124/745
f 1029/1124/746 1031/1126/746 966/1058/746
f 1030/1125/747 1032/1127/747 1031/1126/747
f 1031/1126/748 1033/1128/748 968/1060/748
f 1032/1127/749 1034/1129/749 1033/1128/749
f 1033/1128/750 1035/1130/750 970/1062/750
f 1034/1129/751 1036/1131/751 1035/1130/751
f 1035/1130/752 1037/1132/752 972/1064/752
f 1036/1131/753 1038/1133/753 1037/1132/753
f 1037/1132/754 1039/1134/754 974/1066/754
f 1038/1133/755 1040/1135/755 1039/1134/755
f 1039/1134/756 1041/1136/756 976/1070/756
f 1040/1135/757 1042/1139/757 1041/1136/757
f 1043/1137/758 978/1069/758 976/1070/758
f 1044/1138/759 1043/1137/759 1041/1136/759
f 1045/1140/760 980/1072/760 978/1069/760
f 1046/1141/761 1045/1140/761 1043/1137/761
f 1047/1142/762 982/1074/762 980/1072/762
f 1048/1143/763 1047/1142/763 1045/1140/763
f 1049/1144/764 984/1076/764 982/1074/764
f 1050/1145/765 1049/1144/765 1047/1142/765
f 1051/1146/766 986/1078/766 984/1076/766
f 1052/1147/767 1051/1146/767 1049/1144/767
f 1053/1148/768 988/1080/768 986/1078/768
f 1054/1149/769 1053/1148/769 1051/1146/769
f 1055/1088/770 990/1082/770 988/1080/770
f 1056/1150/771 1055/1088/771 1053/1148/771
f 1057/1151/1037 993/1087/1037 1055/1088/1037
f 1060/1186/805 1059/1377/805 1064/1378/805
f 1059/1377/805 1062/1379/805 1064/1378/805
f 1062/1379/1038 1063/1380/1038 1064/1378/1038
f 1064/1378/805 1065/1381/805 1066/1382/805
f 1066/1382/805 1067/1383/805 1068/1384/805
f 1068/1384/805 1069/1385/805 1072/1386/805
f 1069/1385/805 1070/1387/805 1072/1386/805
f 1070/1387/805 1071/1388/805 1072/1386/805
f 1072/1386/805 1073/1389/805 1074/1390/805
f 1074/1390/1039 1075/1391/1039 1076/1184/1039
f 1076/1184/805 1077/1392/805 1078/1393/805
f 1078/1393/1039 1079/1394/1039 1080/1395/1039
f 1080/1395/805 1081/1396/805 1082/1397/805
f 1082/1397/805 1083/1398/805 1084/1185/805
f 1084/1185/805 1085/1399/805 1086/1400/805
f 1086/1400/805 1087/1401/805 1088/1402/805
f 1088/1402/805 1089/1403/805 1090/1404/805
f 1090/1404/805 1091/1405/805 1088/1402/805
f 1091/1405/805 1060/1186/805 1088/1402/805
f 1064/1378/805 1066/1382/805 1060/1186/805
f 1066/1382/805 1068/1384/805 1060/1186/805
f 1072/1386/805 1074/1390/805 1076/1184/805
f 1076/1184/805 1078/1393/805 1080/1395/805
f 1080/1395/805 1082/1397/805 1076/1184/805
f 1082/1397/805 1084/1185/805 1076/1184/805
f 1084/1185/805 1086/1400/805 1088/1402/805
f 1068/1384/805 1072/1386/805 1076/1184/805
f 1084/1185/805 1088/1402/805 1060/1186/805
f 1060/1186/805 1068/1384/805 1076/1184/805
f 1093/1220/838 1092/1406/838 1097/1407/838
f 1092/1406/838 1095/1408/838 1097/1407/838
f 1095/1408/838 1096/1409/838 1097/1407/838
f 1097/1407/838 1098/1410/838 1101/1221/838
f 1098/1410/838 1099/1411/838 1101/1221/838
f 1099/1411/838 1100/1412/838 1101/1221/838
f 1101/1221/838 1102/1413/838 1103/1414/838
f 1103/1414/838 1104/1415/838 1105/1416/838
f 1105/1416/838 1106/1417/838 1109/1222/838
f 1106/1417/838 1107/1418/838 1109/1222/838
f 1107/1418/838 1108/1419/838 1109/1222/838
f 1109/1222/838 1110/1420/838 1113/1421/838
f 1110/1420/838 1111/1422/838 1113/1421/838
f 1111/1422/1040 1112/1423/1040 1113/1421/1040
f 1113/1421/838 1114/1424/838 1117/1425/838
f 1114/1424/838 1115/1426/838 1117/1425/838
f 1115/1426/838 1116/1427/838 1117/1425/838
f 1117/1425/838 1118/1428/838 1121/1429/838
f 1118/1428/838 1119/1430/838 1121/1429/838
f 1119/1430/838 1120/1431/838 1121/1429/838
f 1121/1429/1041 1122/1432/1041 1123/1433/1041
f 1123/1433/838 1124/1434/838 1121/1429/838
f 1124/1434/838 1093/1220/838 1121/1429/838
f 1101/1221/838 1103/1414/838 1109/1222/838
f 1103/1414/838 1105/1416/838 1109/1222/838
f 1093/1220/838 1097/1407/838 1101/1221/838
f 1109/1222/838 1113/1421/838 1093/1220/838
f 1113/1421/838 1117/1425/838 1093/1220/838
f 1117/1425/838 1121/1429/838 1093/1220/838
f 1126/1256/871 1125/1435/871 1130/1436/871
f 1125/1435/871 1128/1437/871 1130/1436/871
f 1128/1437/871 1129/1438/871 1130/1436/871
f 1130/1436/1042 1131/1439/1042 1132/1440/1042
f 1132/1440/871 1133/1441/871 1134/1257/871
f 1134/1257/871 1135/1442/871 1136/1443/871
f 1136/1443/871 1137/1444/871 1138/1445/871
f 1138/1445/871 1139/1446/871 1142/1258/871
f 1139/1446/871 1140/1447/871 1142/1258/871
f 1140/1447/1043 1141/1448/1043 1142/1258/1043
f 1142/1258/1043 1143/1449/1043 1144/1450/1043
f 1144/1450/1042 1145/1451/1042 1142/1258/1042
f 1145/1451/871 1146/1452/871 1142/1258/871
f 1146/1452/871 1147/1453/871 1150/1454/871
f 1147/1453/871 1148/1455/871 1150/1454/871
f 1148/1455/871 1149/1456/871 1150/1454/871
f 1150/1454/871 1151/1457/871 1152/1458/871
f 1152/1458/871 1153/1459/871 1154/1460/871
f 1154/1460/871 1155/1461/871 1156/1462/871
f 1156/1462/871 1157/1463/871 1154/1460/871
f 1157/1463/871 1126/1256/871 1154/1460/871
f 1130/1436/871 1132/1440/871 1126/1256/871
f 1132/1440/871 1134/1257/871 1126/1256/871
f 1134/1257/871 1136/1443/871 1138/1445/871
f 1150/1454/871 1152/1458/871 1126/1256/871
f 1152/1458/871 1154/1460/871 1126/1256/871
f 1134/1257/871 1138/1445/871 1142/1258/871
f 1142/1258/871 1146/1452/871 1126/1256/871
f 1146/1452/871 1150/1454/871 1126/1256/871
f 1159/1294/1044 1158/1464/1044 1161/1465/1044
f 1161/1465/1044 1162/1466/1044 1163/1467/1044
f 1163/1467/904 1164/1468/904 1167/1469/904
f 1164/1468/904 1165/1470/904 1167/1469/904
f 1165/1470/904 1166/1471/904 1167/1469/904
f 1167/1469/904 1168/1472/904 1171/1473/904
f 1168/1472/904 1169/1474/904 1171/1473/904
f 1169/1474/904 1170/1475/904 1171/1473/904
f 1171/1473/904 1172/1476/904 1173/1477/904
f 1173/1477/904 1174/1478/904 1171/1473/904
f 1174/1478/904 1175/1479/904 1171/1473/904
f 1175/1479/904 1176/1480/904 1179/1292/904
f 1176/1480/1044 1177/1481/1044 1179/1292/1044
f 1177/1481/1045 1178/1482/1045 1179/1292/1045
f 1179/1292/904 1180/1483/904 1181/1484/904
f 1181/1484/904 1182/1485/904 1183/1293/904
f 1183/1293/904 1184/1486/904 1185/1487/904
f 1185/1487/904 1186/1488/904 1187/1489/904
f 1187/1489/904 1188/1490/904 1159/1294/904
f 1188/1490/1045 1189/1491/1045 1159/1294/1045
f 1189/1491/1044 1190/1492/1044 1159/1294/1044
f 1159/1294/904 1161/1465/904 1167/1469/904
f 1161/1465/904 1163/1467/904 1167/1469/904
f 1179/1292/904 1181/1484/904 1183/1293/904
f 1183/1293/904 1185/1487/904 1159/1294/904
f 1185/1487/904 1187/1489/904 1159/1294/904
f 1167/1469/904 1171/1473/904 1159/1294/904
f 1171/1473/904 1175/1479/904 1159/1294/904
f 1175/1479/904 1179/1292/904 1159/1294/904
f 1192/1330/1046 1191/1493/1046 1194/1494/1046
f 1194/1494/1046 1195/1495/1046 1196/1496/1046
f 1196/1496/937 1197/1497/937 1198/1498/937
f 1198/1498/1046 1199/1499/1046 1200/1500/1046
f 1200/1500/1046 1201/1501/1046 1202/1502/1046
f 1202/1502/1046 1203/1503/1046 1200/1500/1046
f 1203/1503/937 1204/1504/937 1200/1500/937
f 1204/1504/1046 1205/1505/1046 1208/1328/1046
f 1205/1505/937 1206/1506/937 1208/1328/937
f 1206/1506/1046 1207/1507/1046 1208/1328/1046
f 1208/1328/937 1209/1508/937 1212/1509/937
f 1209/1508/937 1210/1510/937 1212/1509/937
f 1210/1510/1046 1211/1511/1046 1212/1509/1046
f 1212/1509/1046 1213/1512/1046 1216/1329/1046
f 1213/1512/1046 1214/1513/1046 1216/1329/1046
f 1214/1513/937 1215/1514/937 1216/1329/937
f 1216/1329/1046 1217/1515/1046 1218/1516/1046
f 1218/1516/1046 1219/1517/1046 1220/1518/1046
f 1220/1518/937 1221/1519/937 1222/1520/937
f 1222/1520/1046 1223/1521/1046 1192/1330/1046
f 1192/1330/1046 1194/1494/1046 1196/1496/1046
f 1196/1496/937 1198/1498/937 1200/1500/937
f 1216/1329/937 1218/1516/937 1220/1518/937
f 1220/1518/1046 1222/1520/1046 1192/1330/1046
f 1192/1330/937 1196/1496/937 1200/1500/937
f 1200/1500/937 1204/1504/937 1208/1328/937
f 1208/1328/1046 1212/1509/1046 1216/1329/1046
f 1216/1329/937 1220/1518/937 1192/1330/937
f 1192/1330/1046 1200/1500/1046 1208/1328/1046
